Ko,h,eps2,eps3,chern
1.4634473877169514,0.9481250898766822,0.02448474813299728,0.14665574560149308,0
2.142312364249116,1.1314388163922295,0.05447089856399118,0.7377321902968631,0
1.6007736824113836,1.8131363133536702,1.0389687419932936,1.0344061250696168,0
1.768802072400486,-4.93604200913926,0.8341623866768489,1.1491729722600763,0
0.020897822070705785,-0.1846416405688327,0.2324901264883008,0.4852853493140984,0
1.115275569469814,0.9764308029049875,0.13434403303742232,0.9495725606683934,0
1.1312959785901722,1.549068975741001,0.304173871143539,0.17851569281318325,0
0.8397184130790749,-3.0070135686167268,0.10971898328401963,0.7688299682348019,0
2.544847200960771,4.573004707136498,0.9975243857312404,0.13276693292721942,0
0.20528701740789868,-3.964064889340131,0.8011115087338259,0.6923752812636003,0
2.882425003989935,2.9740771375130484,0.2317790882879323,1.1147686154382213,0
0.4781865612342201,0.0803135423597876,1.2990680408080812,0.8452737736659679,0
0.35110008108929025,-3.2948437187279622,1.4664631054091528,1.190862310028279,0
2.621872534295417,-3.4683552216928257,0.34098578597206575,0.2012487114317324,0
1.1107665389715113,-3.145745307263914,0.1672443637592571,0.6440541898697556,0
0.2714607700022874,-1.8265995199357796,1.3923704632352214,0.735987974504025,0
0.2626938822878192,4.228843741854675,0.9434620021905981,0.5230254379895312,0
2.8632148334327505,-3.883717996912721,0.8421667588335221,0.45486964072666525,0
1.1657000442013312,-2.6153913020322794,1.3139890174755662,0.5784756327427314,0
1.0147820881048437,-1.7015024073122778,1.4574163207536146,0.4520603521336563,0
0.09648519722908933,-2.955741503147775,1.0637242422711202,0.5137324366409023,0
1.923671770041601,-0.9350500028614048,0.09462309070178754,0.1057885429309477,0
1.5623573536787596,-2.2280632996555716,0.6359751041620803,1.321086809683113,0
0.3513206324215622,3.17471315716419,1.093064189910875,1.3517000293956958,0
2.7097977703148577,-0.1449015497549997,1.1882090805323196,1.3566127930146883,0
1.66466996517181,3.8426293264114957,0.478947798820514,0.3317373756128729,0
0.9205183879295026,-0.7464008285669479,0.10753476216454655,1.4723875123058048,0
2.9015634641704193,-1.4155356418429776,1.1870392771606588,0.45796912092411657,0
1.3984871443212064,2.7991521594177016,0.6104116714275758,1.393676325067087,0
0.1322899771724172,4.243100556063768,1.4273252497630724,0.6657627726892674,0
2.004392198024197,3.1735963302842247,0.873940076149182,0.41306886328094555,0
2.3966203269018953,0.28100830681855005,1.131040980898176,1.078583953328145,0
0.8166248120740037,-2.719702795478317,0.18270285987765789,0.5342166598971746,0
0.483653450818862,0.5069525847063545,0.45259557441101916,0.2849898626699337,0
1.100068419165093,2.791259899571884,1.4539054358634709,0.34063528757020134,0
0.9008828043085739,1.6572910056505252,0.9147438267121872,1.229197087727875,0
2.0391558913591377,3.363610954900661,0.18013962469551859,0.5281277280583355,0
1.2133048670286715,2.475809477823799,1.459269088035235,0.9409786717279993,0
2.662316280932819,-2.3614309685630164,0.12397080016411677,1.150459485889711,1
1.406537170538285,3.4483602745438553,0.856849452627345,0.5336718513378642,0
0.05355884430966806,1.4178534866465053,0.3596283968913249,0.20795271822323824,0
2.991955670722957,-2.6639620498151437,0.7658017263396628,0.6969510018896059,0
2.9583302939986713,-0.885600380627273,0.35012261720487686,0.5439546077699042,0
0.7269278910690475,3.4685044075831133,1.3505570262425475,0.0878745284651335,0
0.7604590888629778,-0.14391430100703406,0.6413363949217477,0.15711309881912322,0
1.1182587105982789,-3.0213234267494613,0.4387142722124372,0.37588585145338177,0
1.1214740918626478,-1.0718215391800023,1.0527468789901087,1.100482279413934,0
2.9993970769195,-0.16457347940039035,0.5481699255817272,0.9647230848376634,0
0.12011778965626152,-4.203823193869159,0.6596063232954135,0.9280682084257406,0
2.4144998361839107,4.187264749554181,1.22831681000164,0.2094181940576349,0
1.3691443085451227,4.684328951813164,1.135427571040057,1.160545168240728,0
2.4586769817567578,0.6189819281156375,0.025845927260248702,0.030775886111569728,0
2.5457070008296343,3.428969526895653,0.5666391185979542,0.21666908792405748,0
0.4984547364498747,0.25974519155524867,0.14821961084503021,0.9617338776516643,0
0.4253736639231278,-1.7286275074330169,0.1334301074206249,0.20696248574409248,0
1.6080664885220242,-2.029828070985756,1.2885840777957043,0.3199223140682104,0
1.656459435552136,2.493839147947023,1.3691511427234972,0.4880571898975369,0
2.91451274000611,-2.099749899390856,1.1473164359662351,0.33371943317324565,0
1.4547510205392666,-0.0923247881494067,0.17420997093144097,1.2314906064644189,0
0.06611823348436707,3.140323267305652,0.5396298882312109,0.5560836797520683,0
1.153067917303542,-4.722496169358765,0.36024059450210544,0.38314689803476093,0
2.22343256880213,2.781991016853369,0.5827025819403763,1.097374527606608,0
1.6130329840572284,-0.6985308873536686,0.7138091808039947,1.3555429233049106,0
2.670052369423655,0.90609352166625,1.247800271907877,0.2028875550926182,0
0.16423396164729798,2.4228344575668617,1.3396462967526723,0.27711132275269523,0
0.35723929190069037,3.1772343154621367,1.0758967947720883,0.7273540479440248,0
2.4637276448713337,-2.6670163920803724,0.8730317002502875,0.0038917960388228368,0
0.9965049381798992,-0.18488878008582788,0.6908820200075473,0.8059767790891313,0
0.8923548721844788,1.8414585790547147,0.6319355577412235,1.4760390038547917,0
0.4216978951388758,2.1212321361274196,0.828523206193384,0.4368542703752003,0
2.914578195946547,2.182636938276529,1.3025646364202577,0.3477080681277221,0
0.04338254843905853,0.9689117300705412,0.13159260968480768,1.2552008295843404,0
2.426564280423922,-4.1884035596492675,0.657263736110367,0.08251967073219918,0
0.11746074858963507,-0.7613959670865302,1.2960060929410706,1.1939145525736077,0
1.4999067238672192,0.700162300571014,0.31508931409783747,0.604392991997748,0
2.5426489977992803,0.814323627090987,0.019987513965464,0.2435623258636309,0
0.07298658324532803,1.673323197893854,1.218874966217726,0.7891992085968664,0
0.7439730987860246,0.6103852275643051,1.3669798905994417,0.9899310070448908,0
0.19676662866488004,-2.104385996810667,1.1716003387230434,1.4522582535898207,0
0.2228933771990005,-1.0911306164293713,0.707350419443441,0.2945185253384168,0
1.9047719124199265,2.3968947636787625,1.0923627989060867,0.4697637799612901,0
0.33705223952759356,-3.9332826555772815,0.4363060445095438,0.5078453762826172,0
0.8297598493364879,4.334277648450682,0.9025766790932597,1.4588040478595268,0
0.17341043554237512,-2.345710665430376,0.06360633193770032,1.3538459457634715,0
0.3838598120611003,-4.114066606091318,0.8255867668652873,0.7181801431600126,0
0.09455693686904842,-2.515665844448934,0.2372829836257455,0.7174223336379939,0
1.1269504876503929,4.048788326846076,0.19814294547342892,1.339858553515966,0
1.623323525729385,1.8259963436760174,0.6814364292032066,0.7157822148569178,0
2.161583542023499,-3.535104106578272,0.9770773078613135,0.9823767264142826,0
2.3728810166850365,-4.438926974117113,0.40816265517248046,0.9867250467722619,0
2.7141126557164847,3.5030112965897207,0.7041869693103155,0.08097593696384026,0
2.3686131994031485,3.710296130260181,0.3575031901537501,1.303758024075922,0
2.2285348084710996,2.601634291702563,0.2247424119703048,0.055691060646925084,0
0.4826344742078269,0.8391551468932699,1.3373025855480112,1.2493387967886371,0
1.0864481482904358,0.7201434922817356,0.5841377054476586,0.9914972707904041,0
2.4530638960154207,4.0869613727340734,0.8957813574558325,1.409223961347589,0
1.7981814428366123,-0.08954619955299314,0.921688231172772,1.3934652062577468,0
1.1210076379728786,2.140125956361225,1.1914033758578442,1.2151700972719703,0
0.05948603408080999,0.36959782445350253,0.36266651141093087,0.8690916558091483,0
1.6519450972107124,-0.47657304602850736,1.1697410873063718,0.30953213401254875,0
2.1017204110767356,-0.758703398285232,0.7332082785309801,0.2082413178058659,0
0.38173143594749104,-2.180152150347973,0.39143748794613537,1.0010859769270062,0
1.9662957134485972,-3.9141607088693373,1.0498277666410138,0.29135905779396243,0
0.43772316917155907,4.26670079065757,0.8073221509194151,0.7427226915253697,0
2.3378361298555106,1.6631957186342952,0.2450417576150411,0.07591854875073917,0
1.812292642213756,4.2951032550142045,0.9164789620977174,0.966106296845656,0
0.26217947559659793,-0.3037225624591047,0.13171180433687946,0.37505974897403155,0
1.66541073741372,2.9351377481383425,0.8529515626777878,0.6306157006234878,0
1.7769639636497754,-0.9210818311355826,0.5831005871952919,0.9512531655363534,0
0.1693922658713075,4.559915303024345,1.4527560406239917,0.051213756349128,0
1.772699096386995,-0.1628232276371131,1.0769806294723052,1.265327318862218,0
0.8485148261434524,4.648592289256005,0.0979731906311831,0.8353847604734029,0
0.7474251097624942,-0.2939925589826391,0.017738270314927473,0.5302256359946806,0
1.0331964617739202,3.1191517069811674,0.891981783209364,1.1898825252397756,0
0.7226363334180772,0.5663015366997426,0.8415031614602164,1.3234271099353194,0
0.7970961982305349,-1.0270879015315728,0.20665821256604944,0.5201751606356536,0
2.2010330217559826,3.97531679520967,0.5426527901730162,0.9913551721077649,0
0.06695713318868735,-3.3258175869851714,0.6349198019985323,1.1555860760983228,0
0.03077521942748762,2.97916393348844,1.1504161086037097,0.9690466007602399,0
0.9532363042197727,-0.5468399495177989,1.3021629922007838,0.30236573548939016,0
0.796714576061925,2.341083401989655,0.17510363358960673,0.03906412131832587,0
1.38616557963925,-3.7414754966347608,1.0583974817010724,0.17571550495176946,0
2.552839494078821,-2.7122943527356336,0.3282307614076085,0.9926584232133774,0
2.3208028244461323,-0.0458241703094604,0.7704563229391201,0.015722236875476248,0
0.708050875055988,2.4013413292880443,0.9758864832856291,1.0249776028067479,0
0.4753324000190273,0.6891561972343272,0.41969483457917733,0.34477030055398067,0
2.8996539256103353,2.126419658142403,1.255647120723852,0.2619829666376885,0
0.6097411659346446,-0.545607121120403,0.4176015166454507,0.8012780082294622,0
0.781237452620331,-3.3863611046084587,0.04168079578909356,1.3184672328958484,0
2.6532762996829224,0.5731542799518206,1.4629361423211402,1.3128813125304748,0
2.74791182803638,-3.13675427977975,0.02808250088542935,0.4306909547874489,0
1.6646317618036819,-1.5905470051171724,1.3210372272248303,1.3351790340901082,0
2.0646063096452973,0.7111249209583477,1.0073177958086073,0.7906489237231844,0
0.8565991962778421,3.703069240664558,0.921358400988916,1.1512490523767454,0
1.6484108097700907,-0.036295813189742177,0.6803177883489204,0.6579886379752848,0
2.54156627017855,-4.445182151591464,0.30972925405597385,0.49390053685971624,0
0.40694172042277166,0.8319499401961385,0.2073648159611579,0.637641196127889,0
0.3937978441711548,0.17861250349376778,1.4614818302924042,0.6139121813297949,0
0.6375678724318042,-3.8988562723779063,1.1667003894533319,1.438282940245946,0
1.1914329342612635,4.654697848519673,1.1681513126235856,0.1645258210654315,0
2.2244513893306364,0.40400580777819695,0.24615278892461862,0.009107546380075326,0
1.6123717608609227,2.709926040200175,0.5353521518910742,0.0606650787532913,0
0.7391830180330232,-4.38843673327617,0.5503201878045492,0.34474236010848724,0
1.3675847633924323,3.7702458977721953,0.8253363480142746,0.0012127169134591442,0
1.7335607590176847,-4.866494873097004,0.8388336057422112,1.2115622679860976,0
0.41583366160316204,-3.8747630291597615,1.0304097362392342,0.2952304533193174,0
2.491217026154379,1.4875361048306495,1.3873476859332718,0.7660334746409745,0
2.766761290873943,-2.7604395549730834,1.0199001358251618,0.5878158621757331,0
2.351816504657638,-0.3208554527582388,0.25686258404501355,1.0167427265517723,0
0.16859504955703686,3.355224127050116,0.8822329907263506,0.5123626355188129,0
0.8204280485132392,1.491410609026552,0.28187902015458716,1.2836876335698975,0
0.4220419101079572,-4.859721658460404,0.5968120599343217,0.7905817375534028,0
1.8935550076255978,2.140343779095084,0.023063345759004872,0.12824449941948113,0
1.5406375369997674,2.7299592581227694,1.2629522408383198,0.470857011453148,0
2.9265878735623985,-1.585562336720864,1.4282295208773244,0.9145477187465811,0
0.76280040186655,-0.027404616203830834,1.3290544924242131,0.6226299280931176,0
0.3455701429798427,4.808054135460939,0.14141263283704486,0.5168493380231685,0
2.6295366318871203,1.0050502118713878,0.6928941375114254,0.5354074050225515,0
2.776913011312769,3.4546795161800787,0.5365222459499639,1.1122332363913947,0
0.44261771213024736,3.8274003153183287,0.616581694349383,1.3348597278657908,0
2.1506403896459827,-2.724500280053231,1.431118059084429,1.0346448179688452,0
0.011382525716672753,1.517456518113728,1.3084450796543579,0.5593660963388059,0
1.2211036753874818,-0.17779941047226266,1.2333946705712737,0.1199657210756504,0
2.2999869070678836,3.9343621905015596,1.2551558494232091,1.32699444783601,0
2.0495101743390176,-0.7505562431848789,0.027575762974554496,0.1778409010331261,0
2.135408686550675,-4.31768490063054,0.5937265242921024,1.4588681094281832,0
0.511343656602918,1.1921031445233758,0.849119056185455,0.007515901151033233,0
1.4729063183161224,1.7670376675301744,0.5291163626187936,1.32075182468716,0
1.012414802061223,-4.471152623810102,0.32991107972639266,0.2494617090050955,0
1.127239612302649,4.714001070065473,0.6430505854368387,1.3180328300651616,0
1.669922095489594,-4.43502227733331,0.9474312846522107,0.5425803280858089,0
0.246009677558215,2.114838718583848,0.18977854150957685,1.1117320386901925,0
0.7059231020621861,3.118925513617347,0.22384745452733518,1.450925515784796,0
0.6880643637092362,1.104781334310415,0.5818649676147182,0.3131104760740489,0
1.8867206489043786,-0.2046712449853505,0.33078136802471825,0.2604006528393314,0
0.1524044480287129,-1.6406199549499845,0.7489743131870321,0.9151325428962696,0
0.30254087080644554,-1.1368800106177201,0.022216174039558223,0.970313152079457,0
2.7170516447240782,3.426504130331544,0.707233621297882,0.8114615780142067,0
0.17533559610723348,-1.7800184093100935,0.8021534522388927,1.0704794535464952,0
1.6716565438619773,1.426516643493657,0.1577038541293896,1.1261855762999267,0
1.6087151343889219,1.4918303654674014,0.11977909534781667,0.8214864533693034,0
0.718010132693693,-0.9503143976759638,0.3040982214910309,1.1708281544339834,0
2.10358541748957,-3.3748242610188517,0.9570128707737262,1.3473228788562075,0
2.1481830161082933,3.2696164559450853,0.28440458509086197,1.2364408339279,0
0.9089750869793927,3.7801169755800075,0.1185337775611825,0.6276106739633891,0
1.3931454312699354,1.4215777638778864,0.38024513789717324,0.790461644521931,0
2.2732502090107003,2.3745001053826664,0.9170243248011085,0.2696398859273642,0
2.040224699942104,0.5118164050719818,1.200153817659926,1.460460811702188,0
1.4409373470956068,4.920264891745681,0.79736747751341,0.04301916789042548,0
2.84234283100064,-4.223567523650401,1.0759751542673432,1.0641717492186076,0
1.449315968691809,-2.387700767050239,0.7056326291655034,1.2346044547459558,0
1.026480322715143,-4.643748871875527,1.18912615985501,0.17414960023844445,0
2.1986094152072866,-2.998905199109317,0.21275459721168688,1.1632629507338383,0
2.3845534427340405,2.9179349530992376,1.1180338007719628,0.17326568096284928,0
0.39596184808159984,-1.049585155239554,0.01059381999950948,0.142106947907488,0
2.7391278475937906,-1.6092072421630501,0.9939400561161389,1.0296533666770626,0
1.6656056016228957,-4.177821573422753,0.8940954843290971,0.12375913060219901,0
0.30994067679280923,1.6918885723737178,1.3100778539756008,0.5775808871053023,0
0.7267330920827699,-1.3613696652515772,0.25420042060810616,0.6533259999735042,0
1.0050504012808155,-4.644235773337742,1.0933403227280196,0.9252232640688984,0
2.880661158895709,3.1051728147659254,0.18589551632059859,1.055433656173927,0
1.1450735747489478,4.918076078580565,0.6808168640230554,1.1104751929035626,0
1.3356274991002004,-1.4249302074647319,1.3650078716124092,0.6501668924261677,0
0.7229692676919123,-3.36426979648809,1.0736045861141152,0.007151253752355813,0
2.1914801712987737,-2.082976720349005,0.3127772850770468,0.17696899670280664,1
1.6110560059095587,-1.455739583697783,1.3966787544359622,1.041946092906636,0
0.34517063073635923,4.7823703813374845,0.3963944980560347,0.9710536401369201,0
2.3682150450987502,-3.098053876473288,1.1928332108740725,1.4948015487968087,0
1.0510699860499655,0.11182792470096281,1.0833090915400319,0.583306778678356,0
2.9297076907314965,-1.832909292098348,1.495906903593761,0.24456588558036152,0
0.15505547567473787,3.595192170706289,0.21491941898814482,0.17069839612173965,0
0.015588311762593343,-3.211990991815099,1.3590890754175686,1.3263422416791153,0
2.6575786474468854,3.49483644825812,1.3169133396060697,0.5351775028919501,0
0.35259265485000557,1.8847238975785867,1.3222113357628964,0.6622453786394551,0
0.6023149473783114,1.653455009832009,0.02699963847643594,1.4940284024825974,0
2.89850810158898,-0.8855529550095493,1.400568656706081,0.011345971043518144,0
1.0544814826269722,4.138063233899587,0.16304867771311438,0.6387860118529305,0
1.5956770208861748,-4.089388876104846,0.9608953680550396,0.7413414763158231,0
2.3425506685419344,-4.258968203455601,1.31713522762186,0.5218952263049762,0
1.5489404962027749,0.8615112187796043,1.2285669550569345,0.772572158726897,0
2.93411169632203,-2.409207049075045,1.1901203824764406,1.3946623485702339,0
2.982329739455527,-2.5862044000918214,1.4051070890441457,0.5591425755423254,0
1.6617909449217105,3.637669962895199,0.5536183619014889,1.0628240662761246,0
0.33330416952383946,-4.575878773227688,0.6047394798320813,0.541268051351445,0
0.6457545014125006,2.413271913938157,1.0549924848266254,0.3896310847045864,0
1.780562078826843,-0.09709854243426275,0.7258643329294933,0.8104499000617977,0
1.775909115862354,0.45567309556357216,0.22655690676372814,1.3425346576400643,0
2.8632410908038315,-1.558721728452448,0.8850886486818252,1.364531794520702,0
0.5849950389928564,3.9553930698399125,1.0734586731973588,0.5954310817568382,0
2.435245945440935,4.525783350928187,0.47681311094506873,0.5289914889593385,0
1.3148517886405013,-1.0050958022640613,1.140486986047371,1.267903401079614,0
2.357236865565752,1.7442123282813435,0.767488292640947,1.1671849044148783,0
0.6998030831924612,-4.418577066353594,1.4840663563369592,0.02938927643998296,0
1.3896822867857261,3.3537576649986196,0.1891040514604651,0.5876256746296185,0
1.7534092517375748,1.4712495004967208,0.09576471321090424,0.8676606246805656,0
0.5503379423601424,-1.0886663133746435,1.0761912965760927,1.1741766691439983,0
0.10859237184014525,-3.874466873566107,0.2723506852910314,0.5947855598166023,0
0.326454064807019,-0.7421627194152611,0.7371213644050532,0.5421545511073418,0
2.030895522941731,-2.3537658185671404,0.3695330380560617,0.8950626329349307,0
2.565253099184731,-1.8119275704417892,0.42383984926875473,0.11400514456227645,0
2.639682122391973,-2.1748887617801635,1.3407947684033568,1.4637622768004803,0
1.6479278529473071,-0.39401522313524584,1.0516996734885886,0.9327020316256966,0
1.7293722165527483,0.6634959414951425,1.1749390980981467,0.6288835570278541,0
0.1274928206667394,-3.2294844009436874,0.9198300715583436,0.37047957887153143,0
2.2488691683367135,4.100305113599511,0.2790422327066366,1.3953780339001653,0
0.3200798556893668,3.9365612160660532,0.9596063520329157,0.7307435886080158,0
1.8375081868323138,-3.9746203064515964,0.34344859744984296,0.10251075355913003,0
1.6115971304336654,-4.030787828900574,1.343982667526234,0.19685064444076505,0
0.8952700823310751,-2.141188365256638,0.15459038140121983,1.3477505489343886,0
2.8580950788567905,-3.7917776440117237,0.11214124930280928,0.6459317741493041,0
0.2457901388460142,2.786018879962323,1.3740441614897112,0.80396634305737,0
2.2751454395363204,-3.827911235618756,0.3821191234789796,0.4413709797383406,0
2.242923718005744,-4.623995110370268,0.720419894232712,0.31208754767178587,0
0.3239836702622886,1.4051743391194549,0.5549303184740408,1.4270126620369283,0
0.34768984287200333,2.8098234022349358,0.002704213177052772,0.00905586212525955,0
1.3186680206815367,1.3838026784399373,1.1349426915956438,1.471771412040044,0
0.9960501698352937,-0.8088031718957804,1.4262570260382401,1.179218367669877,0
2.1781276436459054,-0.8040959979988624,0.07747670648245564,0.5913358755668665,0
0.6860267352605138,2.3580119583611117,1.006312080201918,1.2127192638356825,0
2.7404145775521678,-0.9178528540854209,1.2697760838668266,1.3246785223945918,0
1.7568332733906895,-1.8875694478967953,1.2445628736914465,0.266477287189228,0
1.8083373017623372,-1.0857051758516398,0.3043407786032756,0.0887849512954274,0
2.14747155415209,3.7273649497581722,0.4572003299154196,1.3288966661907766,0
1.6791417732251817,1.8319198436127273,0.6175687355040581,0.6384628488020133,0
0.1636192406897724,-3.3684874383897068,1.218189757818069,0.9424924917610524,0
1.3494531498948525,3.5991446744056006,0.22009966854592172,0.9470762958219281,0
2.998227648023607,-2.817719712196798,0.1452246431060138,1.4832430656527718,0
1.7679747625471847,-1.3661911565936071,0.9378343752606829,0.8068685810490612,0
0.8917511042463264,2.3914382710942315,1.2365141389880456,0.020887268686738736,0
2.0337076627870188,0.26737947733054845,0.21844697384451855,1.4923939990965664,0
1.0415269409714063,0.5400549210071421,1.486461017984772,1.1994102858650109,0
1.0444929711636532,3.6508071974857756,0.33227693117544294,0.6112446514351996,0
0.5097856801157061,-3.207988707231001,1.468821064089178,1.230302799700363,0
1.2434984747344564,1.5160114440869403,0.3692218720710008,0.5143219547019662,0
1.445400370921194,-0.916234721737748,0.07191256047370254,0.27696812009629607,0
2.2243307613428343,4.062122835074232,0.06547472802581528,1.4046152065884203,0
2.3944325319288593,0.6094357726800066,0.2078421427116353,0.41862787450427597,0
2.667063750502249,-4.057777500587251,0.036893782713315615,0.8727708639320653,0
0.8569164311416515,-3.0679696424515956,0.7474342192537933,0.008021280585958857,0
2.282016799804495,-3.1543959910555,0.01466855097786307,1.1352450434872547,0
0.9479237433031141,3.368391208404267,0.02342027526474355,1.448662358258214,0
2.2334930787156506,2.408553697589925,1.1364552758247277,0.46540805088973275,0
0.618890802887345,-1.9598557795672855,0.6637555299482252,0.7225018248641035,0
0.4297057579387634,4.568903766278829,1.4539857424026685,0.3802241452026254,0
0.937694557672016,4.077984665387103,0.16335864720349075,0.572457777719539,0
1.035249136881454,2.5979927811023193,1.4034238178624718,0.16174411423943025,0
2.453828081100686,2.8521663992912503,1.3504901862369556,0.629293594262903,0
1.8061254861495395,0.12297958001750331,0.5921768541069685,0.08755233133664458,0
1.7492135377844067,-2.228848580523004,1.0647638547242593,1.0326187877815856,0
1.5756756850026115,1.7074741881719877,0.8470055424094545,0.9330907665451817,0
0.973030702556427,-4.119838286334603,0.9424739043286177,1.111020489118777,0
1.7937720563330306,1.4670472886693888,0.996213324196862,1.1904091424773346,0
2.7006271223479046,-2.8165556957991744,0.3343315796809124,0.49414466780138605,0
2.2896717418507793,-3.8348010731138285,0.6922277231399803,1.4374483390825905,0
0.37536434855861056,0.4326202102844867,0.4022540067246216,0.3526033411330442,0
2.5167478490781,4.043620303239832,0.7896419867742528,0.2504162344083454,0
0.2649008647716331,2.9031690248259787,0.08063656275642345,1.3814016847139041,0
0.14534567023238687,-0.5810755479886147,0.38410694263702444,0.22086162444877588,0
2.3132400864768248,3.1565974618528614,1.2626934046126461,0.9785540958348714,0
2.090840578090477,3.1728053141821064,0.3518506107122778,1.4721876270806602,0
0.2136618738751539,-0.7467853996710474,0.22980668375208063,1.3388693673503198,0
1.9141750193192264,0.21807741023275717,1.045305656867852,0.9486758536495207,0
0.5922330021256323,3.9008941788317273,1.0450119965967035,1.4409298898986092,0
2.511830715894144,-3.70248749423566,1.0212016784296958,1.2116728623054749,0
0.4986213018154123,3.3684918180413774,1.476851217334806,1.3789534542252606,0
1.353320724544035,4.33348266101426,0.4226301629449953,0.3665640677913108,0
1.9883211514937442,-1.5075498573002069,0.30802588534406977,0.5404214565453129,0
0.5812882313264249,-2.839781760394481,0.6363416763854315,0.6085872417276541,0
1.2657556237574619,3.9830944536621082,1.3501224122340023,0.25054688447510415,0
1.9157735959288598,0.13235810882819798,1.0776611777004943,1.1988136007914125,0
0.646659642067252,-0.9953258612249094,0.06932605865144387,0.4461157112291007,0
0.4884317299545573,0.36251800228231357,1.1553434004460785,1.0730856109687577,0
1.1938906303471222,-1.8132068475774163,0.05495577133416185,1.4685625259692539,0
0.9555452789707302,1.924019499856204,0.8072578624898352,1.3612916277998395,0
1.712200151053528,4.886655723042601,0.741768157193101,0.022207085091520695,0
2.903330784450044,0.057955083824319686,1.4203278274188487,1.053015203814232,0
1.6078367919734773,4.050671609782752,0.3133600377854383,1.4638720922550157,0
1.0310787480380967,2.384982807580883,0.45435128815374193,0.11902076526057292,0
1.215817429832533,3.0029063872365374,1.0638969730977896,0.6245034871734769,0
1.98227764085284,4.771592605627994,1.3732451057440884,1.0358868893762778,0
2.1314785194605,3.4068103314279963,1.112335040051821,0.770078878441903,0
0.32618828276697986,-2.475782233466295,0.5022987809810255,1.307720545704579,0
2.501475898555329,-0.58950164379503,0.6872055657423379,0.33598344142321673,0
2.7720710469332777,3.931762263582687,0.7457040137163,1.170351781865458,0
2.2783900839815545,2.3205124534280817,1.2128085444373653,0.2793372141456864,0
2.0279791749272325,-4.645154975531516,0.3506139917453322,0.4800362248079499,0
0.253956456088267,2.962907764535246,0.6159736430559417,0.2683161808005477,0
1.4388354810125477,-4.196474554945812,1.2941329718890389,1.4195070975599662,0
2.6359612774273193,-0.27431061892233455,0.483133751037781,0.7220770525484705,0
2.102747180392311,1.2413064579516897,0.5757678566859837,0.44510769367302494,0
0.02124825109872086,-4.1156683392388,0.8204037941913713,0.23483767872080702,0
2.0970402669011845,0.6560486579930576,0.44593453820063583,1.2042040065316633,0
2.7871445194873097,-3.068432716898468,0.8532182888231562,1.422148471753,0
0.8144787134816606,0.31198022785724344,0.979695419550241,0.21955513455428272,0
0.5919847675758471,-1.7583725975114617,1.3566691147657088,0.5258001306471787,0
2.485688215570943,-4.685115632365404,1.4666505740292393,1.3229100241236966,0
1.8929817155629096,-0.6685233402613395,1.2201910656449635,0.22398884471186759,0
1.852115626175147,-1.4915706898497372,1.0258457060045103,1.2493532674983725,0
1.8070609043510053,4.933964039794423,0.3248823943276026,1.0884242643549218,0
0.25636271640056196,0.4940525974573102,0.18035448374099627,0.0234612005132383,0
2.0308507472428157,-0.36848580247908025,0.4466597733725752,0.4551671692937464,0
0.6611955307392839,0.057308648531476436,0.07752080954773444,1.0647475935810813,0
1.144693310690481,4.715698900225805,0.07442828679978747,0.92271613712151,0
0.8713158578598296,-3.9217982679325356,0.9243774903099846,0.2634772518413495,0
2.3537300430306733,3.7055317888650023,1.2757597411540607,0.7531181428016964,0
0.03705204925955663,-1.6878409667014518,0.5725393460192205,1.321327424155505,0
1.7413342823637503,0.7665940548281549,0.05299222127910891,1.0651884022973672,0
0.8625288371858825,4.339309932051327,0.6085824329967319,0.8482127167884419,0
2.393405700272033,-2.2506034491014457,0.41512765432761345,0.616004540699302,1
1.5072663082285764,4.936856262931027,1.3188694594617714,0.398707749469678,0
1.4320053700722783,1.67031911228836,0.42250270857484734,0.1892153245797087,0
1.1831511467820053,0.6934081447587106,0.02908542436367123,1.333789464999704,0
2.0047361690459566,0.6509858458707951,0.9774634127278545,0.5665991719133248,0
2.8456778616299188,1.6658857022050801,0.5472889931127367,0.5636783966841636,0
2.24894007972317,4.400677653718624,0.8997624543879738,1.2935076870881852,0
2.603375040065261,0.10886347659728024,0.7737087488900456,0.9695208054772064,0
2.102913095900641,1.9527847287138398,0.9183442695452719,1.4534406390581163,0
1.5209189858785273,-3.787567308809674,1.1113103720805118,0.3471549141723874,0
2.8709330296115017,0.23006668520359508,0.5497152167488426,0.3097381178591058,0
1.0424398640985066,-3.7752615163786496,1.2217623142154244,0.21225638617325399,0
2.494180718128657,3.5431585863299624,0.5549653914135533,1.330245271912298,0
2.061753948595649,1.577395597707497,0.5854925482869673,0.16779045123506892,0
1.5312663174796077,0.5836929772625874,1.0414107978895522,0.24967579669747714,0
0.7187768770973402,1.5414556182778218,0.17995097095370644,0.9699432252324325,0
1.2770047288433037,-3.9967740000802787,1.0866063003976558,0.129270787299044,0
1.1947853235654906,-1.5977843382077728,0.8442699623554817,0.8807871770973523,0
0.7548603904429422,-2.0275993729969244,0.33875518294375084,0.2530876709219028,0
1.22275811954567,4.356248118330129,0.9693588019219905,1.0324085130608471,0
2.082051361261468,-2.4447987688575132,1.4651221481723053,1.3485574753281124,0
2.7477882875507222,2.372199645923798,0.3403141677809351,0.27564373234429734,0
2.797437445508876,-2.6561939742425555,1.2025723922986273,0.49665220533638627,0
1.3452023512617444,-0.8412851923216325,0.7047173007895716,0.1619875560830814,0
2.179176639843491,-3.1482113534310185,0.9051279992489292,0.7544259336985542,0
2.8441331912519745,2.817124415183283,0.7553240052215981,1.347660941503261,0
0.16675398741475933,-4.984580857261857,1.4754709119318075,0.9083554631813624,0
0.8783470381771672,0.6507945361332101,1.4631219829015134,0.8148429972212287,0
2.1385162379317166,-4.3111308250852,0.025320121183186994,1.4252190876930344,0
0.20551293122203318,4.536645393271449,0.1390618777849899,0.478427429040692,0
1.9615547453849973,-4.834157686962048,1.3851357729306226,0.9646766894995289,0
2.1423883820960943,-4.261131186244581,1.0830637194322037,1.3344677538683891,0
2.9240605599416156,-1.4660699954322887,0.21660447585567305,1.4613048536797015,0
1.0798902950522955,-4.243033496954302,0.12576619769990333,0.784123213173362,0
1.2134988120846453,3.374950581022688,0.22618840582426658,1.261139957504935,0
2.2960495538491985,-4.093908475476029,1.3245745265964073,0.8706583993701411,0
0.7482648526582342,-2.570532320404028,0.7623124493206187,0.7929348720188547,0
2.095074228565684,1.2421697278747903,0.14121680749250387,0.7140903259943716,0
1.9121080375420372,1.2169293321630938,1.0483109007555598,0.9562144220308786,0
0.9691110822462922,3.79335245406655,1.1899281650956457,1.3169980290040169,0
1.0726218142321589,-1.9822662035897363,0.31532456276668885,0.7135315855426043,0
0.8523010765086063,1.0132851405108303,0.3424966049430828,0.1986004203629126,0
1.6986972054127376,0.9394401416892171,1.3866874955309423,1.136936796004002,0
1.3922147601556782,1.030649487016583,1.0149127083338418,0.6622168588395598,0
2.1720929084701996,4.126356156203656,1.0513124186117826,1.4857059139240736,0
2.0904075239824422,-4.177133341092894,0.6086310273443949,0.47487172901861624,0
2.9321080049323673,4.121793791027834,1.1570632059780446,1.3250271727903873,0
0.5562936110662983,4.554686680772054,0.8387842076499961,0.9932619336761038,0
0.3138881991563581,1.8971005812979955,0.8737414331442421,0.6317177580824092,0
1.7836041659821809,2.013996972429897,0.45596973562700555,0.9165945262157711,0
0.14175344445664828,3.6140458726102693,0.2979299634675961,0.05798944328803901,0
2.4426193063376043,4.506139690886915,0.18855453865963318,1.357728741754564,0
1.5693009846307624,-3.1198329516800016,0.5183497951229735,1.0365965364543839,0
2.4579268738271534,-2.416668244440008,0.995866571971903,0.5962671452280941,0
1.0978286102393746,0.7715420172468557,0.74569454366525,0.5921460377832846,0
1.1702505062350173,-3.1744528454683243,1.2554468685062872,0.9130392393421867,0
2.884889520022033,4.06246000346578,1.4014322451726366,0.8077754809999184,0
0.03189134478264832,-1.894845545029221,0.6557467677681469,0.7947840176546639,0
0.6079359018962639,-4.500199039465484,0.7057333573544136,0.8084084543030619,0
2.946382361246357,2.574463498138364,1.1038390614437739,0.3732426867057295,1
1.6521599520620178,-4.270470013053881,1.0968808881813226,0.8345056064547915,0
1.3007961748896086,3.4270124330842933,1.339934568350418,1.4198100277759362,0
1.9024633285796697,0.6398025606170696,0.781630321250869,1.3956985154298498,0
0.040219471492120906,0.04699915758928874,1.1956044284902472,0.16422991108748758,0
2.6585465579501615,-0.840861292872038,0.18361747307874648,1.2456404755135015,0
1.5280388605395026,0.4076351886385172,0.536856050917945,1.238410634824661,0
0.5526938274711807,4.281544541366966,0.04496815355207545,1.0663637894058215,0
2.7645434973407874,-0.4326554849942008,0.6150651840578132,1.4710189829837543,0
0.47327214696339803,-0.3331829506112953,0.9264402878487027,0.5191912352184929,0
1.5032572913923172,-0.20533844512149102,0.14443106108589476,0.25019828115531434,0
2.230069681783773,-0.6366138811892252,1.1292575506579117,1.062862465723978,0
1.1240486623858126,0.8774705390839959,1.2589762199606045,0.8270668065622961,0
2.8026157530191513,-0.3038333231344126,0.061231467946854856,1.3871517586505928,0
2.5777348588335824,2.8565201964604032,0.778108758392418,1.100492484122059,0
0.643997407870049,1.664398413806576,0.5173367502134285,0.8685947970685695,0
0.5052170193855672,2.7589488578414754,0.9016745108739488,0.3688819888291714,0
1.4426376662744484,3.202737193699493,0.0419422543591037,0.1246537461227934,0
2.6132384876728625,-2.2474922860627977,1.4660903506293688,1.4850021128983533,0
0.9576259925581866,2.511764467741248,0.6256616595914354,1.2990174400944818,0
2.6197650765421425,-1.8789661601727516,0.2262086543857048,0.00711492568540617,1
1.2668060434761284,1.3791325216724015,1.3879865442758512,0.6474187409172285,0
0.5113536750928956,1.028777653553293,0.47869639609335146,0.4835238459374037,0
0.031129073030667476,3.6545089526101666,0.013098743839964566,0.3208916304070584,0
0.5385384760695224,1.962933178773528,0.4561506996631095,0.9661099365206649,0
0.16549854213844595,4.2296343117603925,0.4903425069515226,0.03786418987223639,0
1.4791409626793295,-0.5805410279284375,1.1775749906423834,0.5687220107121811,0
0.5184329350761732,2.213424233278322,1.2715682009949727,1.3468348743282144,0
1.2743797625335003,-4.462566841168641,0.18290963615767264,0.07880245108845835,0
0.5825022317202747,-0.7370902218151931,0.23189185746700158,0.9936082169046965,0
0.33437931275024624,-1.4367813892075065,1.4062868835151552,0.5604738100397191,0
2.1644967690353427,3.968195158763587,1.347015633657858,0.4782783542179665,0
2.547544859384589,3.0192559033017723,0.7820274860933807,0.44699063219134244,0
1.3759145772503194,-1.7449244665418293,0.18191531784719028,1.1622080905156795,0
1.3688467910730728,3.3584913603497384,0.9506198544009341,0.047974702953361426,0
0.7532000340037175,-0.6140695718117248,0.464320850528596,0.18569583579020454,0
0.3452268116469359,3.2987103155854562,1.1463411574710556,1.4089336539566815,0
1.4693511915227448,1.3323973100408555,0.9983819750318026,0.6068728221274342,0
2.8271985487039606,-2.13266944589071,0.8501451332479208,0.7600291727309195,0
0.5394904723900605,0.5129247643406885,1.3427601347028177,1.384964934264316,0
0.7577973107648989,3.59526691647725,0.6821314917220699,0.48292395638922414,0
0.27440822833936895,-1.08932043726085,0.15937785605959726,0.06074007478158483,0
1.5066322723265708,-4.308117908334246,0.5580580794842249,0.2551225388344868,0
0.5445607470628753,0.469184328351286,1.2726239729803055,0.2939194987933922,0
1.8324988046793984,-2.0970344011207565,0.6575708075524844,0.2190950093124185,0
2.602890585830507,-0.2647738134271629,1.1097601907507078,0.4440281243544577,0
2.998654760528816,1.1220841475557917,0.4636434806147256,0.9216556014247804,0
0.07118187646844798,-3.104307140148438,0.8712434705994465,0.7846026125792654,0
0.6269570383159496,-4.542822184370942,1.0605319739430732,0.6597315970032465,0
1.7494647110359896,1.1016063480440028,0.17454491902876818,1.3238149407052797,0
2.0212805321572103,-1.991312149188408,0.8104569530983261,0.5476158203535582,0
1.9754520461434795,3.579568037801108,0.8065676743118805,0.9111663218933546,0
1.4316354598389813,2.369969805542027,1.4419579598915861,1.4336106555507322,0
1.855104480697053,0.706569416972509,0.034698235877482775,0.41682049717626635,0
0.6464527140650285,0.020177718763036978,0.655924646965125,1.1214560125704143,0
0.777923692541472,0.03460433618445258,1.4273310397456669,1.4702125825843306,0
1.8018520286644548,-0.013348228696709263,1.1134328734637449,1.3940823963859073,0
0.30258598426094696,-2.624812213616241,0.3728595717845782,0.40683608226794615,0
2.5563109440243448,-2.1509244618354764,0.1730416467566997,0.871719883971762,0
0.06596574494857399,2.768930216231613,0.20516827718091846,1.0386423256609736,0
0.14681367051493155,1.480006811059745,0.49346168442436467,1.1065552177893103,0
0.6117128634914776,-4.490200507579781,0.8659742441691869,0.21893760799113415,0
0.1985004362941769,0.7205378084134733,1.1089209184634874,0.3208809438874672,0
1.0658772362313318,-2.695088163467596,1.3056668107793217,0.0204065966549144,0
1.5059157417103783,-2.6784305879710035,1.0367832850996168,1.46038437837639,0
2.257211534117117,3.4904106153485976,0.23465768697770817,0.19133825324801262,0
0.9541802633215606,4.7111061119463375,0.8181587258090575,0.26492600606989586,0
2.6842042638819805,3.3122274527282336,1.1640954065320486,0.9766060798222389,0
0.5813602398563884,-1.56901766426085,1.1889872866293498,1.4308256710544387,0
2.9779321152444718,1.2566891586541242,0.5019406216772709,1.180226871824888,0
0.9397558848786268,1.857134049111644,1.2262566745246093,0.365960784770497,0
1.7881715067086592,4.649143714942976,0.44648460576980453,0.800837194688153,0
1.6642177303577,3.8252680474480982,0.6765812620442847,0.3437119433987243,0
1.325247081289314,-2.5480403872398707,0.27175725115353916,0.010925497690824182,0
0.15475847589839442,3.541857618381659,0.44905779059425205,0.7339624729318612,0
1.9455272430621013,1.0448400264893696,1.426459816311887,0.6283923165353906,0
2.107236672316262,3.2566780650822267,0.1653398566371183,0.19045080442313211,0
1.911882759181787,0.6152993348224065,0.3934339575286573,0.34311632539161274,0
0.4807834035718692,-3.6990561143975462,1.302607935367737,0.513463948200891,0
0.7899420572444756,4.142698254308662,0.6975785375511057,0.03382343542701677,0
2.168711486004927,-1.32575055755622,0.06775073989363173,1.2243112079375815,0
1.790300425053835,-1.757180072940411,0.9283288101268721,1.1423711108672348,0
0.9012757182252394,4.776287611451329,1.4817311048076076,0.12719942489675046,0
0.8728152021910888,0.6798219810710879,1.3188183874870592,1.3115800348031672,0
1.1936564074926754,3.318376162310253,0.6183283627333094,0.005839836793217534,0
0.5704188851165913,-0.4661739719343707,1.3342565971026077,0.18419488663598033,0
1.851835874269328,4.521897614308209,1.21550739660188,1.204170901142591,0
1.962288259098686,3.7438815965340595,0.05415370586307078,1.4839374749774308,0
0.8971397411036863,3.218442480849969,0.8687322105207885,1.0544432376626063,0
2.386188664379108,0.8623176594126498,0.23124545908031457,1.3319926072134232,0
2.342262473613169,2.9436773809085164,0.30276418025466695,1.0912495578853005,0
0.02639032677819053,3.426408169872552,1.0386518488229544,1.1721712215367208,0
2.338879166037752,-0.01110017016523468,0.26117108121353105,0.3896617657730279,0
0.6463640757953294,-0.5531950062770372,0.2774096267148665,0.9410985825463241,0
1.8833201155312844,2.4535767803093753,1.3437490121912856,0.6832008503203368,0
0.9859190337986655,4.116384862311815,0.5361047333585071,0.6071007829292892,0
0.9121704350581651,2.71062238344435,0.20526609676356278,0.7297264180837704,0
1.3477627966298515,1.3534937812273276,0.8942130533639712,0.751674167389251,0
2.037920073826666,-2.598068102551151,0.2752082299191337,0.7484778241406345,0
1.6139073846228342,3.143861965790272,1.2470862113603522,1.0805010584448882,0
1.9739748014103695,4.118356372956457,0.5803903303960656,1.0212206618430866,0
1.2206192040726718,-3.3387438087086343,0.12900676415003387,1.1693471795683994,0
1.019797223707533,-2.715208284281484,0.02947777114576644,0.8316608970136572,0
2.075040016290664,-1.2341039931771567,1.1651201516590282,0.15983778776711877,0
2.1984034558939856,0.8936791343329498,0.8349783389789676,0.5960972935075178,0
1.7281000384843965,-4.240648466184888,0.7342654192573115,0.0592469258483051,0
2.6242070820356784,3.4300193329795885,0.08312056669933893,0.01367320667253663,0
1.4351578097162743,1.8016021272110363,0.5743131594137976,1.4765634124307518,0
2.339588902875992,-1.7243151667263423,0.6389255014760782,1.232277502562726,0
0.027423267718247435,-1.5369510201054215,0.5239214505048571,1.056729633791488,0
0.9857122832987022,4.641249089522157,0.7385757743149589,1.2416941871928813,0
0.03211854331581232,1.2641027781416785,0.37583406764310995,0.3434800428929487,0
1.2105147977899016,1.6792376824622357,0.5142429288436023,0.37502320820439944,0
0.9299965814883517,0.8437080454627228,0.1161257676639228,0.6846856921007092,0
2.782014084060521,-4.801286642077656,0.7286286139536333,0.9976839444219047,0
0.8178915653665275,1.1238139005499201,1.471052081948498,0.8840181464848537,0
2.51618310427736,-3.1526009149515355,0.6202997440340361,1.2600132473838022,0
1.4754547255589414,0.7725387151545178,0.24519358337730313,0.19287108307074996,0
0.7205816650662656,-4.537900849516955,0.7105612220010727,1.2912973228641718,0
0.6687583336748685,2.8887858568887985,1.0920877720968898,0.8771470866299502,0
1.4822449337602035,-1.0582708311916034,0.8022265601651304,0.5272493396403499,0
1.5007950875190188,-2.159136014518305,0.11061660025923437,1.2883443566171884,0
0.3230544017862915,3.5637950912784575,0.5860276756542335,0.12146934375201579,0
2.8391194151400767,3.1972495838044956,0.2674550223559328,0.3405410910680385,0
1.730621697080899,-4.089567470541336,0.1979640330797614,1.4196641271788717,0
0.7841473389244926,3.984385825751497,0.20307159324991841,0.7161834066590305,0
1.5886725241217512,3.7451409646404947,1.283454442897742,0.30218094670427553,0
1.3460555722409389,-4.217118099882451,1.4472099722417955,0.6942766831897339,0
1.9340442824957185,-0.39581176043392574,0.6590244666912628,0.10588070635128283,0
1.0947744365538488,2.6664548331847824,1.489383180387814,0.11380254183657501,0
1.6289036241290193,-0.4110400507911436,0.5396139914703745,1.1680520337030913,0
1.723617782174686,-0.5868403089277585,0.7317459108081635,0.36423434599721416,0
1.272610639417382,1.6638949777071623,0.5016276701585396,1.4895876314169083,0
2.1837043614720866,-3.547760998456874,1.0818897015726332,0.058985395321923095,0
0.1766099505792491,1.9464325639529143,1.4086352760795653,1.216715624022358,0
0.407094010440212,-2.1805679433542533,0.483601214033392,0.8385361970183356,0
1.290825831264562,3.981702011269519,0.9308004234709687,0.503606960974504,0
2.731754049631716,-2.4894494911498875,0.5433438123840555,0.5923182994583407,0
1.6519844222073135,0.5015009591372337,1.4277234120314737,0.9897603449439805,0
1.2360488856968563,1.7256529960475628,1.413269762747115,0.4655336473464486,0
1.7149355461596216,4.675370769655766,0.12548265799787384,0.6713322469201768,0
2.186848363779168,-1.2927796365554869,0.03837817015760003,0.7114237202484379,0
1.5905016537656347,-3.386175767454688,1.217730050142062,0.0032349584483747362,0
0.8891387282005945,-4.90742363927823,0.35779711438130907,1.3039942173146053,0
2.967394889576631,2.2379189115185376,0.8209586603754075,1.0091907308193746,0
2.135598578625763,4.845808246786756,1.4566608178999068,0.24046701017809907,0
1.6212563056363787,3.810775210971885,0.5488971633253152,0.8206992896526624,0
0.6553924505576145,-2.596544682017705,0.6412145079603464,0.5587588387293658,0
0.830787278956687,0.9059926251614421,0.513080411700642,1.3791633895418225,0
2.514857875382046,-3.6505460487173282,0.9526855694187351,0.1444435802274585,0
1.1440532080258359,1.2651740143049937,0.228785473942422,1.4231934902547243,0
2.4230005464377893,3.40151944383714,0.8995334005484689,1.3087776225432441,0
1.4688141961001262,4.29296130915605,1.3304876824881353,0.5605938132650748,0
2.818632955566857,-0.971355725771577,0.8410691863825588,0.8591927393994125,0
1.275243417651637,-3.0358674753032924,0.1253462114454571,0.7698677374832513,0
0.040825612162534,2.4809834292329525,0.712738927124396,1.4922202647182023,0
2.499709577269636,-1.3135895578959342,0.48703200610947955,1.1326906153726548,0
2.109960310965864,1.8919372390967322,0.1454262538158571,0.6190070681683341,0
0.9043099168712205,0.8286280042338081,0.9764933924984288,1.2473873395414132,0
2.758377359706055,0.6308441293842879,0.1003535578777387,1.3943842884019635,0
0.6118870490811349,-1.644874115900039,0.5742581033710769,1.3408275806227063,0
2.2087615019280564,-3.3579441364893303,0.08358758400577837,0.5838513784185023,0
0.25299546482813673,-1.7119489510949295,1.2003084451390675,0.7684226801301433,0
2.452222221470353,-2.5625602762480715,0.3137613399239956,1.4233238203639247,0
0.29244575649330007,-2.2555823556174204,0.13999188696055997,0.7049739464328124,0
0.18259676238762168,1.1004301695363612,0.20409741418657862,0.47107426502904615,0
2.8107920158810717,2.4795630800979147,1.0057414145822245,0.8580632594619504,1
0.723659119690455,-0.3544683917570177,0.7175046137616103,0.811323184909715,0
1.3614170034180775,-0.022920582273671997,0.292168686333515,1.2393584991916713,0
1.3690165040640343,-2.6510867846166097,0.38841509181569484,0.7447880829459201,0
2.5426732136302883,1.9779226606779323,0.6270174705861835,0.7297988312594162,0
1.8573803853361737,-4.483645389363053,0.1450188667446634,0.2546325022280204,0
1.7712022966318008,-2.3526618720890147,0.6873185925347957,0.3555019157405247,0
1.8209548758352179,0.43883658959806926,0.18168548299773918,0.3252329989836286,0
1.7362595940202228,-2.254880506782629,0.008591942070003633,0.39272931911429526,0
1.1275156656557384,-4.1348213318387455,0.04468768884323954,0.036006352351329984,0
1.209748280996906,1.5632152893766893,1.2478781632540439,0.8163748147707692,0
0.30420405219250835,-1.687260102103716,1.2814209136549177,0.13470981867523535,0
2.8326893340953916,-3.922047439485643,0.46277885765033266,0.2684854787700799,0
1.953438818028097,-3.8544897736079453,0.19330236909066817,1.2275415081638898,0
1.3687183543273098,-1.124210784332326,0.48718152204113613,0.049688351526066765,0
1.6382155906144382,-4.119086421440694,1.1042440763010903,1.4833018624538328,0
1.4834501143645973,3.378585496646691,0.5828571750486813,0.7282280853753897,0
1.6775056412104599,-2.0503743801418683,0.9050754800564635,0.262530254095141,0
1.0883698006093807,-4.897330151792572,1.2165206290763386,0.5640860893578323,0
1.9218246519088775,2.601517227579305,0.8995240875130808,0.21945624693585242,0
2.2489991225463055,-0.18932105314216052,0.10416654129842917,0.4199325981035164,0
0.5222850015584297,-2.9841694426751006,0.503804029319465,0.381052981756359,0
2.559744491664219,-1.215056856095078,1.324750505727216,0.7884548241002567,0
2.3469177344460483,-3.7045601475495573,0.38455387766789223,0.8989598564160393,0
2.31859111508986,-3.067493965577147,1.097346995499211,1.428242001105124,0
2.320500590917123,-2.538555736343614,1.4540285621378166,1.2637614384991809,0
2.654520653328392,0.3789528801746229,0.2759713284011155,1.1383737621591272,0
0.664278516005131,-3.37322319757872,1.274737321711372,1.408366575318831,0
0.896623101885205,-2.9562943818592546,0.5922790110742562,0.5647036059000253,0
0.3910134463817193,-3.157632928468259,0.9021280977609938,1.272205584607513,0
0.7354278226854675,-1.2329638590983807,1.2434874477973303,0.2043939061834884,0
0.5739499764717917,2.035271209634085,0.23269555897241084,0.0216907445113253,0
0.33294556167907086,-0.17599825646815948,0.5815277576995225,1.012042032304869,0
2.766872900922301,-0.5118309335337301,0.8017187948638173,1.133896609543154,0
0.07346483469107179,0.9703658677404059,1.023418354726222,1.048198875962215,0
2.521724123977016,-1.6772615529192905,1.1408776625583246,0.952213808817804,0
1.2859455824312624,-4.200516321697688,0.4743882469108158,0.21929536812737105,0
0.7248114194339532,-1.551362179522334,0.48595155107933474,0.7567623315349508,0
2.8739597334566165,-4.628681723402931,0.2693841881611587,0.15726909847308118,0
1.284962768882815,2.630243815356595,0.9061677051711061,0.11814295159269933,0
2.6003272619952584,-4.708103408580758,0.41996024548863786,0.32634634865005163,0
0.4244210401638777,4.095339639087088,1.4281261785986645,1.1886852245965964,0
1.3395721853093971,3.3673464650813916,0.04730288843731628,0.6396345256241167,0
0.6095819454023372,-1.9106436582894437,0.3104475551565181,0.5159446593759103,0
2.6471459173009424,-0.5194842958334602,1.3362801617099287,0.5261791191997551,0
2.937571042527612,-2.079099307603963,0.6385074704661137,1.3590842070181146,0
1.9984112730308325,2.207462068049704,0.5299819789648823,0.7315218270392738,0
1.9943179213970583,3.688504652403493,0.31238310866337365,0.08001103153538303,0
2.643154940546431,1.6682369817895983,1.4402141198226586,0.8419326119043193,0
1.0247875710600751,2.3166412752264263,0.13396343253094362,0.8749486062389096,0
2.6505783491608645,-4.804121855292454,0.4099676427856106,0.5695877125870894,0
0.35585769937413536,1.2547506532957788,0.5554466174062083,0.38006083292330034,0
0.7907749212459061,-0.19964457639708666,0.1449765514777393,0.15325376511103073,0
1.6002821321379923,1.047807252308485,1.1582298893447514,0.6937006293992245,0
2.3259717954956236,-0.5589877761728426,0.1127203503392285,0.9540435123141797,0
0.353329338433058,2.26047954516953,0.18982258939864421,0.37194214574042944,0
2.182187696215019,-2.690517540781161,1.3439939688416103,0.6352827732967425,0
1.0868612107606037,0.6806524839676449,0.01528559462308482,1.1869390329217588,0
2.2031710559594453,1.2701623394326766,0.957125323722672,0.7128623256467161,0
0.845771806244342,0.44737787384246364,0.07904300449816765,0.4846570081259528,0
1.6581016300615243,-0.03891957679549307,1.0339280358794682,0.2824969846722011,0
1.8707067803407895,3.798568738511838,0.4989324946161755,1.1568813591709874,0
0.8466069667252923,2.925424231747643,0.9164640327243642,1.0890633493818915,0
2.934052846855107,2.772190641573294,0.5466353373311692,0.7564007415331818,1
0.5015040003436774,-3.519565463843545,0.14129659677219536,0.4721257168157767,0
2.2403078145643938,-1.8544758569661477,0.4846222882300145,0.7399622003096238,0
2.603505821401493,-1.4456670839164865,0.157429053111397,1.3594313870176646,0
1.459527776430828,3.522000357985778,1.4022797575554546,0.017722278373883738,0
0.1472546596905745,3.2425595506170524,0.23398581744960195,0.6103476079346922,0
1.0539634608661244,-2.1424749144647546,0.9618604185295503,0.0697898383709914,0
2.6238196040437463,-0.7937497015463677,1.3478633816375962,0.7898975999827995,0
2.8136032412609318,-2.311762042723462,1.3461173765907661,1.269175073337975,0
2.238778436545629,-1.2562100060634207,0.5343753852768547,0.7448021578507944,0
1.196370939544303,-1.908500888254304,1.0729227504704295,1.0177077226641518,0
1.6464901453961942,-2.5494386981125796,1.466769425920456,1.461158916059778,0
1.3330469724346083,0.7782224605917998,0.9404466297323466,1.4226324033706228,0
1.6847683104540798,-4.943546192121797,0.5340632603568505,1.2522568560513192,0
0.14083014603101063,-2.455556646500855,1.296804367284743,0.1609494316060237,0
1.581639162894998,-4.708521376389399,0.579643207072549,0.4216352791356555,0
1.3928521367448239,1.2615771944714709,1.267687957577903,1.2263073557433513,0
0.4753805876231193,-1.2787003847963794,0.49091121134170324,0.367242241857417,0
2.926036497354306,2.1193212121509113,1.1946183807561668,0.1794538781235212,0
0.1934358069272729,0.9984221971147056,0.23560762123178602,1.0558719293031626,0
2.3549702165972857,-3.1184749877864237,0.8865075250291974,0.5264492272187102,0
1.0501391930781818,-1.8258565952123282,1.4537212579757943,0.7802629501356677,0
1.962230764816728,0.5715255004639186,0.20433692774998036,0.4651777553764572,0
2.3962382887314573,1.4068506803844718,0.8419395365805276,1.1115949084532601,0
0.6401982585914651,2.409469686441178,0.38850296282629865,0.1635385618051477,0
1.049839207435783,3.8035675986852002,0.12667381404152928,0.6755753218428995,0
2.3701109465346883,-1.486913300444983,1.0256634112675602,1.3454519135513965,0
0.2733231495729944,4.572056430331289,0.3019433216099131,1.107551030774564,0
1.978187121472361,0.6822629954775721,0.6259618247201384,0.18123170054594562,0
0.45081209822345203,-1.024606556395283,0.008194662707666167,0.7581999717861054,0
2.6473795301209724,-4.10139974074187,0.8832575956540873,0.4363731424240615,0
1.389924609157871,0.7699971797180316,1.4293735130482468,0.6999278787925544,0
0.2602332845197697,-0.11230241929168905,0.5183367306110925,1.2399161336931477,0
0.2089985248519569,3.137640791140903,0.36219956396763753,1.2831229125651995,0
0.7360301438853017,-3.268995514448135,0.7343272360885136,0.9980163256972756,0
1.3908374383786968,-0.6989566802847937,0.320810924094028,0.4835425213703393,0
1.1838666261821826,-2.497947996617027,1.146285527360723,0.16642742780715314,0
2.1428552898044866,-2.087715296259688,0.12308592739241803,1.057799888938368,0
0.44029675047702643,-4.682563243769149,1.1176330246934556,1.3115835124459676,0
0.41572005136750156,1.3652785936604994,0.029268147587133975,0.535211663861562,0
1.4961951410546144,3.936524044375213,0.0013641219695371132,1.1983022315965794,0
0.9816843141368607,-1.93265304279578,0.16640305634401453,1.090297103878977,0
0.7366983503175488,2.1397652233655577,0.007996159704200256,0.9611473548369321,0
2.1308692636623876,-4.148528839740252,0.06695326836641896,1.276311422640886,0
2.387042444285678,-3.9996775938721507,0.03950912730314343,0.10532473171352852,0
1.0042226688051223,3.6158903976294408,0.015005155812927773,0.9724738528653116,0
2.846892736118483,0.8200625263021246,0.4641161194849287,1.1553259102976194,0
0.8147061377307868,2.1752601537244765,0.43528392455813536,1.3511466579247429,0
1.3646099061329413,2.993411326406685,0.19517904313371098,1.329886727028274,0
2.5237940571659463,0.2797456648969838,0.5068844692392349,0.4454324263877528,0
1.0462591844103257,4.832467592766095,1.0123720150947548,0.9514420859480408,0
2.942143755794678,-2.54650702096455,1.488678486210137,0.7465967557640425,0
0.8760401409536644,0.03702103203290097,0.4607889776056385,1.0951869720756078,0
1.0719610002431286,2.6386224685601736,0.31274164885540984,0.8521398453673172,0
0.11664896410132164,4.059045193707631,0.480218947733431,1.2389648487171407,0
2.1882382552535296,-4.457167305058808,0.30582035995057677,0.23233993423037108,0
2.675932242202384,3.399635922377671,0.4570575839131143,0.49839377084626424,0
0.31651345724514335,0.8345185383006086,1.471798883381273,0.1921465599772625,0
1.4442837278232754,-1.4055075116552618,0.6129351828514031,0.00396423494725251,0
2.502852038709639,0.4189004785599302,0.8065583383631397,1.417817299901109,0
1.7813901278750004,2.2391535128176727,0.6787415360467393,0.12096952769059988,0
0.16365420358579041,1.045564356133176,0.8872606138586876,0.02965062444198302,0
0.9052726666215426,-0.8290837216855698,0.6621255056537438,1.3318116342161899,0
0.4156081251885042,1.5341027902200093,0.8661429530726956,1.1868402409265086,0
2.7211170025784757,-3.5700873625086347,1.2986665257064243,1.4223076672211277,0
1.0484672315588828,-3.360207732190328,0.2815996896827134,0.03585824255379172,0
0.7617818022826364,0.9117107228173307,0.0673639041932923,1.4595137308746753,0
1.8210473361786739,0.6876786659929888,0.3013266851773085,1.3841708551468166,0
1.7389240506401324,4.696690886612863,1.3696312618016195,0.22342190344350749,0
0.5808526305024788,-4.840971292432469,0.8204980089952147,0.3490698592173075,0
1.0856687590367746,-1.8215975072618997,0.41658426005309607,1.1603726365550067,0
0.1031811791856283,4.340529370549417,1.348741922200752,1.211495533290803,0
2.572457569243286,2.215842283913222,0.8709063926154621,0.5101842215853073,0
2.1979754046278597,1.9822775966938462,1.372924420308375,0.7703940520506194,0
0.14991223870221448,-4.3778930391516315,1.3876959978130603,1.4717337619660285,0
2.309111553471675,-0.3006540787447136,0.245006510085091,0.060346039020808706,0
1.600864148992891,-0.7146292077923269,0.7457374410625714,1.380517149959369,0
2.3489386365813663,-4.513472895149207,0.8050217231304218,0.47031231468409646,0
2.6415565282505495,-1.874733071631498,0.3001024754366138,1.1119757295624082,0
1.9624480915165892,1.9912581006664105,1.1867144693896783,1.4760477361076711,0
1.7520053627308203,0.8269274511421241,0.6289243891705734,0.18209148271721404,0
0.5119865844288386,-3.904844806321228,0.6868012955512399,1.3884646951072495,0
2.6024129501679742,3.7060601955755317,0.8943488383190599,1.3138531276924257,0
2.994074820854805,-1.9350479067669966,0.5729484186187649,0.4182383555646133,0
2.5439787648891703,-4.604136741929905,0.9194810797168824,1.4685239651072415,0
1.8867425978907122,4.408512061013299,0.38524873072954696,1.1972538894915645,0
2.147884541568981,1.5191771634557059,0.10588569545847037,0.42575956569843076,0
0.7674073055238246,-4.87177912195535,1.35692330557358,0.03787827345016376,0
1.0468886778609017,-0.7178973950394942,0.19066243521782378,0.018091357511716144,0
1.1084249490714742,1.7532297422691538,0.39934910016467723,1.0202354206056712,0
1.2068313948081366,-4.152876123688971,0.5915538520751287,0.6976039566859398,0
1.7479127769789153,0.9659917360656785,1.310783189788929,0.37973280437671003,0
2.562689234863725,4.444674613415145,0.44840523707965635,0.325051445833424,0
2.244973294239177,2.987378088904883,0.387041037952363,1.2621711691837494,0
0.04830152754770234,0.026445619923446628,0.7587826614743611,1.3127253336014868,0
0.2839786004418755,1.1550120125125343,1.2518882744670186,0.5830278796983814,0
2.0499545529766583,3.3432532696501607,0.7949695598720399,1.2291325805750046,0
2.8638777373028583,-3.9670042618453962,0.025161923990779822,0.7221945619490339,0
0.6836531366624278,-4.991514708427846,0.031179923721955383,1.356937816916488,0
0.8732868953112523,-1.7396333095879166,1.193032483133132,1.1353254453541384,0
2.700070136133471,-3.1408738492493624,0.2368429260160711,1.487421751426335,0
2.609925609412276,1.8782524264144875,0.9514399132605048,0.5289874455490984,0
2.225149503198365,-3.0073033061778096,0.4034205062596855,1.138730373541659,0
0.7735149760791709,2.7893232431911077,1.2326134326586498,1.1785189820514357,0
2.5898376226756548,-0.03049563386923637,0.6656994891931343,0.3374114590902067,0
2.014048841752739,-0.49576051786983744,0.5154228872702712,0.6112352394197573,0
1.693461538920183,-1.6019056094948625,1.0689004803961089,0.03332253687013692,0
2.794267739839337,-4.232104092610016,0.3517063632679768,0.402312202450568,0
1.3541275335125058,3.490806721806221,0.9573056443630179,0.00959546042720344,0
1.2908026070301142,-1.6984144265762788,0.30252858011246864,0.9166477335159584,0
0.5622308613325382,3.855551284641585,0.5037218928856602,1.0442959604911393,0
1.0161361475461792,2.078761071369458,0.35802575602217673,0.8395304466723679,0
1.8437240837500108,4.1468688732818,0.21457571882265142,1.040424871987418,0
2.8364522001607906,-1.8799551121394389,0.51721788700328,0.20361211636317683,0
0.36606085467064664,2.4883274746334347,0.4713046409171583,0.644146568393865,0
1.9147418501199638,-3.9275241810333483,0.9524804883967709,1.0899156186511487,0
0.122836121051072,2.1043991767281147,0.016503767164627925,0.33998703975401795,0
0.9893522189687224,0.25743418405949825,0.15432711386385195,0.11574941064508087,0
0.275953567559608,-2.8850047037455786,0.0832608990723373,0.12884875635277043,0
1.8005513234782582,-0.764203522153406,1.0679174783102372,1.019734738102675,0
1.299504705555385,-4.9771805324012055,0.7256172818274933,1.2431132370385678,0
1.414193824392453,1.2223111420840596,1.3045293983923312,1.243852862751385,0
0.25924826734288564,-0.4035002932329954,0.6414185085521795,0.4093160010691507,0
0.335696466843054,-1.309603455834465,0.8848013664489401,1.1916512055647026,0
1.362254235780144,2.5673675744452638,0.3980880463952949,0.4350023637479311,0
1.5987568106061592,-0.6057742417953271,1.0169435207198465,1.1094275305564705,0
1.512623275719898,4.829989344101213,0.6827147245664216,1.1276962668498602,0
0.3121981367827794,1.7108204861194203,0.38430072267629845,1.3347507846044468,0
1.4942331342069264,-2.284897160290936,1.2012006806654825,0.5986030393202365,0
1.7503142441979695,0.5907556886174952,0.868753381338436,0.8523565530926099,0
2.653944227168908,-3.693376769856498,0.5822296636781973,0.8935921373218646,0
2.1382470145242674,-4.136586312820462,0.23647044740758455,0.8790082593475506,0
0.04658528507458004,-2.8671782199610805,1.2258950578021914,0.5822567824338372,0
0.04860518321263274,-0.3046629899281843,0.6742674969899813,0.5633456252393076,0
2.0537543017112276,3.2499027304507067,0.014421257404620802,1.4744772505252488,0
2.609200079640879,2.1605644252193104,1.2002129049749783,0.13004574711401495,0
0.7731635650816184,3.584299283428562,1.3651363612365424,1.4403216126131468,0
0.2139281558856967,-2.2297896775804507,0.6638949867161738,0.10731783790737687,0
2.211166652430653,-2.425516324641146,0.7716845516909441,0.5977432173767298,0
0.14549369891436503,3.818209954485951,0.3716436764213057,0.6998313411854964,0
2.177966588530763,-1.301830941987384,0.1253748226286559,0.5737826315200312,0
2.5150272403185117,4.969650001886137,0.7122453328074825,0.5296842033715987,0
0.4696468020286422,-4.6323350163784305,0.8425684959194112,0.8415156306349412,0
0.2771089355745108,4.557929412578158,0.6577955298652383,0.7900034879405986,0
2.4041380180838265,3.823837724770762,1.1675115331501922,0.9228675933364949,0
2.0799097044906643,-1.6580048228587554,1.4972874309426496,0.9760538726826726,0
2.5922697993116266,4.934705242776744,0.9309580055887672,0.9945448059082567,0
2.463525461257775,-3.2692071621547814,1.1260205858768892,0.8112228003175683,0
2.2273112716756094,3.389420531847584,0.023573494042210597,0.8584689849686292,0
0.44728974284517053,1.144063955738086,1.4139856553285468,1.008002277864521,0
1.4626197726443078,2.2700064388690633,0.06630236954240148,0.48201619203020635,0
0.09886945041846795,2.515987178355525,0.07320799203390344,0.19780849391431643,0
1.8105303506231951,2.0166355618205145,0.46553141327889097,1.4784826603458097,0
1.5332887555084262,-1.2216654612941138,0.9772332765941412,1.2819345054592635,0
2.496263173494465,3.31782403024436,0.3552439228318125,0.09800117423919441,0
0.18370492255717796,3.6724907498368964,0.2298879133160726,0.7751659721303755,0
2.7759073845873803,3.6292915151832705,1.2066836571152495,1.2085044646254126,0
0.6468795889746541,2.8236566305675934,0.9889739591286562,1.2324665037578768,0
2.754670213252665,1.0169854112545824,0.8670722047828708,0.04265406236557956,0
2.7688332364404875,-3.3827219880931714,1.4528178449267706,1.0319546060881613,0
0.9074963650347222,2.4442228329883644,1.4474230699427366,0.0635303707674233,0
1.1419401815478505,4.672165357491107,0.059714393763687534,0.49909315762327394,0
0.3826439637403237,-3.496470302584539,0.3981466416798668,0.3410806536068118,0
2.240809735217978,-0.4168488102157841,0.924848677587764,0.977770100330545,0
0.03270799181398132,-4.125245108137778,0.45524988628357255,0.5968149329275274,0
2.746416613377229,0.1872719526092741,1.4657973218145395,0.6906218161040911,0
2.3324052455135504,-1.7271404289339065,0.4564137489759719,0.3040679044099493,0
0.6032117050632398,-0.15239188996437747,0.26924145002470723,0.8402747439244058,0
2.847854403636431,-0.7209700172433386,0.8394935071521881,0.8277503486747432,0
2.9000410990769327,3.7610298134380074,1.3804671340090593,0.33008332263699636,0
1.5628340322124203,-1.5261800471855027,1.2003323566959376,1.1384293281984614,0
2.681838748136349,-2.443515500405784,0.6788103301430571,0.6206509251065004,1
2.8005756483104616,-1.2802280253859424,0.30010530025317794,0.47865830434235734,0
0.883922102666458,-1.79860865486574,0.7727715635159538,1.2387869849874797,0
1.1634701515080899,0.7267787390071359,0.09780842316993843,0.15784903922939952,0
2.5678076361939337,-0.7283980324099373,0.8006197498093953,1.094348341384422,0
2.6890310618161513,1.6185674222901376,0.7608837971457955,0.7930072996260926,0
1.757140457573886,4.662692270069776,1.0665569818120328,0.37131617702228414,0
1.343149205654672,1.4594301495599824,0.3082190851658604,0.20130365625012364,0
0.04691892323364688,-4.4428414884394405,0.07371696277540452,1.3464604114499563,0
1.143105508856186,4.346132546744739,0.7697793943784738,0.3901092503650195,0
2.3657706113891015,-1.249576187185756,0.6760499457650011,1.2839446092855404,0
0.5577561485798458,3.9263381601426808,0.4475745904902394,0.5084814579521615,0
2.141275339186263,-2.4010796292955394,0.6880665825073708,1.2935724145779424,0
0.13696235661711642,-0.8280519829485957,0.45783811709345296,1.2572974316587162,0
0.5489244309811386,2.7423588905454688,0.02111174409657124,0.1321068544239647,0
1.9005347371792394,-0.9790302847043488,1.2332907983377421,0.9483597984924195,0
2.341458996870168,-1.1135914272190073,1.061741982388495,0.48850186590221856,0
0.3554245715416302,-4.732417378390814,0.010798154952230243,0.0701574293402506,0
2.321117659474221,3.5288349150189617,1.1169797248256583,1.2585489580824005,0
1.8646815163002823,-3.820869696377155,0.4372835482546756,0.5449539864004269,0
2.13437127779061,-0.08013726967078139,0.5910665528939152,0.583786536154288,0
2.708367488759192,4.4974416664279975,0.8748777413490229,1.0671522313115103,0
1.8867398515751233,1.2797985514801304,0.7878706143175515,1.0529556995933056,0
0.5579540063862359,-1.2919387611180646,0.5817046321442844,0.23840982574612513,0
2.1522963595747364,4.826186284929653,1.31838270952007,1.2156920966870497,0
0.990080048542971,-3.364970602647841,1.4789059281918187,0.7839866567787925,0
2.357939530325979,3.605092738332056,0.5520690872556984,0.32650941223204627,0
1.9124058311635919,2.2639603185899615,0.9268106385423798,0.3618887459828366,0
0.7249827133646539,-0.7075406796966721,0.32639311293332374,0.057530227065380024,0
0.6312441651293431,-0.11566823183190156,0.7286200582218259,0.9948157348181146,0
0.7107037834682444,2.788309805364989,1.194018708741896,0.46276182409309213,0
1.2105513604061957,-3.2776221824145346,1.228031833510489,0.2889207006617141,0
2.6343498626629245,-1.9561128774235859,0.201549454289714,0.6746091171247159,0
2.4665878216079515,-0.4893438434415547,0.9012023405437192,0.37190268926412223,0
2.5918129106366052,-0.19395809676532494,0.2963126783605316,0.5011002133000253,0
0.983019415747955,3.724936109207812,0.04456001544139865,0.17444903706780762,0
1.6185701820469878,-3.507267835818398,0.5266258691336575,0.41555403732064383,0
0.6776027369223517,-2.6091173378331964,1.3154753575336016,0.04665862561508738,0
2.4869019103512158,-2.018996985588557,0.05520048141483158,1.2153378071118008,0
1.6579621010450611,-1.877761749203998,0.331325070494763,0.2636554789439052,0
2.623483263975236,1.5147883502508028,0.3428021123796136,1.0036125303846517,0
2.4490000538437284,-0.005166905022297996,1.2775091593637837,0.9431167569200452,0
0.6742208466574926,4.667027127353208,1.1847706971864165,0.9013893670466391,0
2.4703117241477726,2.7973426806785406,0.30223337737890177,0.23100319758727617,0
1.3681855173272508,-3.9705641374986533,0.9031670350918009,0.9341458204493089,0
2.2535121746686273,-2.41838508966595,0.861376174998551,0.7132203332433165,0
1.0919298998248284,-1.7620822866053523,0.09641100219835941,0.3483713082943967,0
2.2769201846160247,3.6908572670861464,0.36656104068822976,1.2956262530361762,0
0.9931657170620141,-3.4634490819135664,0.7375871027799059,0.8391673192440212,0
2.0234614516239837,2.592249102667653,0.38418714681740507,0.03781356600720259,0
0.659760177715144,-2.2769582216444673,0.11027989047620451,1.4673380009045318,0
2.4619473752740015,-3.4004868396619914,1.1648347170494708,0.5470343399302069,0
2.0827755668559513,3.842062676420369,0.534140830635349,0.9448743084428838,0
1.2010381118335016,0.9066988879667646,0.10997733219460915,0.7126358484367088,0
1.2715440281135921,4.543837019531475,0.5074290016263836,0.23997532400381666,0
1.6942993285520047,4.61918934213227,1.0126953186063856,0.2977175002427621,0
0.07556630550749555,2.796227547667412,0.8767821381753034,1.430479686733681,0
2.1537904764276457,0.5254526006930584,1.1138401958259867,0.3023072138267208,0
2.2274417772243895,2.0530698948038317,0.8497370577159532,0.49920291426666663,0
0.2823870979021771,-3.8949593275515793,0.6583072350888497,0.5177063359787163,0
2.452435156193017,1.1890064096360975,0.7993666508880416,0.4942758682580766,0
2.356978904743583,2.3744622565148514,0.0365581898916818,0.6393790225911933,0
1.8896667045868218,-0.6387306919888616,0.5614094219109812,0.6164448961195038,0
0.3718946315306133,1.2855679522186882,1.4181315227406657,0.7610423657937315,0
2.444280423262634,-4.748672730006457,0.9178967909762304,0.47550413750391474,0
0.14803418785766553,-1.9778158724822292,0.7319805313216876,0.993080647477521,0
1.2651840375291017,4.515899549321281,0.19462190981133543,0.2929482561108994,0
2.492204377218975,-0.748081137738092,1.0647011766297871,0.9990200657774992,0
2.6636490379489395,-2.1708957507639814,1.325945182393086,0.20457280529361715,1
0.48321079855435345,-4.360859359837774,1.2265688398098638,0.49363740586639093,0
2.5549060349129533,-4.347324135405357,0.4930361011522411,1.1573617164425114,0
2.1617337859022916,-1.9045351502960814,0.8262375273793813,0.8948960161649027,0
0.8143661445975121,-1.4480100907593418,0.1854167197777034,0.36490779506243914,0
0.8929537090115868,0.45156619003357257,1.2347538792602373,0.6514273207840273,0
2.6683116456610256,4.922409825181667,1.3731504031075865,1.0849139304106536,0
0.5368838857204301,3.2548179908804453,1.437804652850871,0.0336136892483202,0
0.7446047818338312,2.9527517819252855,1.4676095509232943,1.068680017168386,0
2.1304668839595617,-3.8709937262172778,1.1735767955384355,1.4086668854654825,0
0.5366198151373778,-2.268671977565939,1.0704072117909553,1.3987052239733813,0
0.4785099531375937,2.8274316750465376,1.0595268787961265,0.3378283615160854,0
0.24479299337805005,-3.485191029240319,0.4707726796857209,0.6260490368135744,0
2.302636301084242,-0.4878573144360763,0.942183357689846,1.1300130610811885,0
0.07640714831267936,1.0597771322124583,0.7382855892089422,0.5705195756082226,0
1.5252899916836968,-2.2041333443678077,0.7918942236841278,0.07413468135002799,0
0.22712414799293923,0.2501814533392457,0.6506998265086328,0.5640776882020497,0
2.9995866397684585,-1.9790957397891096,1.2361668054923474,1.2945836816841725,0
1.1116798426062167,4.931993419623451,1.1625954200663924,0.029355003880694563,0
1.6906467718166471,-3.6346302229313387,1.0867609820666222,0.8690520632285337,0
2.9190088465425097,4.951771862910405,1.31144426499574,0.6568798289113,0
0.3075070033584113,-2.8581290428707264,0.1389516896873802,0.5040033500462113,0
0.42319132492886624,-4.5737459489186385,1.0012363777197615,1.1297479340717913,0
0.8381507485619094,-1.0127588877827365,0.6963976621899266,0.5713368609100897,0
1.7597041558803366,0.6538120689098328,0.8932068041436417,0.9453190127696635,0
1.186290041778494,-1.6027135299779016,1.0953995590894845,1.3899167220775,0
2.1482704472735126,-4.932783844661726,1.3435079788205342,1.1789933380407143,0
2.3699320882107298,4.2343789279780815,0.230712915165257,0.8162665865510446,0
1.0040814254238541,4.080902893197685,0.7186163238585648,0.8134567927345452,0
1.8795244147517332,-1.1012956569252852,1.1679990245710425,1.3881185896833395,0
2.5428932263452477,-4.195339318754542,1.2110247974707173,1.3956907674574586,0
1.7627846000043572,0.45004389726685723,0.9683311734618791,0.6616107548325479,0
0.200696214086742,3.0929993077558198,0.4509675277060973,0.6616739933988048,0
2.64932008842803,-2.0922131741531658,1.0260864143707442,0.5602812596783202,0
1.8380055054482778,-3.8785194971098735,0.48596081341472225,0.5597813909805346,0
0.29168555652617456,4.000862096569664,0.866966375526401,0.4909750003382,0
1.346501945555335,-3.259489345950878,1.007464236462138,0.7449020889354117,0
0.8808343983814578,0.4798652866316724,1.3789774374369483,1.075331456623924,0
0.7817990816237614,-3.068949054789117,0.964744255384991,1.3606512114513298,0
2.205598034930512,3.2690688746538594,0.14556153565320346,1.363902001430964,0
2.5274598454751436,-1.8783774772239137,0.5348063936980489,1.0461468141328507,0
0.02901159647908047,4.726076034775115,0.8093367191796648,1.2980142159118904,0
2.4224172036170977,1.1690856475978428,0.44390126108070144,0.7113036423939597,0
1.050674561147674,-4.6758962944290285,1.4994016250010875,0.4399919799030971,0
2.346269092789818,1.8293100783045082,0.5636689387839929,0.5823658127977103,0
2.7380281319524284,-0.4895455158675519,0.6603478851067166,0.37634081933230296,0
0.08245157781428514,-0.5398879246659138,0.21836634623807571,0.5027691398465199,0
2.6397298690039896,-4.515655637468078,0.11055069236573023,0.8494411646201117,0
0.9418354354396851,-2.0106225539638,0.8054662005632234,0.8044821555560645,0
0.6646135923866819,2.821513202018523,1.4370826136624488,0.9019985350906439,0
0.6507620126053647,-2.4056750695979003,0.031200509005848864,0.70653530709414,0
2.1626081243581563,1.109217993904772,0.8739248084552218,1.2442872584444464,0
1.0713214346756565,1.4063700879670904,0.9833927037732746,0.06681613458837632,0
1.6047719508386242,-2.305830316256757,0.0049596075736507705,1.1997197638000958,0
1.4084880323638282,-3.454149181443067,0.8890361154997448,0.6743934069878365,0
1.187498151836258,-4.189701147388329,0.06073563833513629,0.4428936270417539,0
0.7932920096831297,-1.3375047419478712,1.4979635835481944,0.6340074772839741,0
1.664865179049145,-1.9786697878418735,0.028621987750760636,0.6973977795945236,0
2.1661371669066054,-1.1180218975559955,0.09047614749326977,0.7787708810100924,0
2.505166414717147,1.9628562372250338,0.8277807063472009,1.3494148923906424,0
2.8058206923562525,3.781190222616008,0.11120860325992621,1.2515469811137252,0
0.9373685691022812,2.9472332590858272,0.6476219731004202,0.9523389542037928,0
0.6113820970734314,2.1033626461726023,0.7341385737774218,0.6429459221632201,0
1.966797702987016,-4.161202918807636,0.23190114193865857,0.25150486921661036,0
0.6077565469333811,-0.6304245240999524,0.005222629109137622,1.2126118465039877,0
1.8197132549347732,-2.804750076853042,0.9759118299410282,0.6849269635454778,0
2.0064541432920837,2.089450569561601,0.7208987587675524,0.4306032064188045,0
1.515375526948434,3.4302786626483037,0.2811183309462371,0.2795823372825084,0
2.7678444353092075,-1.557454095250066,0.3105714828359176,0.1558368790119371,0
1.5576730069999738,4.486980288509487,0.26819465335444614,0.8432076170856366,0
1.1425332017669283,4.228234709956407,0.16676207460470804,0.12844059136882785,0
2.292382316389395,0.059292780414130775,0.9664958458634201,1.3381023661926483,0
2.421428643873538,2.763148948081035,1.2722416499988203,0.6919122036510397,0
2.761901369930945,2.661800664412352,0.973248838245615,0.7037018873281566,0
0.027098484785063826,-2.0811981879287456,0.20614918486490502,0.5318101826393913,0
2.704550613275324,0.8118605390921907,0.3314067243412255,0.20593850772013256,0
0.4250227507304104,-2.764832562295314,1.1724949090879775,1.1236221088835103,0
0.38019482408270766,-1.3865183733276698,0.6731392865383454,1.3331209512163278,0
1.5306158530883325,3.3728090989730717,0.9401609151712624,1.4798015474248316,0
1.1656804336441122,-4.026469437194738,0.7391988231990847,0.330594407774384,0
0.19148980716983632,-1.4035852596131129,1.24979751911139,0.7250010675509069,0
1.0645360527642285,-3.260750196053576,0.3166519241773667,1.4943007116021925,0
0.21527375451546493,1.5301739771152958,0.1050574057909967,1.3775586508392528,0
2.053357359422006,3.4659365574166294,0.4021835412272107,0.16145615837489458,0
1.8958678949095416,-4.532666346926608,0.6925232878303801,0.5220532987070412,0
2.9745690778423066,1.0645778340416108,0.703221705098466,1.1645344066615357,0
2.929615435159906,-0.6205856357120352,0.5913833994783779,1.1898349022172108,0
1.9002412778092925,3.8597516651693766,0.38710970110335846,0.6069770272956998,0
2.2770295432737977,-4.602245630382083,0.20493950727465415,0.1400246698508269,0
2.4893603592562834,1.6575989340721788,1.0602334888104203,0.7440540432895998,0
0.9997674767162803,0.05406425108410673,1.2813110138907438,1.4659424725995125,0
0.05298278539848589,-4.8278490417444475,1.270403852944376,0.10043730484716512,0
0.6303866448328104,2.504175157312999,1.1967253805145057,1.21237640308683,0
1.1189772839598322,-0.8906766244557343,1.227510541364754,0.6423100179556158,0
1.766124496319209,-3.267449650877796,1.0455000679554916,0.0003793209619527005,0
0.25621776394614415,-2.134136285485834,0.5353765758644455,1.372703238604696,0
1.171662687699111,-3.377599993673023,0.7230722724136658,1.2027243418854625,0
0.857314657449946,-1.404334015340761,0.06657523499746681,1.018195067534925,0
1.5255627597411918,3.4005140115672443,1.2801814785843955,0.5714293488052014,0
0.33653863267243533,-0.8057068962000145,1.1443364751549587,0.5729178203400362,0
1.147996560806074,2.8341193221628966,1.4743168277680694,0.9253611068087393,0
1.2553183036690554,4.730539834933875,1.1225242456183482,0.7156690519005047,0
1.5639301528929863,-1.5958748315010993,1.1008483648245122,0.19245471790342672,0
2.7593886514941106,3.4306721605281787,1.084947922606901,0.7085110203503499,0
2.1847608856138194,-2.071702653481089,0.6427011299168216,0.05453318124639017,1
2.2970601581663876,0.6911899556123586,0.9681431547590185,0.5152077996809126,0
1.0848278474619149,-0.47675588777192335,0.5173442613434494,0.8181709132107762,1
1.5619336397573136,-3.044433066562039,0.3714997987543441,1.4420672018133693,0
0.39319465156749045,3.321341512083837,0.4806928901512874,0.99707997406392,0
2.4199255404940345,-0.38705458431290385,1.4801433168525393,0.8270140111335735,0
2.685154749106606,-4.502006160226138,0.7392866602319648,0.1884188650903496,0
1.2000702272637596,4.1683672710352955,0.8195321997322957,1.1571831741866714,0
1.7214616045567452,-3.6854545492760646,0.4767892982977206,0.2997497662502444,0
0.02949342657653753,-4.247722601280696,0.3160552923576578,0.9509853809328447,0
0.29250100517849853,-0.8472447590561849,0.6909233944151134,0.48628523478128505,0
1.0910922272354204,3.6402496829901505,1.302773010932633,0.07380269099076409,0
1.2672899691279365,-3.5552408207701203,0.6100120396269,0.880176896603634,0
1.378055412698738,-0.26327939471896844,0.4246539032120671,1.3486862927213887,0
2.012212608775375,0.44693332542327635,0.7502648899088944,0.9014606523047095,0
2.5920084277026114,1.3999296040021392,0.6906783389687514,1.2636719705311903,0
1.4628191392668661,-2.5641779891430314,1.3874675144609994,0.7946266081174371,0
1.4166341535375002,2.217626713029336,1.2639255501147642,1.1687704692467247,0
2.3322546468012506,-1.4893204765585057,1.3099918462564122,0.3863278112991609,0
2.0380525018072686,-4.045389679278795,0.09626981422872533,1.4531194238333032,0
2.1142693167153395,3.1892986493742335,1.1861727469033254,0.30934649921234364,0
2.4799921428893232,2.042289434917622,0.04212747666619665,0.9661107714069614,0
1.464671901466408,3.495860103394609,0.9724552228120356,0.8626372362735053,0
2.6795538307575093,-0.946810532100093,1.2297574823748634,1.2782116614380021,0
2.3024119356838324,4.970213746491947,0.4896561303810107,1.433231165512174,0
1.8025041741209062,-0.142446341389447,0.8686809240303308,1.3958091197567537,0
2.7412436303502883,3.2923224064998458,0.05421183422271464,1.1873078622166084,0
1.9722093603695066,3.2482372247196007,0.8039271392903082,0.903593991271844,0
2.0296329609049555,-1.9267321919399616,1.4657468080864229,1.1290513929401138,0
0.24939922362595413,-0.7245085646475582,1.2882523608940923,0.11850948868082067,0
1.6278318097564037,-3.3669783710651204,0.8193967001709033,0.6245361013632038,0
1.5451130883652797,-0.6116127604203889,0.007286327977431117,0.3036028064209425,0
2.618717034817956,-3.75102897517378,0.6804699543060748,0.25509684771972574,0
2.3902336356482556,-0.43727522344206626,0.3645058466052326,0.6722898591113282,0
0.9210179445916974,-0.3315769159965196,0.08293879321777115,0.8430262169491474,0
0.43489802643865605,2.8355764852718126,1.3417210211089898,0.7782962218749051,0
1.7122027662833117,1.209509676133031,0.08406162807009138,0.6387498750474053,0
2.701710656027694,-1.1610703544999024,0.9448955376250252,0.21303211566960473,0
2.809961854365712,-1.2677878309719781,0.8130981609608485,0.04307636913964774,0
2.000394169907506,-0.9850976500416699,1.2471542894698073,0.9720791544915145,0
2.3692074049623697,-0.3188908659185987,1.2904294006247983,0.4264989618797056,0
2.0681563428863123,-0.1288811462551953,0.2710456170756565,0.7971315562375895,0
1.4279125958525798,4.403891882007189,0.057785731613593405,0.705483574455454,0
0.9192492514732208,3.0739877704742966,0.9446309464603225,1.0219515099021614,0
2.9304379759517443,-0.6434227096808085,0.1840619456729412,1.2897557244419569,0
1.6665116954386097,-0.06698753467901142,0.7198575572365332,0.7169052305385217,0
1.3218831568161549,-4.656069225574445,1.4537245605446634,0.9513470759142233,0
0.30411375558895637,-3.9504238821590665,0.9169045843173034,1.4852657263701643,0
1.7956330938216363,-0.43237062918475466,0.7662988557932189,0.7738472285443985,0
0.027922922867451128,-3.528070322056762,0.9965083116023259,0.30034870590302915,0
1.7752068359624018,0.5920964364603689,0.1035635999045994,1.0437059373883786,0
0.48681034945710966,-3.2522472207535493,0.5163322212549268,0.7584125465260145,0
0.3461843526996734,-0.8595696608734258,1.2021745572521891,1.019579934622795,0
2.846946980315539,0.6910258263358973,1.2230968976382506,1.2900363817957747,0
1.5762454114165068,-1.596382908872548,0.17911968209057444,0.2987876293125177,0
0.10786157862954893,3.8875955653671177,1.4564043764614536,0.1740452451144695,0
0.006460350786753,4.989471479697578,1.1361824999464423,1.090941264985567,0
2.3068279568880232,0.2363359878348028,0.3824188583222488,0.4849824359877596,0
0.45234918070658536,-0.09418942341403458,0.30619677716120924,1.355768403797172,0
2.6831683337877674,4.6289214329900865,0.8252457930959206,1.2262987934025291,0
0.8719480938232761,-3.1698624715423893,1.2181980630080627,0.7051275006108938,0
1.9620456066552707,0.8356496411896899,0.4249270648201535,1.1498191723881592,0
2.3671799272161955,-0.04745053518355302,1.3081943622497243,0.11901502826101767,0
2.5445030582871278,4.3891418620587945,0.13596756711275065,0.5341024614660717,0
1.2222697142745953,-2.1637243483227833,1.317320757865104,0.1587527214432729,0
1.2477393461545376,4.382699738431196,1.324243494096664,0.3555757349041743,0
0.02810251928562002,4.693649603739221,1.3885641841460437,0.3452919909967092,0
1.771438101759196,4.754629772135859,0.9247732096860857,1.3354331022969754,0
1.4833288983337,-4.802013623432714,1.0099611665266894,0.1661925598319034,0
1.75338067383445,3.123387317205413,0.43974285252805906,0.3306953272667962,0
1.205927310349757,-4.903095370082914,1.4557792514497847,1.2963815678249242,0
2.903543355549505,-4.323812260125795,0.7780674346813283,0.518785111586527,0
2.6091546900449583,2.661910946809389,0.8573274487531579,0.40967506153678185,0
2.3231149731445244,3.2145213313226044,1.1141960364599894,1.3095228987056067,0
0.7094824495755987,-0.3478750330327518,0.991230108765287,0.7946884506400791,0
2.98622259484947,0.35266319611726793,0.3025400740101306,1.4084628465463618,0
1.9375554113409088,3.041264084738472,0.3564057040150855,1.3579279376551197,0
1.2287345191823458,-4.578908807361358,1.4106636108305506,0.3537932762862196,0
0.7925525928281781,1.2245835152246531,1.1267648179587426,1.4125238848652675,0
2.7219282246824923,3.1806791677079467,0.5993136157770249,1.2012994638057397,0
2.5976958067348335,0.7273581329970646,0.2674223027317616,0.7465268980830503,0
1.9890137480581322,0.8554627320781734,0.9958918163648405,0.5708941400716895,0
0.42118879141187426,0.8502315548687145,0.6083938133656924,1.0094905383169266,0
0.8677737208385138,1.739865374736464,0.33540821468230975,1.0208752606467943,0
1.0396934248018561,-1.6063360228872514,0.30473232404394407,0.8334572765998303,0
0.41602713939198854,0.15115191976548292,0.672858823975812,0.4248790513333671,0
2.8985307710136445,3.075020498134297,0.2355940317857036,0.7741659902336452,0
0.8125736999442592,1.6716626277507132,1.3378060751305272,0.27960323221746736,0
1.8267020603935311,-3.0860815897631886,1.2913995788469703,0.5705565435789994,0
1.259233173113165,-4.500027698026026,1.0745745949657448,0.9782672473753927,0
2.611336930140212,0.12948246518183915,1.3054887394086918,1.32982530985846,0
1.1344599842112473,0.8001800445621985,0.05328389591490568,0.4330207558235295,0
2.0729932273551,1.2262950122089453,0.8248726917436575,0.24148985371650467,0
1.9716436691186163,2.5004383906077896,1.142377093691286,1.3457702241610343,0
1.0582132779528628,-1.8987498200228448,1.3991914676111734,0.945969063136999,0
0.8488536203399379,4.307457648361288,0.6363045102830678,0.21372393926045524,0
2.4991972041556334,0.4536486568779141,0.1836187773595665,0.9816679972887737,0
0.5462588375518901,0.603852606031765,1.0409007772339751,0.16315224505751225,0
0.19506794136190997,3.182427789382258,0.0560295268180897,1.0631702434253987,0
0.6340153176456114,-0.15644599526447234,0.6322909857231523,0.25301288444613595,0
2.206855393526366,0.9129749238956739,0.720902275073312,0.48587376452845504,0
1.7102008919259197,-4.75603726188024,1.1514610597623178,1.30520497104536,0
0.7208603845522027,-1.0897125171899957,1.061474247256577,0.32676836182658453,0
1.2833324959884465,-3.3105268558290812,0.5805712895562,0.18399814785246504,0
1.8794145753262996,3.0092740859230425,0.46787612586225835,1.0746701455431007,0
0.9108709973502881,1.8868332914487143,0.9351884327465282,0.7428553467988033,0
2.4019291690072873,4.6782088347637405,1.4773068804041114,1.0693476565893367,0
2.9095911045822604,3.869023278073925,0.33346510075923247,0.8087525535748545,0
0.5246539831893912,-3.918222263772577,1.122622455624432,1.2373585978163215,0
0.08851780336311732,3.9443063850058966,0.5410664222677122,1.1960968059444577,0
0.15575697593586646,-1.7439910311113813,0.2373657345374095,1.2533703320134184,0
1.7198745729858333,0.5117484662159804,0.34625233493322444,1.4680727759159937,0
1.9411851355142113,2.6835051135638395,1.4535200815183378,0.9087941062571874,0
2.1361635589996304,4.235562838777039,0.932259547233178,0.9031712051912394,0
1.7492010423425177,-1.3347465662749256,1.0090899646810834,1.4754617243908092,0
2.36204719873564,0.48852755181174157,0.5178321473501446,0.41004400760351944,0
2.641993143556122,4.7070890040244,1.3868704251216957,0.48463393909219604,0
0.17198581827142323,-4.9528226955161685,0.7604045780837203,1.2842090803090564,0
2.50286401626556,0.6869448387077695,1.0969509172677627,1.348362910054794,0
2.8397616890772817,-3.9283956217646763,1.1212019121219232,0.472988701927441,0
2.265745732156736,1.139863649844779,1.3683130109970305,0.22242182596663368,0
2.4208617276615607,-0.4608953872459223,1.1661690678372132,0.35414865856827776,0
2.8606673915534353,4.364700787745239,0.5676968897399273,0.01607548894017724,0
1.9603774113521886,-1.3329548803183169,0.13489090666153808,1.104398843898329,0
2.128375949136574,-0.6723955984986185,0.7580562134559639,0.2654611111372342,0
0.4275575909757855,-0.21792616144744503,1.353004989700135,1.307505249811366,0
1.543172616799887,-1.088851540907525,0.6923243869298101,0.010320324110020651,0
1.579264522924824,2.643189733686384,0.27437235815507977,0.029829240216088126,0
2.6411451144646385,2.573189822948848,0.2738191289036592,0.579411994313763,0
1.9010479993128795,3.745237487073089,1.0065173818643247,1.4387148906628977,0
0.9267594515078955,0.7472889308850483,1.4495045977415153,0.8071211883293692,0
1.2289699199317488,1.1178890773031736,0.2552464707272548,0.44930877409077824,0
0.19456292725851687,-3.9179533678292557,0.6146453361530416,0.38580089082839436,0
0.6376769413766736,1.163210939271087,0.6181067255571535,1.1508830608086107,0
1.0981395558028018,3.1363992299088235,1.4042599293752618,1.0721390830356516,0
1.0629051059456838,-4.88062972856357,0.16915820495954248,0.8638930376283772,0
2.626759270166874,-4.509771512155965,1.0778257167516154,1.2606089395525655,0
0.5446689544114637,-3.3287835563056167,0.5521303711215518,0.6200701705179282,0
2.7254152766761948,3.2561339749551195,1.1345395241876743,1.406090984132933,0
1.4103642221146186,-1.106685533068891,1.4922413646519617,1.2497021734421152,0
1.6788380746621652,-1.5947694374865606,1.0297152974814217,0.44818097283464364,0
0.8653433202781007,3.5286870980038625,0.4448300667156495,0.38519764308080506,0
2.1149933710885844,-0.7044417370819254,0.7565783357300876,0.7202906507050835,0
1.79404009524214,-4.5512756538429056,1.091117110908297,0.8953092515433367,0
2.123782556686693,0.4157527767362721,1.3374265266415892,0.9743915130077956,0
0.14600979387275503,-1.4826906386933638,1.4086216962460758,0.5705475079055436,0
1.3426125257328119,-0.28819341155874056,1.4719659779162912,1.3727647235537146,0
0.2733740584728771,2.0979256371442476,0.8532888745402081,0.38318409320059943,0
1.9156766361649935,-2.879611906646348,0.898159004927958,0.5582877146294372,0
2.8140973425979094,3.609878200788053,0.16551713045962224,0.9478157172612444,0
2.007962144568449,3.5393213015466394,0.8697651138483529,0.11448067237825749,0
0.726311156704324,2.6636429436191813,1.2007532996204113,0.40699385849134667,0
2.105445399487282,-4.550960986299367,0.043744351552585714,0.010093726985337836,0
2.5846955070978646,2.6993910359845383,0.4579128894639349,0.17187096626487547,0
1.2630556950767347,4.772226244933144,0.6785041082797519,0.917441128273602,0
1.502204201927329,3.4273880785252047,0.46290085241782164,0.7768363519270798,0
2.766833312114585,0.45976877144623707,1.3144567315335975,1.0352374879063746,0
0.6761178509236231,2.2821518119976716,1.3811858937522157,0.5027495812070437,0
1.3729787379153287,1.244125054974985,1.4145289533588934,1.2626331056833635,0
2.128186888814302,4.489927135633264,0.5416668231719679,1.031162796281653,0
0.29004109065128625,-1.808884271339827,0.4259694160264613,1.0317602479084265,0
0.8294147778656431,4.5492500500761,1.4644647832067397,0.7898960771149788,0
0.023960112873578243,-1.684866206582878,0.36379624513250297,0.6757281405438915,0
0.9139443486675413,4.791291497270505,1.020862381877972,0.18668305717644912,0
1.2090039385203613,4.22180142366345,0.9528768989872576,1.2849394194647568,0
2.114071498983458,-2.4914165796216245,0.2638466630359598,1.0923305112881967,0
2.948388495515334,-2.5168014053137,1.050120236225032,0.16435591154952545,0
0.8660225218807716,0.6591567096551421,0.15530917874990818,1.3322265693995157,0
2.955412461855387,3.621126391854375,0.5319173043376931,0.8159297579249056,0
2.1108224541511253,2.228529805446052,0.31033782417076294,0.457356462357139,0
2.0542543119590744,2.1989635904410427,0.6745053589314904,0.3877668625474278,0
2.3356247669004375,-4.688782380677273,0.3767759337428998,1.4323479342033623,0
0.5806488386541089,-3.5697595739261976,0.4521407991774448,1.43462572666374,0
0.5750203880684911,0.21767495457495123,0.6451619341733963,0.07164018235587394,0
1.5130231305982438,2.865446974110313,0.5977969927504372,0.14777643148957126,0
1.870683683304617,3.664065391096905,0.44612127023224685,0.28957078129411246,0
1.0812944397747501,2.355627034678893,0.6937682310910975,0.1580932412836918,0
2.321476479506035,1.4468320378387052,1.1266876202078844,0.23654292253718212,0
1.9741013497077349,1.6185622944897275,0.3182271618091956,1.4965980381197186,0
1.7800818505952773,3.7017950730722244,0.4009394826983544,0.73819238660635,0
0.9935281886208287,-2.7219651292343903,1.2271916272399293,0.8900650076565484,0
1.8873676940225517,2.3244157017445417,0.8148317339884763,0.16302601909379022,0
1.0283578102413526,-3.3064734013228247,1.2202482300784978,1.2921257729219224,0
2.0709284484138646,-3.824492710859949,0.20944254498033266,1.227763895578332,0
2.307132716921998,0.8837148530463299,0.155345751464868,0.403183194598713,0
2.5497940407673525,0.16651000369247715,0.1268464106704003,0.3332279360669242,0
2.372733435966092,0.47199764442836667,0.17669140112729398,0.886495656143437,0
0.8035056845597287,-4.8317987723924,0.3253147241673152,0.43089481822422454,0
1.9503943634009473,-4.2958220243300484,0.4664354136800479,1.033557847908966,0
0.2039361355703675,2.744850391236538,0.5426051639498586,1.3570639474211215,0
1.7746754967033413,0.2998190252196453,0.10141953476034499,0.12980829572943942,0
0.5235618836226442,2.4387533967529826,0.9000336398079136,0.07800654346315106,0
1.613576871421071,-1.8937816673220578,0.17597015690589352,1.1250984017441612,0
0.6591893081536244,1.9436984862268343,0.2476072327807745,1.2201449361678234,0
1.1271244674408132,4.519558081358582,0.6079566173389555,1.3764486710526909,0
1.9590491631466624,-1.689581528412798,1.0191236818793246,0.6008056770406276,0
1.439004026160485,1.756115703580754,0.5162486458990738,1.0845216083389615,0
1.4814931917424885,-0.022176291263361847,1.1330334618885503,0.6725342919571773,0
0.1548740087464835,3.055938954259803,0.3540038311738958,0.9010138509332839,0
0.3711867736105261,1.4530299151294948,0.42633378980124237,1.1686944000337511,0
2.7208762875460484,2.324835489245052,0.1461111593336577,0.19837279995011803,0
0.01728342399153593,-2.212965717028844,1.0992462341623903,0.49884220400269597,0
1.211972135705511,3.001194131443855,0.5345326638966883,0.20036653346666133,0
2.2960631820162973,4.739458474921511,1.4284560798506356,0.08824864846876618,0
0.7805507972888772,-0.9457875374355798,1.4003891593040523,1.2285742646545805,0
2.63062327186087,-2.5907677044440747,1.0148550779635068,0.9962689563398197,0
1.3122004146555395,2.235492220085834,0.5397651131624107,0.1515161410533652,0
1.5413401783716338,-0.8115699934904548,0.7326025364869386,0.9412632780097806,0
0.07099988345358799,1.2232969226997694,0.06776808145057334,0.07443651407923235,0
1.8467173224814726,-2.6469850525636875,0.3724456425354574,1.1175906891806617,0
2.2796449398557757,2.115771134337127,0.6838034834064755,0.022670923326789827,1
1.8468103169962249,4.370647347656909,0.3899201499359405,0.09322472636375523,0
0.041826577744490945,-2.430988358564654,1.027519201011498,0.3433165685257775,0
2.988820596439264,-1.433934605903282,0.2713829958536358,1.4026460539523926,0
0.40503942441927987,3.533837344328239,1.0146012169148393,0.6330487186958431,0
2.5695324183902093,2.6340534554556596,1.4404768817501372,0.9394304882499331,0
0.11202250229666832,-1.377588621341883,1.002315794608922,1.20186059916373,0
2.4794672474187327,-4.266605913793253,0.9462179802822631,0.865279071846363,0
2.99919127102165,-0.892457147657586,1.0088013194349756,1.3814090259295801,0
2.162811832766445,1.3505205512305931,1.1191160411618157,0.08481984275642696,0
2.9612574530226645,2.685292936655027,0.7151030825107834,0.7141907283748686,1
1.1813004188507026,1.5731902494852088,0.0823464536475344,1.3956383373104495,0
0.18372829575544014,-4.359371960039576,1.1108802282638293,0.8544077629763909,0
0.2394791720216809,0.0036677340818647153,1.3995098785981828,0.31061334045097583,0
2.773323795444897,0.19250607809228448,0.5634920744110701,0.4098346238460499,0
1.5161826982542408,-3.166113069166119,0.5928133048602198,0.9741030852083804,0
1.0739902634664493,2.9472024078652517,1.015408398590984,1.4498339741243573,0
2.8929662824082785,-2.890406596882953,0.08150367914633344,1.1647539922049985,0
0.18163085640924803,1.1547278487852388,1.4798355785462909,1.3916474985202414,0
1.8360159638446647,2.371798381809935,0.02410606516623509,1.1997609016882747,0
2.3296339356129887,3.072933287372626,0.8042504741984153,0.03821354887283829,0
1.0406726164680766,2.8971730810639365,0.26654804664624704,0.43383277882077953,0
2.2414728442426153,-0.33356123772659263,0.5241137588218385,1.4669152690745444,0
1.925967996883288,-3.9189008302434303,0.24285248588779051,0.5747149971409113,0
1.7100216376285906,2.135146433291201,0.7570542116171503,0.25701539791945716,0
0.7763877117953673,4.704631002204419,1.2452800992207476,0.10525385117627445,0
0.06785779591451646,-3.071707090104192,0.7485975922872625,1.4843501671339525,0
0.01787948933562078,2.373805595661903,0.046561371282079655,0.8029109672540877,0
0.34422281275609556,3.810399530179261,0.28834206140859,0.6251372905974371,0
1.1660597262425045,-1.1298444603915438,1.3892053714941757,0.856197705114174,0
1.5431801615530307,-0.5481223281695424,1.1570958643728142,0.8492476970654086,1
2.4438000148219965,2.4610208379069665,0.674947132502157,1.0217370424253673,0
2.729869292325878,-3.8344422790932065,0.4187291660573416,0.3571234442580249,0
2.6796718108913153,2.158119329556695,0.5846109238371089,0.9446174752234375,0
2.4987450732442453,-0.49727608914019505,1.2411020853340062,0.9876625414701752,0
0.9908757396956663,-2.3348581794724446,0.44301206932925785,0.23207237202326952,0
1.9614655382067911,1.6112138996043877,0.9471251318613043,1.3849882787509329,0
1.158574939855653,2.015909679643201,0.9771920153320918,1.2104701843292132,0
1.2375512091334437,0.6366267695141579,0.8463672172884193,0.6177414824497878,1
0.5741867892561622,2.694720561219949,0.8784707231958067,1.049585142398794,0
0.7673158227552704,-2.417578497181462,0.5396306027500709,0.5812626831927107,0
1.9669047499486016,-3.9365523744669897,0.9051200054984057,0.8226232651449226,0
0.08870072064364698,3.8180075547796726,0.07315331598607949,0.352692080945046,0
1.9251650565487681,-2.528749466477792,1.188319212328612,0.8605833535299104,0
0.55514252499479,1.1365791286689078,1.2077638919873113,1.211311331312753,0
2.413091519327157,-1.1544151173845183,0.11649470262633776,1.105336576210447,0
0.8676264874691567,-1.5100817316402928,0.5672628925347032,1.1747639755705048,0
1.4961981780987283,1.1711732986713415,1.239278742787663,0.6249728929942175,0
0.26358475512087753,2.5776112258989183,1.3142550094486036,1.283108324856035,0
0.4211089450805615,3.1031331548834356,1.296129228751516,0.773780330599523,0
2.955880102401822,-0.8863535697788061,0.0035529582732184983,1.2664336095467392,0
2.0180042023278686,0.9811298929325476,0.8140160298156018,0.37840249718346447,0
1.6188069494171735,1.0605054372535694,0.785136981034392,0.7640650541051602,0
1.9599494254783074,0.5838575575054872,0.7705723814316552,1.0472292132711432,0
0.12118480899661177,-3.7341233049711664,1.132820291477492,1.1166506701098196,0
1.5883640072317906,3.7193442359989675,0.47590511959976417,1.2355743202207043,0
1.497269774698468,-0.4459647203773809,0.3940496744344009,1.4715046725350196,0
0.9064919256042551,3.4573020615569945,0.9611621135038058,0.17384542083734378,0
2.0061657500988264,4.863365535477007,1.3320744453241273,0.024656208482531194,0
0.3759758409581895,4.01933469205369,0.6241182082907855,0.6891442252113608,0
2.9136065280595838,-2.4733038611023463,1.4203724670539695,0.9758623743051109,0
2.8456786418663245,-2.8372619352049497,0.4011694967414979,1.481310928393126,0
1.9488641157735782,3.2468497137584027,1.048968283037165,0.9589090991055995,0
1.9210007153083826,1.9007495423551104,0.6247645657572913,1.1931117673339886,0
1.4441339630148655,-1.2091230952634122,0.14067151045520804,0.033642648349618665,0
0.06503885824087552,4.824675130828508,0.7331948651994994,0.6774068330132257,0
2.317565487007367,-1.5074126667183032,1.3289933159128768,0.6908118040551119,0
1.3814386591554046,-2.9629278368670766,1.2522583313362625,0.9706191282061936,0
1.5040655594750612,3.460794927854568,0.9918901656140521,0.6573535816546804,0
0.33527209986851925,2.246033001841309,0.41592689768006924,0.48745759913341247,0
2.796214066635466,-4.976656819446983,1.0581156504338691,1.417406751718958,0
1.0495916715121236,-1.9375660736945632,0.375478299864024,0.42038280678731976,0
1.079404933583187,-2.8541473136950977,0.60893656692146,1.0010755453424707,0
2.65629949992066,1.5636106057742634,0.11345315881570933,1.1434185729009403,0
1.229143538910131,-1.0207323150752758,0.5148740012047595,0.469474906360188,0
0.8941781646092523,-0.7676403064785529,0.5643891424050537,0.22239094359083506,0
1.754051286652882,-4.645558216553383,0.04331103348502252,0.29487465262883616,0
2.0680712006878994,-0.3733335345784141,0.06641254145934372,1.1066334464974383,0
0.18781359822425958,2.9195371220619073,1.207754114983989,0.736598481667428,0
2.830148537471329,-1.6601124067568094,0.38305631472168983,1.3938315143185884,0
0.0782415670822939,-1.7899682622144053,1.3108384237328925,0.19439059812336817,0
1.4237084188824816,4.3585370119153755,0.22284612674964283,0.0794824622957947,0
2.191098767744224,-1.4086322184889988,0.10013129181296593,0.8969002724911603,0
2.7094291257679197,4.299656360823747,0.43725384290969244,1.2534218090371627,0
0.7017336722943195,-3.3327774877362804,0.8542245697435551,1.2800906228127134,0
2.45730291400985,4.036716175029865,0.20703343344988012,1.4219523895371937,0
0.49189354906067906,4.712442324232558,0.8540927935486857,0.4392322578367372,0
2.599924786227912,4.972992500643093,0.7893088027355837,0.5627720015526907,0
1.7470044301189032,0.5067151221178463,1.3621631910245238,0.7498851473885835,0
0.9515378185635532,-3.327932612520823,1.2132252361665556,0.6131447910341961,0
0.4665997535785087,-1.8621507642495407,0.1585976342761184,1.4233672637406474,0
0.7197791363657131,-0.4963291248006403,1.3267377744311983,1.0790381969362048,0
1.1300723528147865,-1.3504495224325606,1.4291697998433808,0.6620498598242341,0
1.0277843459154214,1.2830503501287467,0.30152662798698965,0.8734559933919424,0
2.8875064992695645,-3.7405590220938354,0.23268309470892717,0.992453857897218,0
0.2210429783356257,-0.12111498197351,0.43712475442395,0.2764547605738658,0
1.2565957979224762,1.4602128673308323,0.3493856351953672,0.09668569025951862,0
0.9078002640557196,0.45558946703843883,0.6094440581367654,0.8556133806411271,0
0.9983578749846926,4.572014927520723,1.0090529298176183,1.3636068679522317,0
0.5283182029578825,1.694942179581199,0.18037276189178336,0.04962336188443983,0
0.8273506011472211,0.09565129040827536,0.6759028642374584,0.761745559170224,0
1.5349104141873873,0.8042919721736572,0.7953168742227275,0.8185770430817464,0
0.3671466236984485,-2.8729605940961154,1.4753541085272424,0.41655008076398675,0
2.419060078163557,-0.8611160254370738,0.55324847268066,0.5815216244671599,0
1.3081746583723715,-3.1443990950799092,1.106796049643736,0.9872707227592045,0
2.3909788891248698,3.916616744888369,0.8840126722821762,1.0317872583497445,0
1.60950505717739,4.794738419911553,1.1076494609343825,0.1528975059961319,0
0.8966424641014706,-2.2565337880453495,1.2331311646027314,1.168417853384771,0
0.8041310310312882,-3.655767994643031,1.4028876855894636,0.9224845977944838,0
1.9584550304577912,1.9981369621331613,1.4920807531490519,0.8971455328510323,0
0.14139257297259766,-2.6675026210093966,0.795371096657594,0.18235203882947415,0
2.4119952325310217,3.0854343586034325,1.0257409628424403,0.7212431609557237,0
1.7869055983644149,-3.8916420181753897,1.1545730545411321,1.328128954313265,0
0.21560918401258433,-4.04081640198216,1.3253727068840397,1.2112158080223216,0
1.699278887702994,-1.7215752268559603,0.14543207180000572,0.7285535552247949,0
1.4367578307535585,-0.010344990941936416,1.472722854323456,0.6218606127486883,0
2.708413092796137,0.5006990418555901,0.9595848358074063,0.7031261948858034,0
0.7068729315056761,4.061329573895042,1.2388530823952995,1.2041560287057143,0
1.6904865072623785,-2.442445573791775,1.1644905743838105,0.014724809817141415,0
0.8705261776077715,3.0262876904626896,0.8094864130732664,0.6786511801230658,0
2.4090844242415184,-3.7361489063847753,1.2648636212662177,0.06694400365252773,0
1.6361692294566748,-1.358976728752129,0.5089002614897253,1.0022265485934367,0
0.15003730790958347,-2.7853953183473323,1.177593631111469,0.21904327188706857,0
2.630664171090528,-1.4714746837089923,0.20513990105032737,0.6314356656449069,0
0.3505131836914632,0.25219131465001343,0.5444397478131612,0.32953289213488346,0
1.0553382253830037,2.6264638085505663,1.4639607062936284,0.6335600348341685,0
1.6557197397464511,-2.7570981516681456,1.3887588779674493,0.02387659919371582,0
1.5732574712005432,3.6109518279988713,1.2326929975885204,0.5323661708303747,0
1.8096967301381035,-2.020047090625784,1.3026319258114618,0.0523028371028284,0
0.8734529594466208,2.812302732151,1.3326193787226492,1.2633381319965653,0
2.611421352552326,-2.3194057805701576,1.3589671314296272,0.04592508618873625,0
0.8908716469125563,-0.15995782895424693,0.2754326980536192,0.9937161223871194,0
2.5173107688444425,-4.578558801408485,1.2663269224451912,1.0359822129179848,0
0.2552108802685007,-0.6580683927410815,1.4001516443824602,0.018211706935486682,0
2.737387249115322,-4.656361194166234,0.1708514272072597,0.18805224303222473,0
0.017462522286116777,4.582384423029394,0.8772839799667018,0.6703272856646721,0
2.306095422656012,2.4206404594048836,1.3995153068284687,1.48352723016222,0
0.01010077967928169,-3.421622273458149,0.7098902610971,0.30762065822583473,0
0.04077620805332638,3.4406665464619017,1.0260210195424713,1.1079790544730153,0
2.4521263985966346,3.6295761790805976,0.2975778434974359,0.506796711496937,0
1.4502268568781802,-3.2343183184524085,0.0022889340267553404,0.012509191740808445,0
2.780716756369175,3.471572189808528,1.123618883886421,0.8999950173266122,0
2.517347651384954,4.106773889906144,1.2034277617090237,0.010494837187452866,0
2.7214963741321703,-2.5632243267067323,0.29425506636594767,0.5970678412274217,1
0.7678705396120036,3.828879017465102,0.0006097075255346862,0.6596198447136072,0
0.7798012515148488,0.2650299578149342,0.4580207518241213,0.3827391473503209,0
1.3431111486478262,-3.4771724900226255,1.379735742148598,0.08028203209124646,0
2.2062002322741723,-0.9785962969731585,1.0937967973786258,0.5423926595286784,0
1.9726954562702113,-2.3877151825007403,0.6421641416616106,0.3828982823567593,0
0.07254469600302305,4.791213306780577,1.1139277986783158,0.397642028688664,0
2.314121182613424,3.993553974141058,1.2843744728443627,0.5572318207089293,0
0.662702260806485,2.2275757700099197,0.7024684066073053,0.9610482081812743,0
2.0573447024956213,-1.2024452057305766,1.0337475204779532,0.046991368934800104,0
0.33916339503310966,3.8677558808398196,0.2977758747276012,0.5038560256925161,0
1.4773905483113796,-2.9144033332293096,1.0057341406988916,1.306168641672424,0
1.6492242390988006,1.9913553959993404,0.8114402129513504,0.5529610844539734,0
0.7141199868259126,0.11208008944105252,0.45605294541589475,0.045794810107263884,0
0.2703309342124035,-4.603723313368447,0.6480342604166991,0.5542859941615528,0
1.6212929207090365,-2.7571011829667444,0.5397221800250301,0.1370891109292265,0
2.9287248489024806,2.1706357934318827,0.6730435591863597,0.8476000945900883,0
2.0607586745987954,1.8759668314087232,0.9028536463898906,0.7484805017920688,0
1.9200814323276427,-2.113874970509726,0.3332973345664955,0.3801410416057445,0
2.2931406357145034,-2.716168037126022,0.4670384409734939,1.0001386882784529,0
0.29396600929362404,1.5449900602109121,0.28144460191055787,0.649228335318122,0
1.3364500577476823,3.4879412473910882,0.0020967217181682707,1.4097630418506146,0
1.440512679718085,2.2570677836115127,0.7799595377624009,1.3158405966727313,0
0.43327119699066396,4.6800292637240375,0.5601590051030347,0.8028020894352346,0
0.8453022814990665,-4.848707684973963,1.340429477000531,1.1517962409849778,0
2.495016567693831,3.573235038056886,1.184864120667554,0.6014595793654273,0
2.3171291285850732,-0.6174743232786506,0.6155449044555739,1.0322984022709223,0
0.5498135015161881,-0.0532294273000371,0.364065877158691,0.6532346054776624,0
0.5437646793688575,0.3885099437827204,0.6254607239049901,0.16906360097866302,0
2.4389020314326135,1.8886324304899862,0.1239428665077143,0.9572253908194754,0
0.9275303746853507,0.18079771318664672,0.9444101864624185,0.04198650236282009,0
1.9594328983631044,-4.564931158739482,0.3274224550539242,1.1424357344449958,0
2.582402034405107,4.526447845370779,1.3277403542600499,1.165597329514898,0
0.30950141553120314,-0.036100403112429014,0.87622065918552,0.0646269339366512,0
0.17665102060787174,0.6940035432959011,0.7689198564747833,0.9576582887743244,0
1.2021934836418624,-4.626536435498826,0.8170033933251571,0.6515908011993912,0
2.098281545776995,-4.7593742614822805,1.0517845301357134,0.2836978624286385,0
2.805752852612819,2.081356772698131,0.12914470958758495,1.0888287676520376,0
2.3521358271895716,3.5138196370236727,0.5715163429086678,0.7253432996121828,0
2.471847774327075,-0.9091645889893325,0.34968068699254967,0.5576022660436928,0
0.07578307866232326,0.8556471116011686,1.2786742507041273,1.3365980392136552,0
1.4381603431087913,-2.4308978916636415,0.4057169500649719,0.04616913153283719,0
2.6594861880974356,-0.013844042772249487,0.2026916012476429,0.22885353116491142,0
0.00500076642951397,3.041483170310233,0.2437616709845959,1.019675043378903,0
1.7205671326016696,-3.2835294385825264,0.03636763991679126,0.02789579194264935,0
1.0232554264895173,-0.6714833956106494,0.23071049573316033,0.12987779387717163,0
2.101706666004398,-2.438511369092329,1.4785942040109454,1.3062706604179217,0
0.9035158333863561,2.641575085513308,0.9703618634220998,1.1358101357189136,0
0.48572372583628076,0.9999149364769355,0.5986954441729304,1.3670473086802941,0
0.5084015751118093,-1.0717056462172758,0.7204734446687078,0.3734772435131381,0
1.6458125499944223,1.3710052737534468,0.3247902317134842,1.1459153322359938,0
2.499973432187112,4.728898007596262,0.08414365327476686,1.0780106461825396,0
0.05194348112509539,-2.8597679413271493,0.53957007376256,1.2779326543944252,0
2.381536667402862,-3.8212237895626124,0.34766010205170117,0.3951805895284995,0
1.3185369866769299,-3.3957773164530423,1.1531649205286805,1.0810200176309528,0
1.5019710668736057,-1.7683363724108716,1.1902623552780733,1.3146707719785777,0
0.8978817625173989,-0.4956771740494048,0.2452506131480498,1.1918540897714187,0
1.2696929626490328,2.8597038430832633,1.0677171847662232,1.173038742358221,0
2.307066784047987,-1.5545787917419651,0.31081733019937463,1.3595065696376518,0
0.40615212565379055,0.6917871854527302,0.5562263361774538,0.09228517135896575,0
1.0208921366516177,2.720064745476308,0.5161887329077229,1.444813911562178,0
1.1795013060685153,-2.81477444998027,0.31419519239492166,0.37105637182566237,0
0.25341665232161936,2.440372963221665,0.8621571602830442,0.3940807411792769,0
0.19450721448503128,2.8187563908446,0.5619932444519148,0.9163024165179612,0
1.0026062603567083,2.134617618398373,1.4000512695226566,0.8885888204511316,0
2.329906034737376,-4.055678779838826,0.20913634223157873,1.1831770360122649,0
1.1714632406259182,-3.982717172927498,1.0332630281572732,0.8120269289916142,0
2.2419301130381077,0.12908977990160242,0.2716756555926344,0.9394533681894597,0
1.3712984007979077,4.171096692798983,0.8130038223520916,1.126546055110366,0
0.8176493341544185,-0.8508965573158953,0.2548479914345954,0.782142066474741,0
2.449325258681026,-1.3796688926541014,1.4238749958249488,0.5822406787824723,0
0.4477503245033372,-2.4165035244721675,0.8879000848111551,1.1458893236699659,0
0.5478953130868514,4.709691434496383,0.4238066823422818,0.171615684290444,0
0.9248746665972605,4.4382835802659315,1.1337772625161469,0.038508669087834346,0
2.2511637139291474,-0.01850126854452938,1.477956577143426,0.78760332638,0
2.8052972987287967,-4.293179466539828,0.6166586258370637,0.41480461878538344,0
1.0042882106884463,-3.448907876028967,0.32241707790921526,0.5324202810399115,0
2.605715300583847,1.2030874913827683,1.4904346367243502,0.3050804097091998,0
2.3707550884768858,2.3799794132611876,1.1216880517966688,0.6141692201792182,0
1.0537033456303826,4.207742478501999,0.6241841476851302,0.4119270358247019,0
0.8925653382341717,-1.8255266012438396,0.32477633938538214,0.4431955450871024,0
1.0852236755321276,-2.453797578274255,1.313103362221939,1.436467691153614,0
2.3020838583545067,4.119894518552238,0.8954851117005691,1.4281697163045648,0
0.17870109269407486,2.0773211240714806,0.5211372380729058,0.2689347047701765,0
0.32119526194603376,0.2692938823612412,0.9482612044938565,0.49144826548508147,0
0.4308889970752542,-1.1874880652195396,0.9655571923322017,0.4082399266515603,0
2.2040914623026127,1.809178464254419,1.3771531929149678,0.173343247923662,0
0.8271780247503532,-1.2163126348590279,0.41398758235030586,1.4880542331404323,0
0.5631119720018978,-3.7943339380078003,0.27153250432289566,1.4762514831801157,0
0.8352731193565758,2.212273895051583,1.3908102970522838,0.7616346746453128,0
2.3756432500004383,-1.3217400823150385,0.5232742540928841,1.2469216150237776,0
2.081329418132984,-2.2706258515402222,1.0297542732088898,0.9448682564489711,0
1.7392039096268253,-0.1629716562250927,0.4631658794060192,0.1746101824860246,0
2.1207102615157907,2.5141445325883254,0.04471189317362384,1.3001078270305966,0
2.161082909350513,4.521931548907606,0.9216114383920682,1.1513708150619684,0
0.3909418285483043,4.618252360325563,0.5864090428609178,1.4862694793164077,0
0.9830135465054161,-3.1808501988827187,1.4990104831384552,0.6995088707996122,0
1.5146503967912768,-3.0725791892913135,1.2093759128252344,0.518184844195017,0
0.04565347467088332,1.4211094252996155,0.8329599400037737,0.48436060509191725,0
0.2892986371300026,-4.763779743532984,1.4339618231332025,0.26969967408919376,0
1.0487401480394993,-4.405474111511214,1.016546039152467,0.5652508046037463,0
2.632230504445127,-0.5005415020067518,0.30427707881904853,1.4846839273066186,0
1.820431750514347,1.4617706752581263,0.862790558708167,0.7034853085880464,0
0.3348606985673678,3.464630536393104,1.1824976900904693,0.027334635332761148,0
1.5922319412217614,-0.7091921500399376,1.1786157266379846,1.2185285821326728,0
0.2901971265261182,-0.9219847459131367,0.6797935660382106,0.04047245166157093,0
2.9854797679013396,4.727505822657971,1.053011829880403,0.6255185484561046,0
0.7841155801670168,-4.395228338822964,0.4766154154120675,1.366341432289969,0
2.270302346133878,-3.2262577292971493,0.9781689690509139,0.7810995795555643,0
2.834788378319898,-1.8998220454818182,1.151131341756332,0.6573285022798521,0
0.7490337874918351,0.7847813697414736,1.2489801251678059,0.9345511219354988,0
1.8482698748090716,3.373180182488536,0.04909372714813298,0.8748166531582926,0
2.9666469531391813,-1.5277053011832677,0.3068230657561096,1.4517158567379491,0
2.0386406719811063,2.372997211134546,1.0019740843511715,1.2984988825641912,0
1.4100903441618957,-4.8112724217592,0.2694066224464189,0.3443554568999834,0
1.8812092396589835,3.079031149804269,0.10518914657212947,0.5839941889732214,0
0.004375574987034336,3.9962393997376076,1.3931754865408812,0.06471514691954833,0
0.826059309362244,1.722285980224207,0.3569626192692219,1.4293889334738654,0
0.6861590113567945,-3.0808822358930685,0.7499540605689003,0.7517154593695786,0
1.0970347581924806,0.048548180620535675,0.10459055536438439,0.31430080227359575,0
1.0040992649984775,-1.884728741403979,1.0871747115141956,0.7647938145946642,0
0.8892539730284039,4.8697781296401,1.4924699712400797,0.052236582764268624,0
1.6893134016083209,-2.9555016939129217,0.1282682130125848,0.632299238461149,0
0.5026061521066101,4.473338023938457,1.2256518142202344,0.2788538696923668,0
1.1773616707046572,2.918762235987832,0.034772885439145584,0.632794188967166,0
1.637783002075431,-0.6923112228714778,0.8209233740640118,1.1043345989376019,0
0.6884349477955173,-3.8274389926444874,0.28476995198546357,0.6581377821979181,0
1.8499847068716022,-4.480243103353314,0.9499508212894396,0.5216998200641492,0
2.5781928089522097,2.4591959150085074,0.3818369627202598,1.4970601901932636,0
0.24790137966901438,4.682437159733061,1.0184820542507818,0.88852338971557,0
2.6509000955131863,2.501547530485513,0.23586946881689264,0.7293902208900438,1
1.7722019362197923,-3.2055851238477286,1.0560297919015031,0.3709196608242018,0
2.2177265498534453,-3.6509801310305257,0.3976942087676613,0.0654028717722045,0
2.1732256634016105,0.9945474616478354,0.624918237999243,0.5954530022264398,0
1.0827770163277877,-2.250344942184108,0.6058640351209453,0.7959096404461676,0
2.3781730862162025,-4.920260772066377,1.1959501949309828,0.3542892195743353,0
2.914009426400845,4.904456408686384,1.337831083205816,0.3767030265638853,0
2.533805693389073,-1.8441965028653784,0.46131126215762014,0.8152157305914876,0
2.4575048370048487,3.285902083721119,0.1703405895286932,0.3324732231666344,0
0.3734483824908702,1.1239357589630483,1.113250307115168,0.3198480747131723,0
1.0233872987108428,3.777509644009168,0.08645438892592483,1.3147194698708145,0
1.5964922564083648,2.3340823398223973,0.48952274513407507,0.5252262877468377,0
2.25886456194019,-3.8033084623741162,0.8156197706155388,1.4961006664303844,0
0.6588866711584506,4.182845135137578,1.297916975964256,0.23894349009835641,0
2.200708300703386,0.23326376762057066,0.9300704432999424,1.0182431309585107,0
1.4902456221641336,-0.020207888105510108,1.488714350753849,0.3950990394109455,0
1.3395125405688186,0.313697355274968,0.4548730657018494,1.1859101309130602,0
1.656591179739243,-1.2225222106815647,0.3620542015138739,1.3106771547700071,0
2.136008683581232,3.72350189555082,0.6491008610774964,0.17821981611478177,0
1.3878671196312433,-2.0008986995733635,1.1534124333056832,0.8112178142639335,0
1.855275699871032,-1.5336202937388688,0.4458821639392412,0.38350152635554385,0
1.1253928064417016,-3.789187317940966,1.1327135103115182,1.3044147955503484,0
1.1311831361889202,-3.0862462071581778,0.02534549656826851,1.1827353455770113,0
2.6943115042939416,-2.3611136531277532,0.15393265591153943,1.3580196212287703,0
0.20624416487591568,-0.9050137456583949,0.7277501199602912,1.020287799809164,0
1.5954196753328973,-3.1593703563751783,0.6067917300518779,0.49045183567551404,0
0.5627212399011269,-4.889846142779618,0.8085248126851964,0.6516928341410346,0
1.1329376752913978,4.950158017614241,0.2949671940152832,0.8727240687131597,0
0.4793198396276399,-0.7206159710050297,1.1813850138570852,0.4002280693938235,0
2.570834663468654,-2.44923076357063,0.20336280007380697,0.6354069672525169,1
1.672308338176196,2.2253568253493867,0.20740847881779018,1.0094089009066622,0
2.5868814106722446,-2.146146314582217,0.7299107968927523,0.037157775719435404,0
2.830320155141985,-0.4384534970816052,1.4751708472480458,0.8306106771468768,0
0.34957205623566934,-1.0777024936677226,1.101135725666958,1.1311595144182607,0
2.3409763048214636,-4.637158370867425,1.3883818551986995,1.2047472444374439,0
2.1367522242609076,3.347882950966156,0.6502879691507746,0.09754556706003814,0
2.649341625406426,2.9627739665797908,0.5729956883817213,1.3800137249104876,0
2.181069372761316,2.9187550780882257,0.17950767658729821,0.10203633473059437,0
1.2613977068046278,2.932330421821759,0.9002267949851499,0.5059325842661206,0
1.3333265948945057,0.825364629037634,1.421191595170723,0.17341425614402683,0
1.7309758559829467,-1.3544245912172572,1.0000913961933375,0.6123290520591658,0
2.052870798971166,-3.38809740383737,0.14408490753709985,0.5719658145528967,0
2.5076074691925965,-1.4928514750237776,0.16201897913469698,0.12902940425240472,0
2.0325209832979785,-2.962617045671684,0.2638005299790469,0.041670532735036125,0
1.9897079344470225,-4.354366404460476,0.3228868041098075,0.7552387806585296,0
2.1714778735320017,4.747114767779822,1.0886831226334384,0.5286006258779692,0
2.935310131281215,3.8919387024292433,0.5375406444639396,0.5001239175294855,0
2.0219717832850668,1.1099349475845077,0.17598585420300267,0.3575347307969413,0
1.0561488120998268,-2.050724758577412,0.35578001984131624,0.28015100825543743,0
0.6072097959010967,0.008365373777355245,0.7323150940920999,0.14530978901039043,0
2.9415759626094564,4.30443784207203,0.7773556773669064,0.5149203229271833,0
0.9579683539555868,-0.07182295872865296,1.3426125473643742,0.7351947274135565,0
1.2790677230947465,1.1869070523158438,0.6388932022319946,0.27749446259311855,0
0.3473105778622698,-1.3247078648270785,0.9614464244069596,1.4107156726185242,0
1.0613258321576589,3.5582719844625075,0.3177252996100486,0.800139639134644,0
0.312414914156081,-1.0521927363830441,1.085528580924208,1.1353037569723665,0
2.202560170398876,2.335180717682648,0.47331109808728283,0.33756089039436893,0
1.0402846644002168,4.111316593524073,1.0721243471305022,1.0723857536659882,0
1.5289302248750838,-1.7704420002230794,1.1133400808141745,0.05556936209397234,0
1.402091925215605,-1.3204354777426373,1.1220066180039965,0.33111261693876126,0
2.7617141391091167,-0.9918874705586713,1.123767704986196,1.2261846897174598,0
2.3089489260917504,4.036635551975676,1.4260083370222347,1.4411400907752085,0
2.4167066361810066,2.963059278954937,0.0034401435610013076,0.48270424219917774,0
0.02275839372495725,-0.7780243575914936,1.313753576156917,0.172153229309715,0
2.580779172090845,0.7557293850032067,0.8109096471263231,0.785621789661678,0
2.395005798347612,-3.039229642511935,1.3404757653548336,0.021744232156154564,0
2.6280563738707796,1.2917058417437648,1.3347621570646027,0.6382043130492276,0
0.9707921938655195,2.5058505532255273,0.7476925274101105,0.026317744001179477,0
1.0408553373123703,-2.9261622021653455,0.9892225434762484,1.3507294475473588,0
1.0931784764570602,-4.824633479179356,1.1677845744718038,1.3012462130610964,0
2.9167255348430174,3.355758074906431,0.4334054687653961,1.3696175089209857,0
0.3726648115128105,-0.4614496861694164,1.3350784905472288,0.6221909469071831,0
2.4757645293807107,-4.131690338133063,1.3505111195295272,1.08403686677825,0
2.7913176236971013,-0.6024141378789318,1.2270402337172,1.341833275735273,0
1.186127054587101,1.8943790448368025,0.38136169063915154,1.3589142297643797,0
2.4891423593513227,-3.8328736107073613,0.4790311014929789,0.6396308013579434,0
0.3231094811982699,2.9495775488751708,0.1380728876005624,0.9075601948928502,0
2.8838107393328385,-2.195355573693675,1.3918138285046333,0.05504407005696832,0
2.479902931289149,0.22535469961161958,1.3677871264005828,0.2558169250093948,0
0.7674733752765724,3.135472930625884,0.5045322944938884,0.6492832289274877,0
1.0935986330124157,2.802579344416519,0.4355433882967699,0.9253058533368834,0
0.1969576663282645,1.8265179144004575,0.4550661041208785,0.40593388031442074,0
2.1043172582895764,2.938729952429105,0.4102137330142369,0.7078729744911328,0
1.1877139880960108,1.5139575316947207,0.7470104400600288,0.06467999140528646,0
1.443672786454421,1.916559782938866,0.2458594427030707,1.3549061661360309,0
1.5534024400943927,-2.3266249096745515,0.8828678500584946,1.353301538494447,0
0.9877927693377445,2.6689421034427454,0.9319844973895552,1.2086732327692211,0
2.997917115198998,-2.7258382253888525,1.387772964441948,0.7345597782570364,0
2.5885086802065898,3.4342295539673096,0.1685782606776493,0.7755800415165581,0
0.683913672361757,-4.705228634372345,0.6774709893401899,0.5090756994049934,0
2.283106602655201,3.8160178755039915,1.3858898482311006,0.006015564564100406,0
0.5241303850859146,2.499130170108268,1.0921598448445522,0.7559817968135982,0
0.7371054619548468,-1.2086332276368728,0.2113539994854272,1.0536026287377094,0
0.07508860904788683,-4.395445368741417,0.6970115491581537,1.032878533968106,0
2.499682614572337,3.4456283772259404,0.5706898495405697,0.3578806868338472,0
0.07016724424293519,-2.1468293398037677,0.16187626659466448,0.18844085784031195,0
0.11702430809859443,2.1447971371719223,0.5887996079829759,0.4964051779468957,0
1.9072674381869439,4.363785842950929,0.012030439086553157,1.0294741622731243,0
0.5869033518148666,-0.8528548868330947,1.1529781812564877,1.2105065365880492,0
0.5506247766608563,2.5872612926948504,1.2273269622826048,1.1471884370776868,0
2.0139523406071604,3.470692430671413,0.009269114047905758,0.2171395118039266,0
2.3849659140768935,1.5230148466953413,1.1993610476327579,0.4428430427268879,0
2.157933456418817,1.496300983262751,0.5583765333310473,0.9721743202754025,0
1.6803220746723542,-0.06275617435419178,0.027541517000305438,1.239661991675764,0
0.6214116383333316,-0.36981887672875224,0.7898169297868567,0.9757233216943765,0
1.3020853685705505,3.5262422652208514,0.01750314852057433,0.002878626114850402,0
0.9708197149124352,-0.9047085417555891,1.3671653754980817,0.9194305228660684,0
0.5861462921554843,4.9852490918565096,0.8155140163421046,0.0034747287038712216,0
0.057087834326859155,3.8164394083570077,1.2374975286266752,1.2327098823604592,0
0.9467083077380974,3.459266379022255,0.4281334027332447,0.6246799533427079,0
1.5850427421430298,-2.7221783486760076,0.6388557320257808,0.7140021860019552,0
0.5856639320031856,-2.6467333571038107,0.09140461126219501,1.4197359516358852,0
0.6208615821851888,1.542855580506851,1.418411576565915,0.30077046613227193,0
1.957715545315136,2.7052770641109056,0.9772216501729438,0.40261960123190055,0
2.176992691723561,1.4854974027912977,0.5943947667050933,1.3974511332978632,0
0.9207977004917577,3.6705762772707278,1.287139414596602,0.9254199180270772,0
0.8170502597746088,-0.29161600097343054,0.8958217735288155,1.4310332202960612,0
1.5939699285860527,4.141867969799026,1.2105994874383312,0.16451174142849068,0
1.5109611989265945,-4.259687910086973,0.07965360600708615,0.6044583854126863,0
1.7105674559191435,0.8421639113126167,1.117804817242617,0.7049482056973618,0
2.455764281441141,0.19182287763799444,1.4501082914364924,1.4300245277889458,0
1.3577718664981682,-2.80621910384401,0.6499437916244873,0.04303573872650329,0
2.335275352849679,1.0080778912884103,1.0721027460162653,0.6810618358381272,0
0.036253527946636166,-2.8523920285742523,1.0093007329553334,1.0001460082642164,0
0.5858755304419676,4.378151078558197,0.3768643693849194,0.05115874174199314,0
0.25830864331211956,0.6131848043782897,0.6929094953074992,0.04420443849722355,0
1.550106470743191,-3.394305000091408,1.2586754018043305,0.5805303525874226,0
0.4056683792138821,-3.8978729954488998,1.0170265998689507,0.001103074895969891,0
2.966649343822615,-0.9708963078968917,0.07529604605090706,0.5573334488887789,0
1.9456069967753602,3.767457304465756,0.7098390934765628,0.1536891529738521,0
1.7957765675250625,-4.890245337204653,0.8674077707875345,0.4340732553585159,0
2.295395384081346,-4.209242520218389,0.5394588512870808,1.2951372233206992,0
2.468761986789123,4.845788451131957,1.3928904810534057,0.42292785661558646,0
2.896025680424048,-2.807090393498325,1.194640596349054,0.9627545438196181,0
1.1840239522370406,0.09613580514436748,0.33258799051640225,0.29971633003841647,0
2.1055038416606005,3.8462338056451078,0.6192775891046738,0.15064589501023362,0
0.9431745546000943,1.716265495855458,0.33171477324107257,1.1403161572267022,0
2.4104417824572426,0.5881341091047219,1.0459668800891264,1.0298298902848,0
2.555890712097793,0.3731398779791162,0.6504856821817444,0.771049939593734,0
2.3215296576981777,-3.0916167141853834,1.491387747747084,0.8941138483712525,0
1.9407301712574305,0.532253538014289,0.2777497766169981,1.349947771164239,0
1.8314687058824664,3.1694495034422943,0.6281647401704702,0.5372171533255071,0
0.5297995366730558,3.903532639886155,0.5411816216581057,1.2980893129114477,0
2.8392775132311003,-2.587163266019157,0.6651728127825394,0.1774267961951399,0
2.8575405799929614,0.39274779503285906,0.22072027516946935,0.4655613814641583,0
2.7831128969938344,3.0383443952024614,0.24900229519702632,0.4707181171626885,0
0.362366705015843,2.6486744208464144,0.5953752730358952,0.6894149502377067,0
2.3192833718936763,-4.338746505415477,0.4488111533314073,0.5659472872190592,0
2.6815497172380467,3.9424472650003306,0.5304255011801957,0.3288672547141514,0
1.1443950460395866,-1.2762845136797383,0.5388483018941963,0.8585078362732521,0
1.4596137995917249,-3.61489229869289,1.2546235552486718,0.8848927003819727,0
2.3357873205480515,-2.6582348276317393,0.10508785424154277,0.5576689787020958,0
2.983296063064684,-4.332264530022904,0.9363187634782703,0.26314542896644033,0
2.0750031371840625,2.089194414879457,1.0265808058283863,1.296587063187375,0
1.286433795848383,-4.609329651959219,0.3456256246118167,0.6077622632184456,0
2.892856966681678,-1.9290550457549216,0.4758497620223771,0.5755066238655023,0
2.048019027328697,-3.138469094847185,0.36239905776839665,0.683653630349945,0
2.918715150951501,-1.0406371907330527,1.0743788118054611,1.391196980628282,0
0.45660376228871424,1.8002701790259916,1.1369166741836796,0.9332565762259866,0
0.12888047724537255,3.081160562079152,0.658996924091507,0.9782631720172472,0
2.8990872167084394,-1.3170651893836691,0.20060751358075013,0.7024486011656645,0
1.7467373732036475,-3.9302619539243433,0.6291480943183774,0.15403847947938554,0
1.3597006384759007,1.8630340392043232,0.42097202432027747,0.4867301551197221,0
1.690996832153862,0.9975805741106605,0.193139117062106,0.8954450051019931,0
0.43142644098780003,-2.580648831437399,0.8696295413314541,0.5750676719426538,0
2.3509398665489263,4.446738973808813,0.5202566750837281,0.27432917164668735,0
2.800384455286975,-1.055589448388167,0.3628717425090657,0.4704693816375099,0
2.475269980400067,0.8101686821030611,0.6872259976808235,1.0143200852612608,0
2.687442982434848,-3.0703202093048887,0.07720505094603425,1.2980551329091672,0
2.8769400907701836,-4.720142804152353,1.3131267749970108,0.8106612805270551,0
2.961542587773655,1.3530068472632628,0.8547449154880145,0.3978356626530355,0
2.6775474576541085,4.494483303401264,0.6357490650148823,0.5926662457288121,0
1.2272850693224937,-2.388694837336909,1.1685287530998092,1.1484561582440103,0
1.8207847091209222,-3.4344738680771214,0.7621193193876067,0.07548872843386556,0
0.8921420542745764,4.971974292974529,0.9476589295989158,1.0323239104137913,0
0.45033983080523443,-2.180701797065816,0.6022542539936913,1.2308857196967726,0
0.5707492344044048,-3.7990845978662415,1.397690656895932,1.2164366246014817,0
2.446032397305985,-4.728492175806803,0.6970877947529261,0.24414695585520202,0
0.40752097946021615,1.3729814795318793,0.6483156860778856,0.8464509939507747,0
2.93169054165939,-0.12558214659927902,0.2661816769712061,0.9068556597856492,0
1.9771231152402544,4.30219889627854,1.1031725748923633,0.27150811749455195,0
2.389231122098747,-0.7590901815530309,0.3083721585272634,0.8387021078483998,0
0.5698106644263742,2.0527300497588366,0.013626041203113226,0.6127807200071924,0
0.20497306957510564,1.8569133041484411,0.1341511398346602,0.39305162111669006,0
0.7650460351298615,-3.43947073684392,0.7272178932865314,0.8217388003527029,0
1.2425821544404938,0.5966191386074007,0.11456414468054288,0.17537168947210635,0
0.2221161280283923,-3.6312978296225196,0.9464636992699522,0.7325112305176481,0
0.3038769573764909,0.3998755050411038,0.8733573580213301,1.2070346223766697,0
1.5608922043887419,-0.7966837963928679,0.36974189964002896,0.7102150790341839,0
1.19863755850329,2.946720066641989,0.09335313010369595,1.4341431534733977,0
0.3285872279532739,-1.2788139407912755,1.4031887423706968,0.0022396248545987762,0
0.22339911352536368,-4.736519779620578,1.2802206960634348,0.049350482743196145,0
1.944278405564438,-0.18319962596577444,0.6043810601996373,1.227832235715615,0
0.9910418871221043,-0.09764777970916239,0.018781795334617934,0.553412551280773,0
1.1175974697522508,-0.5292944379218696,0.3661111072669079,0.992284244231553,0
0.40954464042751537,2.8530309199194193,0.3626477848617399,1.042235155561243,0
1.9856263896434694,-1.9056967434702585,0.07532039672458934,0.9398391604647334,0
2.3627461126265334,-2.4025957904572124,0.9538682509432063,0.32321930264008836,0
1.314020111041119,-2.8595079919281483,1.2606407931233452,0.3640893437228527,0
0.02383253815983888,-1.2786200506269383,0.8260949662876496,1.2762369677236203,0
2.883322602628253,3.177742312036493,0.6668185125654862,1.417211564025751,0
1.9799573517001772,-2.8472605173205734,0.9596842839985656,0.8320402447871909,0
0.4186382742147414,-2.92034542667424,0.8430171766186578,0.1948938943533799,0
1.0494237024012394,3.995407798702841,0.9655211043779104,0.8216538260430406,0
0.835901570180734,4.3726797357657095,0.1796504702819156,0.5468886712897569,0
2.5622430384876855,0.5653730386958067,1.4625052118330224,0.9894399691715384,0
0.33260554607069137,3.899684613449665,1.017832317377953,1.3358897560368566,0
0.45973447420939384,0.6309880129085199,1.49609341889873,0.6077425434661387,0
1.5794399619369313,-4.475533852252978,0.3482725043452569,0.02712522733997652,0
0.7133738056904789,-3.9402741200638767,1.2236132571116234,0.5592706666487648,0
0.6655627017149072,1.4852811455767165,0.15683579544914933,1.4843821573339167,0
1.4510125095580202,4.080724403365965,0.5677665980319646,0.8632758942782397,0
1.7082823709260735,-3.1823324823107435,0.6025485165274302,0.5658214211726078,0
2.3234875597861038,2.941218511785408,1.4918252122618065,0.19185751862203598,0
1.002068882827548,-0.1385507611922101,0.3980592093943484,1.2409079519340493,0
1.73668729394192,3.906285307416063,0.5927536173108199,0.0004653033168783294,0
1.835408798774874,0.58930006805031,1.3247875874973551,1.339299811151942,0
0.9653970918758075,2.7942034202445853,0.09433996068433148,0.02215466131962518,0
1.7261733410310487,2.709284093155299,0.33139202179784255,0.2818523084152895,0
2.6454345974345763,-2.2506159965836945,0.19144421452020433,0.8679499992956672,0
1.4013260779154846,-2.9648781560007653,1.3865219801139,1.1071013946162815,0
2.3299189918640346,-2.7842817274278353,0.36511995090954,0.8278208170272683,0
1.357954524726552,-2.502947294518676,0.7371959905600791,0.080420391003107,0
0.16643866283613562,-0.05579781595879485,0.5566699788879527,1.4425445376109498,0
1.593776757603492,-0.13104165476918528,0.4183967798806554,1.3062480560676561,0
2.932665368686298,-4.688195015008256,1.4510318014056178,1.1341158211126041,0
2.7256836754723084,-2.3596746123661507,0.788086829231792,0.9023197902516833,1
1.2318996077409525,4.332151158179068,0.014157505408618709,0.7126382289482921,0
0.14012561935974888,-0.11195941132549514,0.7986420332429696,1.4946417354667694,0
0.9534774654991343,0.5688122881404558,0.34541156314849764,0.29689501988843814,0
1.5155753181930476,-0.030980957175216872,0.15484949554774113,0.2911999330634228,0
1.6238298038013754,-1.6406349467538126,1.4485809311812572,0.7222427537022185,0
1.749198934480999,-4.32517184286164,0.9506078325546825,0.14353427037851185,0
2.55236733701669,4.673117938076256,0.6121296856190998,0.4046824154692787,0
1.3059880666294077,0.10561717053473973,0.01162719397130002,0.1253817152274881,0
1.458103979754248,-3.6527309757325863,0.8381221127442027,0.7476574531989544,0
1.2651514588063872,0.901373011980839,0.7472137611779138,1.3950459903453156,0
2.318714705531403,3.5019813557741646,0.23582641089355366,1.4008904526994617,0
2.625669085343377,-2.5645780750956035,1.2061739426293496,0.7354108512318807,0
2.4242467518172734,0.5801839743690493,0.8418108700729068,0.4029109356490336,0
2.405226582889552,4.9807344359199845,0.05685344244117352,0.8658898882687336,0
2.0587474577002887,-2.333124832399567,0.6932194724093463,0.07156031210557073,0
0.07359443787694975,3.027288366135396,1.40092488235965,0.982940225142612,0
2.797479444100409,2.011089495718638,0.6097637166864242,0.4581955698355955,0
1.8011830925804238,-2.980989488090672,0.8796758628247662,0.3867840525208283,0
2.3823825141368804,-2.026248343804001,1.3365978039085027,0.12281346823221945,0
1.1902163995208261,-1.0209502089189062,0.044305031870139344,0.39793000410551244,0
1.466575571997662,-0.765351821448804,1.2408630521535762,0.20760609147857734,0
1.1702406520570503,-4.1324713641862,0.6800350876091682,0.5121162765587515,0
1.9206238417999484,-4.755631834751723,0.4114945011900003,0.6440573382022587,0
0.09851189434781082,4.826471648747949,1.3538747913873401,0.14562694780819901,0
1.4792180971468558,2.130937126587934,0.8102552629410369,0.05493321375144161,0
0.35672890454778694,2.961100776175436,0.12345116277538654,0.06977544553595377,0
2.8431673013819285,3.7195030304058747,0.5014547098068178,0.7085827483895915,0
1.3652431451624039,-3.2692164122255707,0.9702660119133762,1.0662586628716384,0
2.9351350303486337,3.8393246427167647,0.8188503268340915,0.156642591554087,0
2.069016164949733,-2.0217605630012137,0.47091845468122295,0.5628062811124585,0
1.7366321530273698,2.5942971929710454,1.2296494744162971,0.04282134579010044,0
1.8685603390382854,-0.8685826925315032,1.2617396042236946,1.3144273025265036,0
0.6690788837391294,-1.144711933607696,0.40838817798747823,1.1320497582162996,0
0.7843998286060941,3.2840502130144547,0.873160663832524,1.3070484711652801,0
0.4993218358622683,1.2589352719744564,0.328751357797094,0.8395966569676765,0
0.4048048103531635,-2.441206716910347,0.4831518454785369,1.002894220983294,0
1.2079819901968187,-3.2389676600661277,0.7206483315298642,0.3128625236563468,0
0.8612621735141721,-3.2841462130024155,0.36894373306194517,0.08775064658560888,0
0.20282506606203132,1.8390695765591216,0.26312073459449037,0.8240610364693428,0
1.1228024840355957,2.042834434399145,0.9151434394889528,0.45976395652846125,0
2.184377492535785,-3.121693607812573,0.5128810594128175,0.035466950978876643,0
1.3572971176175364,4.64725942582718,0.7874579663201111,1.2200757303950207,0
0.9709440913872882,0.6155584310322118,0.531951732234689,0.5197904252449789,1
0.13942284800991733,-0.5099504934728731,1.2057614839263378,0.029584806140544984,0
0.8940011202849812,-2.557715033942549,0.8734136882998557,1.4913633126443324,0
2.9158186590103927,-0.09823453793858405,1.4836620343937512,0.48173789271670514,0
2.722273044251656,1.30165877390945,0.6589496788781337,0.7458771402025117,0
2.63158246449515,-4.116807690976207,1.2486577980476938,0.22996169620083234,0
1.2300875456294575,-0.09366986883457074,1.216633930444243,0.9731023674913866,0
0.42181997553034434,-0.6984475562366166,0.16659936092781497,1.4565609443080956,0
0.2840591155529505,0.8435348467783736,1.1693354269847533,0.4958066676723621,0
2.513540910267944,-4.879763658241338,0.744665388818015,0.23416836354949372,0
0.639320564991011,-4.191862000842198,1.0347627874953644,0.11755914333848405,0
2.830126067771535,1.931371502559772,0.9689504891232005,0.7210358983746459,0
1.9929607057065466,-3.89313344299382,0.46455863211339804,1.3340066875249699,0
2.389039984676921,3.6909489234189614,0.8205081812429497,0.7459587043237448,0
2.949866504935396,0.5565577675693678,1.2380682809012291,0.6635777821288038,0
1.6045570604711352,3.9207076055374497,0.8297982434659927,0.5675289930100579,0
1.1097543122114406,4.984982237488001,0.7864091577856376,0.23800758027561347,0
2.0242409537088943,4.348903791697856,0.7880607201754717,0.4851545088584566,0
0.9956242907711418,4.463406649034701,0.9424667902357524,1.1388867002193697,0
2.8716096001500238,-3.668405186303807,1.029904356878395,0.6042099839004841,0
2.2837625666700623,-0.5315776991164176,0.310669409248489,1.3715564603659631,0
0.8705762399469873,4.791482027927396,0.8629853638264113,0.9690474565835989,0
2.716649367306789,3.8975448801145056,0.8158337951160767,0.5858288988654184,0
1.9779305381577152,1.043877656379565,1.470171012853065,0.31506324784855744,0
2.758540582439779,-1.2257785262491137,0.9269018723615774,0.15378083662380232,0
2.8932402741917578,-1.1637831649684083,0.644866623821934,1.2615151211531292,0
0.9287966863570233,-4.0192319938914665,0.19714866249536306,1.238387556472519,0
2.832418605348063,-3.161219706576761,0.7590930961685451,1.317171955851261,0
0.9802101463877843,2.732830207743219,0.2504823981734719,0.02579143479988083,0
1.5533691089544561,4.831035593992276,0.41348648094636853,0.9065436382636687,0
1.953242254865821,1.4222457482272786,0.8593201064903631,0.4759581695774299,0
1.8574781836353575,-2.4388796184183894,0.5787436644475399,0.5332048345587528,0
0.27299806919887193,-0.9408391968037391,0.5636957215334472,0.544997787582108,0
0.8851390109249132,-0.1529386763203462,0.19483321806119858,1.390549240092605,0
2.107361485718485,3.517704128632735,1.2154542682790015,0.8959808153439695,0
0.08912622089579447,4.7742376392659285,0.5862139569498697,0.6440394783536239,0
0.6179236789355399,1.3607874662085448,1.1382771559470457,0.1723859352782917,0
0.4926552487972762,3.6368876045145253,1.0055531329983214,0.17424164441208806,0
1.5467770368615286,3.985000255806435,1.0399229262049348,1.3752541875407274,0
0.7481617209796144,4.924399042625849,0.2559669808933056,1.1362700894734428,0
0.973578653765468,-1.3272964854284708,0.763777032779613,0.6317238108090871,0
1.5425197457036801,0.6555079912680277,1.448088110542856,1.4246965779853518,0
1.049194496679923,4.216736577039342,1.268518741994584,1.1220531112821175,0
1.4897653566148985,2.8897803665173827,1.0477529589847379,0.3057021532472303,0
2.384905261905827,3.348386221373218,1.0943967366566731,1.4955437704721608,0
0.7795126792630299,1.8844547080232799,0.9072288069413705,1.1440141616721384,0
0.9341834272666314,0.7295646288453685,0.4290027077186555,0.196309373854903,0
1.9053694761219484,3.608406889239653,0.02895538321896607,0.29917888113816904,0
1.5551951625110783,2.8327642441819645,1.2808273797584546,1.3904947263380982,0
1.8830972467854945,-3.6097164975744898,0.4719836832086211,0.8179504073668988,0
2.476070240508987,4.771184397865607,0.9348661038818007,1.0446391573869755,0
2.4725240866218647,-1.514020655554691,1.4075723458897995,0.964335857848247,0
2.236211104451999,0.44111025041971175,0.8232890658526127,0.13098660812617452,0
1.3847195565042067,3.6864830394018817,0.9659321839538548,0.572460493725717,0
0.5900204971709898,-4.889991585906019,0.11499989543652644,1.3705273114017615,0
0.9947843270638008,3.6801214268912776,0.13898943724397,1.1625701966487838,0
1.7880423749950203,-0.06691956287031875,1.2812947932121717,0.08605795867647836,0
0.6800360661467502,-3.3157997067819656,1.2518106113011427,0.3766261222418456,0
1.2126378799302835,-1.6671383377050377,1.341290812785783,0.30754256055391926,0
2.9177237024710934,-4.125019915856752,0.7986294071406264,0.5322408522722932,0
0.6397946146468357,-3.9877817006767344,0.23281514258300667,0.7798193605995403,0
1.2788080680174687,-2.2935593883056535,0.9176921574783504,0.5814691390213018,0
2.45363238336799,1.402938071493387,1.1771388143673231,1.016753000621813,0
2.1260397930394195,4.381690852817471,1.4098653065810236,1.3591372441134413,0
1.723150614455807,-3.0330876321255094,0.04200254701184447,1.472991554451097,0
2.17660911833868,4.970710764185215,0.18487274599447873,0.3221140464412906,0
0.8303825024452337,-1.5834486014341342,0.5936232228229181,0.6060491729164036,0
2.696310617422496,3.1209746116978714,0.030954791769824852,0.7470719143318791,0
1.0541600957611166,-0.23398141334422817,0.18237407054557764,1.4234878798003054,0
2.4808662068484564,3.7303272854817244,0.5552803352693625,1.4749093146190702,0
2.7591296841691855,-2.689606614565534,0.9697739183303709,0.03149521521771298,0
2.395388471636984,4.749444691051375,0.7367177985095148,1.083730520330603,0
2.9533627582677116,-2.474125508665932,0.9271101146480882,0.958054459483758,0
0.6940188769471829,4.442939398012335,1.251245235655637,0.3206172016102164,0
2.5192280233803763,2.9438245856994847,1.3218758226023701,0.26996283952425854,0
2.282288365116127,0.06195157859490941,0.3418063715236893,0.1918074608444431,0
0.5665760905221959,-2.392981446417568,1.1767218887046917,0.6341360093666296,0
0.5733482858060663,3.1523919677926635,0.6069397963882233,0.4373652632836611,0
2.298889039547181,-0.14091686732103703,1.2589095175929275,1.038558659468944,0
2.531538492719301,-3.305909425743513,0.13050709220434026,1.0567500170256519,0
1.5649212130914902,-4.5814967451055955,0.35988498060413215,1.3375462076393325,0
0.03093919210511653,3.2352460395224583,0.8972663740955332,1.2543476527529336,0
1.4156469133226632,-3.1907677806113433,1.3123727447024365,0.4119049412687614,0
1.6033917248569387,-0.7060088101983331,0.5487360739638896,0.051697879235240995,0
2.5089162173020374,-3.0543740007004616,1.2783779563457671,0.13157886762947302,0
2.6085355507806516,3.290477205982876,0.21747717509701203,0.6518539637181845,0
2.900065182309792,-1.2971311833737076,0.5416705985918708,0.4371984654555666,0
1.52250715135951,4.649347591793774,1.4470427333905436,0.6924103426865675,0
2.12236479851668,4.687091732566692,0.5887734920587254,0.4221652307332829,0
2.1362880645509468,3.8853401237703693,1.2465285703179905,0.6332997214587412,0
2.11080568775271,1.0445250976498475,0.33251487570581084,0.352011803504275,0
2.745976725472233,0.3452438641268767,1.1080342537740941,0.6075800459608252,0
0.5799671636777208,-0.08927804326842814,0.7093335089533342,0.4686774945988548,0
1.9399258854568187,-3.389472379711699,0.19332153404342778,0.9136265286991763,0
2.729980052293499,2.41717857865617,1.132154065555869,0.5982276469145895,0
1.287002111033479,-2.3452617544765997,0.8780393509855604,1.012252709883039,0
0.6911898705967127,2.243522376047377,1.112229521069628,0.8030594712460549,0
1.7654371246337732,-1.7517732155029995,0.28476995284500484,0.8021649274435021,0
1.144134772054832,-0.6161923033564456,1.2324525997300724,0.12143713809558976,0
0.4577450811806947,4.530238815371231,1.269720078098121,0.0011667838993085766,0
1.8538064213419105,-3.8338728531043795,0.8113307365971867,0.6405594976718112,0
1.74970836581456,-0.14466894105164307,1.1755012119025445,0.14972366476881804,0
1.2190345378158711,-0.4273401512112738,0.7642540983639716,0.18384190669011596,0
0.9224033701940475,-1.3097736227316013,1.284615296619858,0.1830980106738122,0
2.295359449779697,-0.035296278155069416,0.9160914783038525,0.3507985363862418,0
0.681272163387295,-0.7616340446006031,1.1299716321171451,1.341744687942933,0
1.4361964415302702,2.8147275689339155,0.2852202521203255,1.2995690326152132,0
1.184840822858758,0.0658480358429614,1.1780804183379512,0.23404688389603434,0
0.26230834995879615,-2.414850678428291,0.6163072098054903,0.9846577709976456,0
2.93986902061238,-1.0286254027248876,0.8691384436028127,0.9543266587479398,0
0.34789101554466895,-3.9899048449021035,1.16633416844835,0.2326409085417906,0
1.689706242729486,-0.1458340814054413,0.3987061541117449,0.12675813484360576,0
0.27078629639815754,1.898855487440132,0.8825540125923679,1.3686531718656918,0
0.08180412942200499,-2.4163550946924217,0.08765032209167767,1.2672878993308805,0
0.3440962292835893,-4.467857840141326,0.4347106643184629,0.6445634956144861,0
0.5997649026319014,0.07154558509074072,0.27337732941991466,1.2779332422576786,0
0.44073627341194155,0.4305560116840512,0.29429019503770465,0.5469661305324734,0
0.45759000732725164,-1.1265135035167106,1.498004298021701,1.322787828203154,0
1.9235571460145073,2.518508105291268,1.2015605090119674,1.0682372231636803,0
1.6397537360108743,1.1130748987406527,0.602595893465727,0.04558970364679876,0
0.3025780869169362,-4.862339564287791,1.3789350024984683,0.07037268571210958,0
1.7021541836688323,-3.0717288136398158,0.9709583415893777,1.2816800550180734,0
1.5638844254391746,0.8500919717977471,0.564172150100664,0.0979660162217304,0
2.199889052142452,-1.6873825712352666,0.6750837649625887,0.42017822333930865,0
1.0479820972491156,-2.1153886050051285,1.2846165481292984,0.5508963598934771,0
0.40287784392108306,-3.7376948870054982,0.9188106004646681,1.1979723505982787,0
0.839621149424305,4.613880774177208,0.34214690800638214,0.2846257135995904,0
2.3885067288616977,3.3314699927861486,0.7090893564303091,1.0457854090791394,0
0.3587779224205172,-3.155122792358487,0.5581702570317185,0.8078183187192804,0
2.499122569773405,0.7954768041070004,0.4197986911846218,1.2450258509385936,0
1.5378591086689468,-3.342954062593596,0.6909237191579436,0.8492183162340725,0
1.0385709524537499,3.47481179487146,1.2655246395237312,0.3400989629380214,0
1.639373571778342,-0.8175411739132556,0.15970625147415657,0.3113390658327597,0
1.2144658385121279,1.6335525212389115,0.5567479653817227,0.8824560511545478,0
1.2033514380705996,-4.795146129547426,0.11499677288683646,0.373426689471157,0
2.799366208565111,2.792157668269483,0.3007488550929918,0.27222009894651494,0
0.6577153519997809,1.6900163201321572,0.9262697604679766,0.31964120242905203,0
1.4324184823184098,0.7497489189093534,1.4526425637544003,1.1004320331850583,0
1.604741130007365,-3.8033280169652475,0.13494483210206204,0.3307373270360288,0
2.0019117291494792,-1.4804263450497857,1.1360402948343211,0.7825625876674474,0
0.32291618857528503,2.6774924807040845,0.9126809933886928,0.3316797312176191,0
2.464346328110288,-2.937138192519039,0.5563536978157393,0.6751511413584124,0
0.5657439020038909,3.8258523187268842,1.1324878776016365,1.4991115688729357,0
0.6014011357669395,0.04475430872958874,0.1628196887142933,0.4643475277886164,0
1.0126704296338604,-3.6087190651064582,0.3646284165734528,0.7513401435672533,0
1.2185909021882808,1.3558111233939227,0.620786415602393,0.20419320496129395,0
2.072366242832393,2.8097505934968385,0.46637705295749976,1.075246623596914,0
0.0006772827283011429,-3.04940384315635,1.3152410756499089,0.24289335035887383,0
2.064603260488635,-0.3849934102568673,0.9964326180099882,0.9644162546789532,0
0.07061471017109577,4.987608175795174,1.1047980183078054,0.36645807007451575,0
2.018621445418003,3.122715319247657,0.2229843583633928,0.20295695936158747,0
1.136457970079668,1.1118624713631995,1.136417697220781,0.9902625955046981,0
0.0431885422027366,-3.2573624946919066,1.003916366480552,1.3306310635679,0
1.3904295574225278,4.50521453008075,0.4213523366739281,0.2217785929500169,0
1.8401959891534316,-1.8185943894237755,0.5362310144507592,0.2970350215637341,0
1.0424951726079643,-0.8057833900209914,1.0019686231488427,1.167563483341174,0
0.522915455060112,3.07136265844159,0.27361654577976946,0.24327768701209085,0
2.299076948259769,-0.17532282061406335,0.1408607239865401,0.29616693767863833,0
0.01606204802190936,4.789325261814081,1.0499208686341936,0.40864044703927216,0
2.9698637625180915,-4.55117909672259,0.761444934327429,1.111361309614605,0
0.3060441768196853,2.4513620836249466,0.260625486043171,0.9599888367487903,0
1.8236656755723146,-1.9848477642050555,0.6628723579957372,0.5724809508551963,0
2.4170642567321936,-0.5535335987748944,0.818267231889076,0.0669781352159533,0
2.7435285086684353,4.457058485482509,0.8349428954496079,0.5031717877214295,0
1.572420605100476,4.078346214262098,0.9561466026497789,1.1028138383584858,0
2.3735771981581095,-2.7643384775364153,0.7862460495919599,1.4533498447540152,0
2.04945733851184,-2.0373682639154977,0.2492361003093549,1.1632574775665745,0
2.0975437132639936,-2.8533555762090534,0.06421219344437012,1.3195921506169732,0
2.4045096385366502,0.9533606050383749,0.6923223216231978,1.0510906944720264,0
0.45524068167511345,4.471916709047511,0.02467004152918484,0.6071787849413349,0
1.2362602060011736,-3.4353702259403294,1.3984332416232876,0.2412896681795897,0
0.1312820282879137,1.697778253368373,1.4363657561871368,0.2574709063090742,0
1.0434455615933051,-0.5436529178560168,0.4811231110432834,0.010187801122688911,0
0.15748388276759728,1.605778184240629,0.10961786638678295,0.9416983975846092,0
0.6428945165995075,1.5292873755933307,1.0122505992281474,1.3406843271440243,0
0.6154895501697807,-1.8529354736612458,0.5083061998851636,0.17662129726019943,0
1.2574654917383863,4.2573649069076005,0.7101148763410752,1.0345513702014364,0
0.7482094669201883,3.83119973086335,1.1277230652297237,0.42633419528062627,0
0.22957569913562625,-3.248240880987685,1.1039143089737329,0.368482462314583,0
0.46460412435763454,-3.1331574990931754,0.9322045921401341,1.1535404561755622,0
2.612466220522214,-4.418942215569958,1.4568901476037228,0.39729564655284944,0
1.6354304831913549,-0.29410533779796655,0.3150457911578107,1.3163762689962404,0
1.3276600756018915,-2.7156689435985095,0.4103352678854956,1.0918731826343997,0
2.3523263425840533,4.871361492203162,1.3340588559697295,1.399598392330907,0
2.8354899128682414,0.46342199974495735,1.3765937996574817,0.7198886363246446,0
1.7049133019146803,-2.0811427743058317,1.1468411914604122,0.0513187303670935,0
2.2242456519690843,-3.188517584004952,0.5012904020983202,1.1492885121555814,0
2.2160156701854348,4.268366570651644,0.1023759309312558,1.4136647195954621,0
0.327742816035803,-4.553508972490949,1.456402871070299,0.7166292661807847,0
1.0248477852927198,-2.6598994569039682,1.273512800046264,0.12465498332592767,0
0.30877172888627924,-1.028204571050356,0.8781866614885303,0.8776017020868817,0
2.0911302788911845,2.7869783883861023,0.7025112501604047,1.3423062071208842,0
1.8306874503948016,4.632030312429588,1.4772591886527597,0.6031900399115399,0
2.550478182912994,0.7877021155566011,0.23269943759154704,0.6303461410241065,0
0.6934633114113058,0.466738140447994,1.4112788827623735,1.4494605511664855,0
2.5924769209925294,-3.4584852351766338,0.832067301518316,0.3049974174793702,0
2.23719435390589,-4.3011331206001255,0.4931599137529412,0.0037950254153606977,0
2.478926186035161,3.064804913059012,0.747301684843981,1.0042045724465947,0
2.6815172135800953,-3.8477366354637454,1.1333715506057471,0.18156403265961946,0
0.6928899916496761,3.5493866518102557,1.0852458016637856,1.33810008445451,0
0.5824742075084826,-3.7618000890077417,0.1414082938550395,0.22842289138268707,0
0.9286827422025572,-4.172442383450939,1.3061421569743712,0.5399879219368825,0
0.20649517712866994,-4.884575998392692,0.7900935155531734,0.9056652164227367,0
1.929885637582512,-4.617174163933248,0.027469434471486087,1.022184038888601,0
1.002032267540626,-2.6048680451529393,0.9558789978240156,0.9640510306063832,0
0.6624276622138269,0.1434795998174332,0.11169440859557073,0.4205322545804625,0
0.9765379950768645,0.19019299802390854,0.2844212798247786,1.4066267446512821,0
1.7149988675365593,2.1347722219464496,1.0352557483567721,1.2246893278677597,0
1.339402870008462,1.654789420609836,1.0558808868690774,1.2868554162216674,0
1.8646524033396474,-3.7081550408119233,1.4349108416689023,1.31045761651932,0
0.7393126756562591,-4.732976024827234,0.6323738595883561,0.1597749860700845,0
1.2007123352087514,3.6024342252233783,0.018890531956397782,0.4365106048068209,0
2.7407799356934768,-2.091796253168987,1.3346009335876041,1.0728228088535225,1
0.04115602581198785,0.8411897867882159,0.8369887969944042,0.040193041926330664,0
0.6390450090320783,4.7424559589097655,1.212298847645314,1.13739727682612,0
0.19988046729990994,-4.280278597365258,0.5122167816376981,1.4809222432991802,0
2.454543958253898,1.6312588727508892,0.8525214239785542,0.773949560785901,0
2.757676224043047,4.8369508714977645,0.5537281345599414,0.21377746752139848,0
0.8081675139167062,3.652082272309757,0.6016104329458609,0.3236352142508588,0
2.9776411704284786,2.963580093456226,0.45730947630854096,0.5236423096955243,0
1.0337326405742848,-1.8973501358282996,0.7719845767117274,0.8190771395838641,0
1.1647413780205014,-3.6349478630666554,0.2501088106250781,0.4236867087535963,0
2.952954329930235,-0.3871337693957475,0.651980651692499,0.6631850722416972,0
1.5919024075072914,-2.2263858767467823,0.8911675126886627,0.9113054170407059,0
1.1592858731922013,-1.4731467187632905,0.18177780485563455,0.00916543613115911,0
2.2991366233313197,1.363358455695054,0.41773225104995426,1.0296560361335976,0
1.0485901804859803,-1.9017639572819602,1.2056166334380078,0.811314243134061,0
2.3707053857127405,0.9812385975454472,0.09387052292663378,0.6648976389134734,0
0.7795367398653148,-3.8199629738006315,1.4268884787986333,1.1606575874494274,0
0.3097213668918797,1.6923809114307957,1.1241293411689663,0.09157148416162564,0
1.655712289217537,-3.0353968690810698,0.21382406561895173,0.4104025112529532,0
1.7730062235056487,-4.0638978235343695,0.9794409017910326,0.9231954737079229,0
1.108479303767493,-0.28945137956781153,0.8867430639681948,0.0077610573885461,0
2.86815940033782,-4.606917429059498,0.6426852789975097,0.924941977590542,0
0.17972441557182284,4.697046434487772,0.12150183895091149,0.7006849075087016,0
2.683883400297125,-2.856082576245309,1.0536833363560063,0.7856224929543973,0
0.8818435101144741,-0.8187658811081313,0.7004137944135129,0.29152509899479406,0
1.1631972757919424,4.575176546757904,1.2772056794513524,1.0958744001274254,0
2.023844339868132,0.6797903663263307,0.5374111035263787,1.2279898043769937,0
0.8914800120659688,-3.1484391169204526,1.4556359022497285,1.0524339164963497,0
0.7038034332505213,-3.1903454794743116,0.34999277619067554,0.22700228785649507,0
0.6051723873245798,4.606942137133043,0.7221187761129706,0.43295053030578456,0
0.25993230933327016,4.0900781183235875,0.9512719840659065,0.9976242598229429,0
0.4728366195031054,-3.9480021712503497,0.9785793733787085,0.5964886451200816,0
2.7640813524155297,-3.2068042285493012,0.1372048405914304,0.5815933356224158,0
0.6002044268310929,-2.0451377013359906,1.3090066613681137,0.47914853709672717,0
2.5009206203458056,4.980552248979654,0.13200014110884156,0.7196456791964287,0
0.2557838904434827,1.4607235133167542,0.19806163492481893,0.2836045957678492,0
2.920175009762602,-4.874242215597765,0.9709086490228259,1.3941125804476389,0
0.7444466554584402,-3.537451282223305,1.0069918192592953,0.46873430790323867,0
0.7415432369530481,-4.23132019948555,0.9449370899565923,0.6112977422767474,0
0.8544477334541685,0.001724408578117398,0.09375052048563376,0.8381930779034295,0
2.9561650231697083,4.3170358551613095,1.4070091373356814,0.381222210662487,0
0.39300505825489596,3.024049855208707,0.29980696943521756,0.37215042683752414,0
0.4490599046508167,-4.6667706289608555,0.6509755214063866,1.2948502043271717,0
2.5249228501169974,-4.399546940139842,0.5422556485202155,0.45681790115601584,0
2.44129077261632,0.7141709856296234,1.3324580522289382,0.25836685003305354,0
0.9990238532424495,-2.085382495901383,1.0236830962863033,1.1499162607660627,0
0.6953558101136945,2.451862655776445,1.197980681464856,0.22528565769430958,0
0.7901750015943174,-2.602374425355636,0.43666735733337164,0.4217738367039873,0
2.550269565952727,-4.156608845309409,0.5076264922783728,1.1059798208751104,0
1.5149061051502275,-4.626087870515054,0.6818820337257889,1.479273103261752,0
2.7419585536112097,-3.4697277043370023,0.1451529628523976,0.4063528685913765,0
1.6584294606465253,-1.1798012121428192,0.6041689758631281,0.007094832616572233,0
0.5115752879527821,-1.1912985822858624,1.1316727021371138,0.42153638443638264,0
2.735573860991628,-4.27937688417099,0.08685928149183969,1.274198234770365,0
1.559537139793163,3.9994018380600256,1.2755079828581901,1.308635981287318,0
1.929397055704178,0.035064163512056545,0.4576978276234787,0.10105230785115854,0
1.2934146138756337,2.0189565902615927,0.887000639806264,0.3774285850175674,0
0.31640670370533863,0.566650000508659,0.9994619800739667,0.0744252495085308,0
1.9757618029728752,2.7142934961048484,0.9633402149711274,0.18452507948174635,0
1.9900363553606422,-0.7920651638462362,0.3815209454155799,0.010660571858848333,0
2.6347726042836466,1.4857323560935454,0.31871405802721087,0.6697963660678083,0
1.776978340560848,3.2103581266338885,1.0815387622759216,1.2751403126917282,0
1.5525175349215956,2.9020653198021273,0.9966213330235871,0.7100619470945391,0
2.949557982439794,-0.6223876251339586,0.678966130361983,0.4410259790916983,0
0.9452871668729927,-0.6006985095087938,0.8973907789992308,0.12537945577121767,0
2.3463506282978424,-1.4440826633458226,0.8356330017680812,1.330723819102802,0
0.09259495497998904,-1.2336966070161361,0.401227733378069,1.3606747359945452,0
0.3975390668373816,1.1323679228721861,0.5821004594929422,0.7837534601134707,0
1.4067943519010158,4.244450193731076,0.9568100629943339,0.7694995327577268,0
1.3100431846917533,-1.252065330503096,0.3333495380488371,0.49197997345245814,0
2.330270843255149,-3.9075832849472105,0.0502412169023323,0.5126925477946855,0
2.84657341658937,-4.405623492199795,1.069217150607462,1.2761694163135444,0
0.9081897111126871,-0.5380466684522398,1.210454020890456,0.4659940404662225,0
0.766192915411579,3.7443172913705727,0.21504712601782505,0.2693890706354028,0
0.39235614353636306,-1.96969481523799,0.39143465167996444,1.0655422155291063,0
1.6565663138799143,-2.3319366309822263,0.8953822790202421,0.6614850665550731,0
1.2354453533685361,-2.8294062764733274,0.6077349198489981,0.6298830647717937,0
2.1048411387649724,-0.6818821303353184,1.083373029250514,0.6645546339670988,0
2.3197931728260937,3.5784081521836946,1.1129817543983886,1.0871691780020387,0
2.8960998052692553,-0.014488976106407314,1.21492355224981,1.399386774860343,0
1.293166976330495,-2.6033706506962426,1.0457880668981483,0.366447129468032,0
2.3545991614483164,1.443659677766024,0.029671712473359313,1.143673098485527,0
1.6198467948196626,4.612278483970664,0.7852951964251212,0.18113994541997047,0
0.5925612452777373,-3.8845587032787456,0.10137750903956277,0.6900905591903359,0
1.4050326962154998,4.210971914097097,0.04340603829729006,0.442055712397674,0
1.162985368012467,0.8426496243896615,0.6631154375860506,1.285532806190356,0
2.665884821194976,-2.198739214034707,0.7111000421868101,1.3755179259338448,0
2.5983598038152147,0.4165724880568247,1.3764137058176202,0.20111851400049569,0
2.954703087038457,2.7938844678549444,0.20772573575787706,1.19941034520189,0
1.9017261148133515,1.9237016497063388,0.06993942378531992,0.9723006470298876,0
1.9130113474344739,4.2877770686308665,0.4983977280638432,1.0643276322091615,0
1.3935673026157263,1.709532110236223,0.6964899250969452,0.37017239216052633,0
2.7157054751252274,4.6336052767681775,0.8589085451084965,1.397745133626333,0
0.33140648904168046,-0.29544534831528857,1.3595655247404461,0.9118998312505014,0
0.18379990705059024,3.448201069441092,0.6651892513091213,0.06380736816508353,0
0.8643112748835742,-2.7845124326596347,0.9776409431519888,1.323452552034585,0
1.7634281688685092,3.1227500922176166,0.9937922152532299,1.4258328053740152,0
0.9984908308413606,0.3728634227879777,0.6923074879328082,1.018907361708988,0
2.44722717175926,1.4633025239334074,0.5392314643754826,0.8635209819253811,0
1.0578287367924215,-3.775019210555585,1.007815016066111,0.316337408429523,0
2.246347283392139,2.922549814856456,1.4244506490957405,1.1937801998738193,0
1.6019368480858769,-4.616077354886521,0.8373145163659701,0.6144039434344837,0
0.13840038290625645,1.8781277100354536,1.2242219065794908,1.3782271070695093,0
1.2175547171299381,2.3741070361169045,1.2329941552435628,1.2037123451855531,0
2.630552790674455,2.686225141948217,0.8057114525943221,0.024950993908631647,0
0.14552984920426526,-3.5885636669691467,0.029658379466624307,0.04176893522659891,0
0.7536134565317931,-0.56193977089759,1.2216134197003343,1.0078475341228512,0
2.9458273945814657,-3.7992100101797286,0.47772818412291435,0.5256234265246316,0
1.2822525485803604,2.387912301919367,0.30952753297854046,0.9310093208174456,0
0.4495218703539836,-3.819926960718776,0.9131131004222488,0.4423310359351336,0
2.98391138920313,0.964116115583014,1.3041179185157166,1.0048555319426853,0
2.0147659344645543,-2.1472522694990936,0.15712013256034785,0.40210213096088177,0
0.1336390341731244,-3.997223649622521,1.4024879059387914,0.4837976323168651,0
0.21636757464374845,-1.4033404339372133,0.8982858712694473,0.6905848013288093,0
0.9461286680529676,-1.7875548058409874,1.3785927927842563,0.5136338280821792,0
1.2596971554969572,-4.7141099403447715,0.061627268483970044,0.9188265240644425,0
1.3895929539968495,-1.9811860414650164,0.06275980659381891,0.08124070147450063,0
1.3612127629602337,0.43756854784160915,1.3781869461311924,0.882164675394954,0
2.6723946446867006,-1.5689307169653741,0.17100050635230357,1.4213534245898265,0
2.1312116624275896,4.971041157058011,1.0218320330184905,1.0240884721266468,0
0.08318235138769625,3.934928154079479,0.2725977412278075,1.2010528919602383,0
0.14542852626626313,3.529152135863434,0.29062586889260283,0.22857999381171595,0
2.421236492457244,-4.9139270790330265,1.362501681474765,0.24718308215330204,0
2.0606429877496244,3.9712458172025507,1.405817639414532,1.0923575203680023,0
1.3585986295764547,2.8947997012503173,0.5875145316850308,0.31170474447190116,0
0.5001781986229629,-1.289839268469699,0.707233318383426,1.1277475906346193,0
2.6287114711334723,-4.7533282230724545,0.4175154281993697,1.0269728334146637,0
0.1997174298531601,2.738476010482943,0.7632752487392316,1.022871353488017,0
0.16581529017235597,1.1306386773677684,0.027465682218792864,0.9473806557295018,0
1.6661338723695043,0.10490492969307219,1.2678403234466884,0.5852308571488579,0
2.787573615974822,3.102799116456657,0.42158285004277735,0.6235065942472172,0
1.938038307506409,-4.814844225659916,0.23402842553406278,0.17118004438384776,0
1.8351575020717539,-1.4033315839667249,0.8932551052346607,0.027307351781622802,0
2.777812767146729,1.1084672561918127,1.3101554443805312,0.7280227504996476,0
2.2576826266521977,1.373435638246682,0.5417762054427827,0.7525512722231056,0
1.673485538674998,-2.619542749848746,1.3420779640332199,1.271231962256049,0
0.2004946735269646,2.3238284449601228,0.4518706833214907,1.1157705601203223,0
2.822804098999021,2.8214718541331827,0.9030163195766796,1.4865594182383242,0
1.6972247178391604,0.7339901165632101,0.8945743553340756,1.3404331645696517,0
2.141254387381643,3.4759393683809243,0.592896346445638,0.2517974257392267,0
0.844526362821117,-4.9884859781714415,0.13865350754539568,0.5691951302629481,0
2.8713100662420263,-0.5988222005835251,0.15744938400200986,0.2343573421631483,0
1.2258290942814059,-0.19414614527539342,0.8109885538773819,1.3321933923540419,0
2.502458389540945,-1.9889395085379133,0.5514597324191692,0.7652738928094522,0
2.8485343550714783,-4.182841555353188,0.07838279444329865,1.2643589071603332,0
2.790555244012044,3.705033548845293,1.3536044520364672,0.23362009793423327,0
2.9222698607530493,2.8746111088334105,0.9072044773689466,1.2409865824320563,0
1.3968183107521586,-3.288789972115511,1.1133063281540014,0.2600514227588086,0
2.969366753054201,-3.1117948459540887,0.43273065295248575,0.7671082420786228,0
1.4624757024904724,-3.2516753747036384,1.0748738647834208,0.1278561940499287,0
1.6526043384293025,2.285921568939826,0.3599466998573257,0.15776593244793824,0
2.369903498877169,-3.0289247017418965,0.4797400592321824,1.097348915677717,0
1.3455858202418365,3.139439640119834,1.0449965492613522,0.40418344165502346,0
1.7005109586934797,-4.319604512012645,0.7164906041488288,0.8394067098463538,0
0.20582353446340074,3.1324425411182126,0.9845941725007581,0.5708211871665383,0
0.9934812107364731,-3.8252685524547028,0.7277197361681982,0.7758156082680349,0
1.242760588876492,1.7505101158334933,0.7634886450274261,0.26035273302418677,0
1.8522062886635098,3.0985905718602993,0.6573669203276871,1.1364466373987825,0
1.5079545771247411,1.9545401827115967,0.8498789483179783,0.6220510878522018,0
0.33443376375558953,-4.175095469701974,0.9289261586477104,0.2094979433575369,0
0.0850226950052877,-3.539257109952726,1.352239411306905,0.027964257714749585,0
1.7396252630016589,0.8177906173935128,1.2072066407922553,1.4247777395156431,0
1.3496719003877327,0.8187542307852063,1.4632556177505667,0.03116158575451,0
2.3633983214085243,0.47923555664433604,0.194622813426661,0.7111442056148034,0
0.6773633696215472,-3.1655818240311664,0.9170270739958711,0.12716299587163,0
2.3467728331819577,4.596708787958384,1.1954000036894308,1.1149773712756665,0
1.6166472055311427,-2.7576106785101806,0.2517747575745359,1.2442734666824742,0
0.33024531006312674,0.9597609785212473,1.0041677581061457,0.5597129175661407,0
2.8542358473039204,-0.8018599473896604,0.40747197844896305,1.113750122909154,0
1.3379257007831793,-3.5312172355004314,0.10354889555633506,1.413339249333433,0
0.44588549851235415,-2.1216117562842385,0.655936953816778,0.7480674678784452,0
0.6388728693360828,-1.3540220107137046,0.985970727210032,0.38338631759122344,0
2.250935372387379,2.622580920388099,1.2425903749440579,0.6828064838022408,0
2.0906981796758393,-0.8801876957486847,1.4401637183825273,0.0762696971448964,0
2.437799331487232,-1.9566022138567907,1.2767689250195076,0.3145249566552852,1
2.0678284039390036,3.043510800280913,0.942273895097165,0.3860759964828024,0
2.6317364828314846,4.49199506465092,0.13966912347695426,0.22601273098488772,0
1.1081547185859149,-0.19174534642371643,0.8292595818274462,0.1355611084982603,0
2.058501862112053,3.653061225330953,0.8617266597893705,0.2916579864552598,0
1.4866208563492105,-4.7188051265097055,0.4332255646657644,0.8818288209439759,0
2.7616004174815405,1.4870837552102145,0.897416026102227,1.4509549976386833,0
2.0694220247837207,-0.18433920778258983,0.793854607762825,0.025449015753994497,0
0.8115401277957345,-3.6632737637522714,1.4758281245715539,0.8681704302479716,0
0.65418889394609,-3.7003034249933044,0.767491086576617,0.8621780863947657,0
2.1846689991770574,-1.0705400071013562,0.5340043782457922,0.5854241674024183,0
0.15583225464341133,-2.1742045662268206,0.8174615410968228,1.0719162963919906,0
2.914598883157356,-4.743122757208668,0.7422462091845532,0.38610285084803275,0
1.6923227438032642,-2.7571502245794397,0.21330324467650463,0.4757517248733484,0
2.874431067393857,-2.0855375296853262,1.1992649835992322,0.9334175841544646,0
1.0112033130535263,3.743510523387263,0.46679307885345733,1.305571792940105,0
2.994182430420226,1.3402770173918093,0.20876589648829585,0.9541161156537954,0
0.9072120639393945,-0.8020103732945385,0.8297144446143752,0.6803742194083578,0
1.6044775566609668,-1.6954379294497701,1.4861222058461,1.1597234616112257,0
0.864356743798981,0.5207920644713324,1.0847787973083973,1.202136402630177,0
2.6244852311843716,-1.3403683266140165,1.3438116292567426,1.4803870370832968,0
2.936749878562527,-3.16418845656755,0.5682544105414842,0.39969300769491534,0
0.5978382034551475,2.8665081146855,0.08765651963618926,0.6061004615999878,0
0.5985193250301365,1.2318394717986934,0.14698636538123977,1.1071312820587367,0
0.2934531976870255,-0.024226490462757155,0.2774847435992087,1.437641392390256,0
1.0088668495147863,3.826208058248877,1.1534726284178296,0.25682948265543304,0
1.5135110840355148,-1.7457668499524113,1.4632312252734683,0.2498251520521635,0
0.031775794676162206,0.668106197608668,0.8392896778990399,0.27893018606552444,0
0.8667968936453749,3.7525746898986245,1.1151478831659816,1.256838886109433,0
1.0864748983578063,-4.412886068544281,0.44364466219856474,1.26810203283254,0
2.0607773241310903,-4.333616929465899,0.726354350266516,0.9910926747292301,0
2.3377240889476214,-1.6595711955990202,1.0000950299037459,1.2072105705455751,0
1.3960922204085624,3.968307428611725,0.3436810060135103,1.4107271928806888,0
1.8964006755885074,-4.163438467934293,1.272922203179673,0.12185179468061019,0
1.3796738032373588,1.404338561522315,1.3742593808651367,0.7306990500361922,0
0.8725240740957424,2.19892098944774,1.3254919442173174,0.24254005036610965,0
1.762367223219579,-4.820038056186332,1.467962999799749,0.6039969483275023,0
2.8803322329870107,-2.173807112708912,0.4564524037236771,0.026504818022663246,0
2.0865257330878184,-0.7134348664961703,0.589038023163335,1.031524244222148,0
1.629735876860403,1.9276713279936608,0.8047300893743238,0.7986775248524016,0
1.8277384816296998,-0.7996248023748382,0.28967241379797903,0.9385860087209716,0
1.9553280514337392,3.7855894025040158,0.9326831861250944,0.8838190235880339,0
1.7749624186660786,0.45670273646677373,0.8335388271378203,0.24558776920839592,0
2.7253807937710923,0.01069632514448493,1.2532547126651954,1.219452751833204,0
1.4030452097045087,-0.9373031661142894,0.5345763822254317,0.9527886051915313,0
0.4275052932643647,2.3673261242864454,0.9709939458941417,1.2662552517442311,0
2.1424797830155526,1.5043005553284985,0.4871980060887457,1.1710974722745506,0
2.1265247458008028,0.9330045654564598,1.3322454036134919,0.4442158188379486,0
1.7975178125416282,-1.4037066150810906,0.054748424963768694,0.2591571033688739,0
2.805753196423628,3.965773585964259,1.304537983099394,0.11669729197101308,0
1.4151357864197354,-3.983967237440763,0.4810873084361473,0.6680586288046565,0
0.7876170721143637,4.872997149748755,0.2175938611473443,0.8745535852303454,0
1.8187093754847226,3.375518507518686,0.20176841062081946,0.8641553019523318,0
1.8808460951951729,1.2164731988302258,1.0542249717198615,1.2643795229514017,0
1.2293087566389138,-0.5615167148509705,0.1905565970216085,0.5183701695406552,0
0.8473597349029783,0.1343180113995288,0.9617401123784359,1.348594890149632,0
0.32715014858818936,-0.04366403961149157,1.0226643073523214,0.2777485939111817,0
1.716022564151395,-0.36372832086226126,0.44157215710767445,0.14182287571637037,0
0.5645207314767304,-2.7650208240038445,1.4515774045086969,0.10335511009751025,0
1.9212323375560167,-2.8230588703066086,0.7275970622496408,0.4974088854201317,0
0.5852317093171312,-3.5957342127116467,0.9964410534165609,0.17164067453070797,0
0.2620206432476967,-1.4903006883228254,0.1067056144534752,0.6751988642617708,0
0.565424972794883,-2.521837268496939,0.1412661241025719,0.40348924988668733,0
0.09471189371789213,3.885005338087046,1.2416259610871345,0.22207657404221443,0
1.580614698815811,-2.44254035176212,1.0452823771856132,0.5231834665702914,0
2.802249085818524,-2.128179349433216,0.8478681278214713,0.1599948984162864,0
1.3021737444823838,3.7733315881813603,1.4569046912282941,0.48182780153532795,0
1.586717114852235,-1.0677768879219594,1.1548904298825104,1.0289760229971392,0
1.448628796250302,3.106361019256605,1.007821798374128,0.8638930632704755,0
1.2567960865875274,3.7323908982676564,0.2549901898506497,1.4278937606797217,0
2.3005774549571782,-2.1268795142399255,1.0398908308260681,0.30747981241344985,0
2.909196035457238,-3.045471050699795,0.3321294622642087,0.32695828915239594,0
2.608254894529142,4.5059822388983015,0.21465673803755825,0.8492358447400625,0
2.332523093662796,1.8002668503728252,1.004477523886191,0.26598110493930394,0
1.0113619907243796,4.91179473616511,1.2475563617522119,0.03572559951683091,0
1.4367057287354186,-4.307380568638655,1.2254934577372905,1.1207531664887893,0
1.210902951625016,0.7530614873090862,0.06906214013129647,0.33369516573772706,0
1.0997997174320784,4.552120365738375,0.2728869755725139,1.158529004681652,0
1.3900138350814353,1.3161366133592498,0.613658192275912,1.3555880928135093,0
2.9448259529398677,-2.565968185737164,1.0726669427429063,0.32062807790777614,0
2.053538807513286,1.4529674103098502,0.47156923530325856,1.3705084430862962,1
2.7140692274764975,4.730476041314134,1.2048430408961772,0.3432811524812984,0
1.6186128902159513,2.6677129056357805,1.268548354528551,1.0391989730258262,0
2.8856087827412296,0.6825242473569215,0.5922585539600622,0.48126973759167385,0
2.1759127579272746,-4.868898990281842,0.1937382332099833,1.3195845759873743,0
0.7769721289858744,-0.570473789402989,1.4848291643256908,0.08250243522207507,0
2.613963804415431,4.3161544014264805,0.6116516600330723,0.6125323605175597,0
2.5706425239602124,4.876586605336396,0.07176513937298101,0.7664870807195763,0
2.3123939397835542,3.5193749035531035,0.6826836369212084,0.25148666687554094,0
1.8202067605477392,-3.5027151717206753,0.5611487304756677,1.252454826943095,0
1.771214062065107,3.033609511802549,0.20224593563478716,0.5238700128877452,0
0.6766991883579871,-0.5195843914114873,0.038194375265518776,0.23618648737626535,0
2.5892234051882377,0.42912339857316795,0.17944922528047702,1.0817724496020624,0
0.6607406281636932,3.6989643683558775,0.8196710697201559,1.3944901465093733,0
0.10054044065676626,4.90399850460725,1.024825773889109,1.2164367818239739,0
2.0045786931623155,-2.9936105255864787,1.4973380193053603,0.08997152497278726,0
1.6354447109225259,2.0558619708569417,0.01717542874491118,1.3589629781039454,0
0.007215260740332963,-2.932593864429606,0.5931055231807674,0.12238016522600126,0
2.1370381260980986,-4.859812190559195,0.3888833373711053,0.5020039282044997,0
0.7430395813614579,3.957440028132716,0.5869404563705156,0.6581092560230097,0
2.601942051601552,0.26635477488265735,1.1085789955990384,1.389755664092785,0
1.8998912640525836,4.067937228950139,0.5354559031163227,1.0402813241691793,0
1.2723960082946562,0.01853909849395574,0.7476789760815311,0.8933247848601881,0
1.3939388490457891,-4.321483861782164,1.054035703165787,1.0019492719251117,0
0.6107615464435773,-2.4280265564868486,0.8844275858073276,1.3662210994252866,0
2.281595339433687,3.257706547043105,0.8910354254248617,0.1113673942887013,0
2.517510123091624,-2.5409185379388233,0.24787274053832742,0.6499130003695857,0
1.4845517026589201,-4.746926632919885,1.006217912410647,0.08159559568882974,0
2.538377842107031,2.5426569727168937,1.0259820518813307,0.17060637088690173,0
0.23681968988117907,-3.6072668592374493,0.3834068019384522,1.3876604374598152,0
1.9194238034189692,-1.6627088811006328,1.367271330238139,0.30961732428246963,0
1.7707379823655536,-1.2728491849059664,0.7643734333654725,0.07296500409959905,0
0.40367955463084715,-3.995680353068467,0.6324146813525711,0.7856480150654848,0
1.3193946293074617,1.5443021567564594,1.2308520501902303,0.27906542007723084,0
1.5951555864569986,4.017071191037559,0.5821672277874997,0.9951443967472147,0
2.1177625163020055,-2.085176022870402,1.1838969549647118,0.3375155097512468,0
2.4357589039666547,-3.365728169516303,0.9947570793127738,1.2204096413598524,0
0.7625191758607179,-2.0569792915802445,0.15427984957348595,0.12820308744613362,0
1.9385406944605195,3.125218737258816,0.6488133520888026,0.9499097831023126,0
2.189702977328028,1.1449411719847449,0.721259788619315,1.0475099544038955,0
0.24593902552163116,4.212536511134564,0.6513839355531716,0.4996514877857467,0
1.8501306998040947,-3.6003744599432173,0.5129967390583138,1.4448834319192125,0
0.9138587857967724,-1.042892438089671,1.0795001051940551,0.30899503628368563,0
0.4770180982329494,1.6834470236917012,0.13270549850938218,1.418367430984432,0
1.7370822672218633,-2.31312729269466,0.9958528121966758,1.2987655144690875,0
0.7861990356375824,2.017101790653321,0.14821432655286004,0.0440546766442062,0
2.549064218188446,-0.6265377799389942,0.9170926491487534,1.4203638220360293,0
0.9992631207280912,-0.2393883250222073,0.5506981269099352,0.9410979579020732,0
0.7083586400993003,0.3621331302096644,0.051057844298860344,0.9081600179414053,0
0.05194274214870731,-3.7771014722483534,0.48616911839003935,0.48694019551270246,0
0.18305858834175825,1.129646534334193,0.4760907790158568,0.12551342865404524,0
2.4944547306748563,2.710162256708413,0.13362093263075553,1.0637032321132196,0
1.3726173797791796,-4.914267645208725,1.3284240315347002,0.537094216134899,0
2.529030006791701,-1.020973259696417,1.4123929504027553,1.0672955411139535,0
1.9766346553949363,-2.105666247788618,0.6946959546282978,1.4324676460141244,0
0.44172779294344067,4.444629738653052,0.37465402239189094,0.9514603160910606,0
2.780400236037199,-1.5696467627708977,0.6628867301231113,1.1325304156670617,0
1.5484550409175997,-4.492866801862732,0.03129805046200601,0.19038467678368187,0
2.0599307174289785,-2.1855692082916267,0.7554185993763801,0.8469504427813987,0
0.3440840389997333,-1.5913155182997962,1.0512438445594903,1.2012097022503663,0
1.5241319578819374,-0.04963491680661125,1.230439316626528,0.06772847303462892,0
1.3532608872623195,-0.6479464397479697,1.4269544311234676,0.673264787194997,0
0.06534680217387556,-0.3220824263473432,1.3127056643608408,0.9478935153847481,0
1.0970886256812902,-2.7105135183651,1.4953459274556553,1.47431915484925,0
2.928963302232773,4.277856278260158,0.14939174403013528,0.13591481624848178,0
2.8735952664243762,0.4743767903202727,0.9111274238595393,0.29795212594958104,0
0.1894939871941076,-1.7276119565895751,0.3754139828729793,0.01110676433186858,0
0.3735583591397752,-3.6691915912483752,1.4505846287373982,0.7744130091982069,0
2.732650850414221,-3.0866179778614167,0.45889830714223895,0.5473659397551873,0
0.41111945838766617,-3.223630783827275,0.07862741995005018,0.6456298927173807,0
0.6069189663472015,-3.465454583367623,0.9387614131018748,0.13918469828840185,0
0.24491557553673038,3.994699100012822,1.2245575284232517,0.5393774452409688,0
1.1517005900736923,-3.7186857765274697,0.9623357100718459,0.113935679216567,0
2.2797308599645087,0.0355328971285882,1.0363672320613588,1.1960995626809994,0
1.2972112847373247,4.683894246465432,0.8783998160532442,1.0431612485821649,0
0.9388248328603745,-4.196425063414201,1.2548208697562635,1.070319307128908,0
1.243316770405995,2.037079311362401,1.217014255570942,0.20658182877477654,0
1.3814037854181742,-1.8320649281690504,0.4501652061302432,1.127014180165099,0
0.4256475372419396,-0.08063129732686836,0.9620427852551923,1.1257909546214173,0
1.8769184875537852,3.160089294054533,0.042750940351438504,0.4755004961043259,0
2.191979983873699,0.6692836695423923,0.7158261252107423,1.1021329196569924,0
2.933960365143906,-0.9696912625381948,0.018980075293269894,0.42103799784170587,0
2.217560485613466,-3.211976617597201,0.09053764251775737,0.6926054768458125,0
0.5348449134725538,2.750750444639513,0.8396596792724863,1.1463971179747863,0
2.3551245034551833,0.8507023173610664,1.4259821968657471,1.4359041815460385,0
1.909265941616058,4.294168842820122,0.35732083768896394,0.6672284474299981,0
0.04948299114569554,-4.958893861361815,0.599921656998241,0.6518264294549672,0
0.9574362739286792,-3.4714116116585334,0.915036873037637,0.6557775336082581,0
2.9395217527439526,-1.123973544378444,1.2115455678177103,0.35427201161480065,0
0.27298092545147357,1.743740828257101,1.04610587580302,0.8050425553860148,0
1.3621975735248517,1.074868719848931,1.2089636089679687,1.49989417454667,0
2.5686312712286927,3.860267397726652,0.36085658791109504,0.7891542752042002,0
0.5648374937688877,-0.3162304494353112,0.9287573354360716,1.4918351015621503,0
0.002540760789830121,-0.4556522679031829,0.4349813279328231,1.0648328165722416,0
0.10256678948552955,1.7835330465241466,0.6298090370504641,0.6251603741304391,0
0.6524187663909043,-0.4520603823792291,0.8135128526968255,0.25993586999739804,0
0.5800761783273849,-0.19534569402304847,1.1852204718127424,1.1331954180374488,0
0.21084259844845643,-4.7495227666936115,0.7946858427702239,0.3462441504783085,0
0.13941768636812502,2.1057425024809273,1.2352282697979406,1.0705896351549635,0
0.3395996661039957,3.0058028340914493,0.36287986718826043,0.2128554388743581,0
0.8000591043774025,-4.64074447614906,0.6032832930577595,0.41357947220690305,0
2.7673117040020676,-1.5414437777873866,0.2401762812833123,0.8585308235152544,0
2.7970842930209354,2.217551054585325,1.000160880361399,1.1841729093137807,0
2.044818064409079,-3.4410753262457314,0.5974147596147328,1.144511046928944,0
2.3027356281997617,-3.4513381031892107,0.36028375543975516,0.19021829569021503,0
2.348658920309078,-4.2215158914619995,1.1226458203638456,0.693580135677865,0
2.8164591859458326,4.200171437007276,0.4338635208129078,0.38888017234839123,0
2.5729677593038023,-2.184992015258035,1.1923209034766928,1.2730241287808937,0
1.170468370290518,-4.8940211878185895,0.12385718383072081,1.3933802137864748,0
0.4313123669247654,-2.1072529008889482,0.3437203817601031,0.32155160481103845,0
2.1876279376307295,3.4331364808081,0.3999743480955798,0.5046516857551718,0
1.33474115747134,-3.4776712890475023,1.0779978654448228,1.452711473156393,0
0.6542642810231176,1.7398358251139365,1.032198002138523,1.3350081381392174,0
0.7692963086672021,1.612643571768075,1.3556793365497144,1.3126525346392768,0
0.04904424551545572,-3.63050046523107,1.1261067813650496,0.20115958458096905,0
2.8876258442436264,-1.2746587262002942,1.1372363709059246,0.7760855963443846,0
2.9545653675685766,0.8558281715861105,0.5622490693849783,0.20066644427428215,0
1.7269234708857906,4.102240049268717,0.0820469171446293,1.3393789243049352,0
0.6795617710359008,3.2660258652751892,0.11952578770084088,0.47116340567145165,0
2.4908035790417844,-2.243933968548694,0.2677935099647571,0.1413302588888698,0
0.17550529021336903,-4.95070967823246,0.1789571670516188,0.8338035535572852,0
1.921776929118144,-3.0289717455216403,0.3938904963629071,0.8943319440410491,0
0.8962359784392008,0.36454542145602176,0.5802024899996325,1.2493131304454286,0
1.5478569662010084,0.7798746730872566,1.4790679435295622,1.2095818740004707,0
0.5851114538906698,1.8528756084753777,0.10424010439541476,0.9387528784160534,0
0.3695065823743535,-4.704963805068991,1.3524907299554831,0.20328807047476277,0
2.237734624398058,0.5507292679534537,0.4099083779687559,0.8232263387273133,0
1.0983192656000436,2.0924235421061113,0.10512662484868701,1.3840482618944963,0
2.817679710078144,2.508669674266171,0.7182556975601491,1.4890748381114252,0
2.9565077234759647,-3.1791361458269876,1.4203142052541575,1.2517182323977394,0
2.153514173839887,1.8787677897409178,0.2156346598995843,0.09173623072636744,0
1.3796703749686805,2.7539845289049305,0.2555330077260579,1.3134662625093032,0
2.569962634322894,4.595716769672272,0.6987663288317629,0.4852384608192794,0
2.6643971895918956,2.754755056606001,0.7661653736925156,0.5439734534951457,0
2.9686640939987674,2.02794922144117,0.40833973641436344,1.140746523285236,0
1.6095911372246792,-3.8962553898932772,0.5750062263569663,1.3153390620627725,0
2.9162086692892375,1.2524152483743665,0.6601454116419307,1.085224329659696,0
2.4554841038117825,-2.0136616807850825,0.34946183312665785,0.49809253210112864,0
0.1209099262939961,0.41389762929134655,1.3245310831802521,1.396231189974167,0
0.5723612006480113,-3.5003606529039133,1.2156897090189127,1.1121425897716544,0
0.6936900675224238,-0.031428944327532626,0.07863574266120243,0.706603271986199,0
2.4137661180538075,-0.6039792192980844,0.014426657311156887,1.3447389541498356,0
1.0422052205240577,2.070225281459158,1.0436447017023527,0.09370241554848824,0
0.07123492673379161,-2.5613411905704773,0.19269606909853826,0.9018094384914115,0
1.301648748031181,1.0945413919476135,0.37643199865597543,0.5310862790125109,0
0.7258129236189447,3.0178821227998753,0.6755231028862166,0.7037471239108236,0
1.1520220871405313,-2.6004391008861227,0.2114298524238909,0.20348863834968967,0
1.2336946071121502,0.8488636030410701,0.5340640089347414,0.3343558245418873,0
1.293211738695511,1.189938888575936,1.081214184150491,1.3192843435125932,0
0.8283223134196414,0.388382616909567,0.5536470758759644,0.1607985492951875,0
1.2376886603189161,4.483344636625112,0.683971473798431,1.0601213877537778,0
1.8652758753463237,3.3668338563583227,0.9956235276729206,0.20217945568155943,0
0.3285906535722487,-1.798664968061725,0.4053481595659735,1.3422792044910188,0
1.1482354050792627,-1.3712466614800336,0.39578339782435795,0.4725848495529873,0
1.4084324632056604,2.9751131472951453,0.2755958320759962,0.8835798619207218,0
1.7234240513300594,2.6768763229787718,0.6773029004942466,1.2242718121018166,0
0.11374603654151072,-2.6873111650631354,1.2331172829037922,0.1888121608559023,0
2.644687284201161,2.9645680224537507,1.048005026942826,0.1281272669706276,0
2.070135572684311,4.4333804260388465,0.10417559008158511,0.2784212300507409,0
0.3619242918673188,2.8960638670914385,1.0700729823573831,1.1382498551006741,0
1.535900806045238,3.092062980017218,0.8174746456954489,0.3365130719291289,0
0.24606227532288172,0.19651596164959617,1.259832500435623,0.25018328307887855,0
2.3257357934062597,-3.4445934125804243,1.0160774132372603,1.474848532104228,0
1.3272900575225437,-0.052340462708762026,0.8286501383865439,0.23094608757173818,0
2.9977491367731908,-1.4158109545600595,0.1600237704568509,0.4027871621846635,0
0.3763803904152522,-3.162890620479347,0.4240022464155557,0.4254806445002873,0
0.036749658771198734,-1.401107939321836,1.0297358891134305,1.0052987598112866,0
2.8913322283715006,4.5654264571985586,0.7087027929089,1.0438374840877171,0
1.0676912424581908,4.80086195586046,0.6030296753624365,0.3007295027305058,0
1.6393293939056448,4.707794231725867,0.735717530150447,0.07692173163290639,0
0.687458971092984,-4.560027643221398,0.40115289324608583,0.36402207833189293,0
2.7519988219425664,4.9196564141486085,0.5855438875732488,0.8800142225720301,0
0.21317072491386324,2.5042315923253486,1.3237317025200581,0.19976331761923988,0
2.5150277201666755,-2.553294836121877,1.372409008336956,1.3103097828234032,0
0.8739457068996981,0.18832058988754063,0.557056568191779,1.001074703245272,0
2.9537218259877114,-1.473673582316155,0.8121116906377581,0.5252409432445171,0
0.23729935390630896,4.475355743141872,0.6091236169599852,1.2694409040542864,0
0.2941701622202103,4.574620497942361,0.550868774857467,1.3653847493252107,0
1.8842844876800138,0.9486146588189932,0.9013544497242747,0.5088263024517188,0
0.8428134686477918,3.2274705430432746,0.1558263004117078,1.1266176580095413,0
1.4386804532500732,2.0141935935352624,1.348635238614268,1.1065416364608534,0
0.25267873669276686,3.566265718132275,0.930956909094965,1.0365704538665512,0
0.7622753132754361,-4.700027217222412,0.9620666756498037,0.8285766144832525,0
1.5895257212462717,-3.152095020615956,1.2951265250675685,1.4854136838266676,0
1.3560974117914562,1.253949075973325,0.7616567753482393,1.006940491859405,0
0.433041176950428,4.509894615450232,1.255573031129734,1.3979092964639919,0
1.470567291253811,1.3614676183493701,1.2336114894355648,1.0080591730481299,0
2.8859349861247656,-2.8202593991541236,0.3924423091534931,1.104478588978,0
0.46676570440872867,3.407099156822678,1.3033930590145713,0.4644654633026923,0
1.4936013656656306,3.087077870625997,0.23969496899575188,1.4667132617709306,0
1.8758926423138207,-1.8070729485963888,0.19880949122289104,1.173770847946763,0
2.541554004087869,2.001904165986889,1.3720200268517697,1.3180690478178003,0
2.8041645030187565,-1.2741426326406136,1.292833714235012,1.1392736657112088,0
0.34796256050264096,-3.727772556909029,0.14699886998181494,1.461487749510619,0
0.5969129824446106,-4.678567347019826,1.3377984812960801,0.4243866451738391,0
0.7832064222924375,3.6047068819901664,0.4868396571738548,0.266872672842144,0
2.174529352128677,0.0034337157361097326,1.3055358798045056,1.173374869525246,0
2.7663306222823705,1.3959955435605185,0.6981930105053662,0.6936369362872281,0
2.5093585565006267,0.9975788921462261,0.13588177182944722,0.5608974962389055,0
2.116911989346876,-3.6503247488126034,1.2755125574226327,0.45022159207913687,0
1.8311208403714025,-2.5748616250025727,0.043663602751212116,0.41740743341168834,0
0.9568987426993909,1.0404421054481805,0.06237368252659442,0.06275080258913007,0
0.529058668958995,4.264474902890749,0.7285350881659195,0.3548906866033783,0
1.7081731100614874,0.9549330495487478,0.6174095537205863,0.9793645208058712,0
2.7170075407799708,0.8953065701623064,0.07634093277138515,1.4402411730664904,0
2.0937302506666553,-3.6971899294551536,0.05605146243261383,0.31236255126814305,0
1.5478124390160493,4.983623675985502,0.34368883386882443,0.20985018401187794,0
1.3021965977831582,-2.7754914605016348,0.18228889579437524,0.2421193724186972,0
1.88640549820595,-0.7460369378535869,0.8819344550641512,0.8414482704021651,0
2.697554776324694,-3.4967126502487766,0.8309292556396228,0.5017081886439513,0
0.34938034925021644,2.593111723026041,0.8220209352379848,1.4712300405524124,0
2.624493293289614,1.693376927164655,1.2040184090716388,0.3508848061978169,0
1.7712313170845393,-3.6542906186819235,0.47877209032156204,0.9260139569819885,0
2.0378848354814285,1.1761164780819398,0.5892976849081125,0.9386900637461465,0
1.2112884857389705,0.9555855778432178,0.13609881315126637,0.5302592184269279,0
2.6873474559799617,-2.401122666898968,1.084686941349196,0.9183892979519155,0
0.5302933241043566,-4.742705055751233,0.79351433773262,0.3528018758428563,0
2.853604571956856,1.9417025133458718,0.04973356003095941,0.10259055385801874,0
1.1225984088404566,-2.521774532697872,0.5187039009904006,0.16585624795890197,0
2.1477963641946136,-2.5805039302865285,0.183850670287784,0.8992952119236792,0
2.413913452610905,2.00022280878321,1.3143006160944108,0.07853003014874871,1
0.08822730946050061,-4.3315379388608495,0.5729808633263814,1.1191394761858073,0
1.0785968568427942,-3.0804846455170996,0.6458583281535623,1.316046426334689,0
1.9000763408759132,-4.440745587926569,1.2418652400730217,1.3193575834254554,0
1.0230767306220774,0.5039982279647814,0.6845088227485346,1.258228554867568,0
2.268454456352392,1.3920035299785791,1.193830862435685,1.224069890060469,0
2.999872877216553,0.00013727880588376706,0.700846348978962,0.820518997379234,0
0.12094009365434555,4.8378193000760845,0.8454961546215283,0.5048565432247218,0
1.625952896735185,3.390751288692167,0.2655198331447979,1.1567394924475576,0
1.7522011524286054,-0.08860192097328223,0.4507748507245365,1.1243883573795455,0
1.3682839534772882,-2.04709922638316,1.3135150667432987,0.5629263452309452,0
1.486960526233156,0.7405157116474292,0.641897187229755,0.6731323616612706,0
0.4099842629709982,2.1581375476873275,1.4456355102856435,1.1951388318693588,0
1.5196467040775516,-4.236117886994531,0.20922382831647957,1.0733976205299582,0
1.066345003495777,-3.270129728444362,0.04744837354409115,1.2481268572017183,0
2.290397881805833,1.6467958600717134,1.4747567094359528,0.9811836413798232,0
0.8679277812613501,3.007685212933456,0.3280620294574903,0.7019068314541157,0
0.8343281859481712,1.7006560735560203,0.9340699318301335,0.6261829955066426,0
0.7695344451498473,4.389974906563776,0.015450450886293099,0.2641570172811352,0
2.3187112213990897,3.723451464610111,0.7682263933031799,1.1712879802260248,0
0.011086775297664553,-0.42547953037616626,0.7680744992995681,0.8814957491538904,0
2.7505939299902953,-3.985364736075583,0.3202303554881167,0.27432811825345654,0
2.828632313654336,2.8432407099013126,1.3105643537961453,0.9359200756786041,0
0.7671126414683189,-3.1433919433512294,0.6826122798474816,1.2161301011915961,0
2.2201510339715993,4.227279911187074,1.2781463340149943,1.4356742890167715,0
2.96137547562193,1.0220825894136283,0.01825117977651447,1.3737250201490583,0
1.596015213857044,-4.2143630021816705,1.3681972514183722,0.179866970518254,0
0.989143764102861,-3.029137138945738,1.4914448270882976,1.3892116212270005,0
0.7417996195866777,4.4725541789121745,0.5475137126157328,1.335743443268248,0
0.8743018575493087,-3.5858221117276923,0.3254725582984285,0.533429883196165,0
1.4180832811504294,0.7803287856443406,1.3860523492573102,0.6754320954339452,0
1.5916641359717922,-4.63024668461218,0.8853795760687793,0.5014418009483212,0
2.5280138223965354,-4.100335777759683,0.2980742269253612,1.2398383839893072,0
2.35828623452055,-2.1650461153133307,1.2753162741776871,0.5730020116939107,0
0.6668046549663252,-4.924141686089493,0.8688542733627865,0.44021964774345884,0
2.430540426015864,2.660493628382871,0.366044771300248,0.5392401327290484,0
0.9516675837059484,0.0623365986834612,0.4413824241837083,1.4248885869135957,0
1.4994869405026245,-3.51547209757347,0.912048921251434,1.1130548946488117,0
0.9397051405738014,4.486824773296352,1.2261353509536488,1.3855555980201615,0
1.3582482927901598,2.3387018511346582,1.4400159783579856,0.01900168412015457,0
1.0830824355248057,-0.68044133690778,1.0476517507691672,0.9441812264639253,0
2.848338111998676,0.6396483317399992,0.5448661954380839,0.21108601114481268,0
2.6735762175169313,1.0080752800611208,0.7641154133270365,0.35617432715348457,0
1.5120006654658518,0.5524445940275946,0.10914672330967506,1.091555160478786,0
2.7164382956531115,0.7188816624116221,1.4814618676521876,0.25680018369811525,0
0.7198670552529902,-1.998543838759069,0.8815958414236519,1.0870043673498955,0
1.2548078706375607,-1.7657310197625642,0.19883710834241297,0.9947041353182298,0
0.6243546534057316,-4.7005077250173946,0.9683090080645185,0.5898745642593376,0
2.0234414438341393,-3.42953197544716,0.37303806342010554,0.5995196954549852,0
0.06347726584735958,3.809116451016177,1.4705220852469665,0.34772753431046033,0
1.44336069407007,2.87996770180456,0.7973288280341106,1.1797847489140196,0
0.7304913025800965,2.9089387409207825,1.3790694190438653,0.29817055740862586,0
0.13164444135367326,2.2462899999725536,1.3239938185788847,0.32374571585168604,0
1.4350477082896909,-3.117124363614029,1.2968558958812944,0.07119355498420443,0
0.689088211457295,3.868894198705057,1.1543080057912958,0.007467694413379022,0
2.191917967310969,-1.741840073296256,0.5029763663112408,0.617028203775518,0
2.5713939465431714,-0.5260759512233903,1.2690181128070703,1.2204037671668222,0
1.733978061090176,4.901297892821566,0.8457845897597832,1.1138000370530556,0
2.9089490386618184,4.570940178485449,0.20102287227823673,1.207184270739532,0
2.308802088942805,2.1367892981585186,1.1998387856418016,1.2641143681959537,0
1.5047176927298924,0.6588808534776067,0.997743324081993,0.25050436185501024,0
2.417011513113546,0.07095348207466756,0.5727166488154996,0.6295593746159831,0
2.4583184043292565,-4.493871694652586,0.05835263645103039,0.37502671353364947,0
1.7056861063759143,4.719036227946656,0.2781464627918178,0.9280501146141159,0
2.4583339233069506,3.083594951682775,0.758549650417216,0.5406121747749808,0
2.6194621975096983,-4.646426693927541,0.7058777580006064,0.06070935748781875,0
1.0881080098370244,-0.8096047108966484,0.48338777353421825,0.26478410401314467,0
0.2915314559938682,-2.9691472082728754,0.6391825124605787,1.355870469629183,0
1.1765997202585443,3.182111051480005,0.647594322385246,1.0616453467819316,0
2.4349584045133192,-2.064822595893366,0.11754333245895526,0.8214563168820039,0
2.6161188112591067,-2.945683676500701,0.15847049900391103,0.9188495823745558,0
1.1286368807203164,-3.4815605959702367,0.19116282426621573,0.8468398878833623,0
2.5365449420710178,0.17500861532913703,0.17900271566147063,1.0501519603254688,0
1.869372103440369,2.1532635639838755,1.0799839066843027,0.17374161173667108,0
2.880621409071706,-2.118407478818447,0.5386754708435351,1.2525035019414426,0
2.5729294145363006,3.369808042690046,0.037019359063672874,1.2002058315384576,0
2.281792755769472,3.4841983553476332,0.37080979632828004,0.6895788383990296,0
0.9419411953674368,0.45868339728923235,1.020216562384761,1.1849778466566407,0
0.7428530615667409,3.238368253942328,1.4726439587236877,0.4619763276269588,0
0.8137244731585327,1.386591160541256,1.1856595842784334,1.3905885500324897,0
2.430640833313615,3.0604607151094214,0.21152994488757842,0.8980822196253551,0
2.037925272211693,-0.514307985379741,0.9770245681012553,0.6896698297877891,0
1.1046397994116175,2.856459593788724,0.5001497170506406,0.48318544183718565,0
2.9303912140215287,-3.7906847025302968,0.43277859622761883,0.06568342896585655,0
0.7841617713143725,-2.3184115604075806,1.373272399858284,0.6256970771489079,0
2.9350307818791097,3.9215751009301343,1.3116148848520095,0.6276575162391647,0
1.0646050766481798,4.824471315124301,1.0219930327043498,0.5716768352878936,0
2.8199856330146353,0.5691598613855593,1.3215481119588643,0.7700102499919255,0
0.7921226954841883,4.788774246348492,0.7291897679275939,0.2803256559229091,0
0.9555867783305947,4.026088113145642,0.6072783170627591,1.0890341761354858,0
1.520527316303912,3.230752974194962,0.30526990641445084,0.376759593107963,0
0.09498801152258607,0.896423141988838,0.697841793933587,0.42339335786435367,0
0.8048738339350532,3.550971977006812,0.8822551558165271,0.546378851451347,0
0.10565467993267175,-3.2995054537271673,1.2509518440559113,0.016598204391725935,0
2.8975025847514706,0.5926282147574913,1.2446119627498904,0.8854666646289642,0
2.3617211035593346,-0.8339556949792373,0.4324210898206164,0.8400740167770513,0
0.7572360001880735,2.4170713270187685,0.9615452538635243,1.4975967588910448,0
0.8942817292450328,1.6059857389400998,0.4535145918652821,0.425930978099234,0
0.31703132769568265,4.612377616427363,0.7520044753668098,1.4324768381144066,0
2.257899419622059,1.1760300020667014,0.17635575598630282,0.5417545015144548,0
2.923832054096547,-3.0941096573475146,0.5932076508528819,0.6209399449721933,0
1.9340919692950087,3.0393611427944407,0.1252220232517791,0.665247154003287,0
1.0432962974265303,-2.0224466252918303,1.0477421011740429,0.16710878799530238,0
2.760134309020918,0.6697355831738561,0.07352060662284249,0.9518537664379494,0
2.8204901320450277,-0.371967323251285,1.3709555573932057,0.4596606886853383,0
2.03808117589275,0.23206751111704094,0.6705874076579765,1.1000627121134792,0
1.1343177309885002,-4.362357873143714,0.009887569602862467,1.4406888416338652,0
0.4218000044942368,0.47444845439753536,1.0500689522037092,1.4206129419470153,0
2.4925759408211023,-0.46854811909011573,0.22749415159645564,1.0356052277810797,0
0.19030942778405746,-0.806467664357621,0.023506218807027413,0.5200700549104758,0
0.8920724936120313,-2.326637781088503,1.1723208926620987,0.8340209218701158,0
0.32735438505702275,-2.618289696964935,0.2101711860291715,1.3278452897798338,0
2.636277912775216,0.33752704423830515,0.8484245371248641,1.3707465683185043,0
1.8061313519547064,0.34548716490561215,0.6347532342961986,0.3799261660388959,0
2.8225386616631782,2.548510082535026,0.12705662439459986,0.6507941938987432,0
1.188185448066002,-4.7021349479090055,1.2658490376691438,1.3479008562742067,0
1.4786952358609429,1.2514807082440127,0.963423026454018,1.4711263562396524,0
0.7448714011568313,2.3485090868715925,1.3366111686294269,1.438835879800094,0
1.8697547843898756,4.080380291994485,0.5089308115437932,0.9653979340428759,0
1.7564073411294032,-0.20656288313916704,0.8168040097389595,0.22569475690008906,0
2.558309297248357,1.359837771496557,0.6757709302559485,0.7164120456650029,0
2.2337064059799667,4.057457429042685,0.550631010625972,1.0635887494796938,0
1.0208088760943728,1.3641356939810159,1.0712703851935697,0.9519982274057182,0
0.24563015816417455,0.27465376911531614,0.4501004828336381,0.10831236717495552,0
1.1788948690072325,-3.1633130151901936,0.14382029863181922,0.03606488915944439,0
0.0034386247267919057,-4.65549482185458,0.8557969065203346,0.9159663181583573,0
1.5152166794000874,-2.466960123701789,0.21175689068816006,1.1046238143493796,0
1.3226313049224636,2.197700115594605,0.9505726675985295,1.1205790421797475,0
0.1293055418854253,2.9733207351690787,0.8492798174193772,1.4975367187707,0
1.4311978071440437,-3.6941792050660394,1.247469220053775,0.02927119252507493,0
1.5035704500162363,-4.7167242962178495,0.11209869741775058,1.1470041019026844,0
1.4657998893179487,3.982390828756495,1.280103911268977,1.1459193669101437,0
2.328791830064148,3.872980942087308,1.1547251318411054,0.34279105155508366,0
1.0114188355519196,0.18650229423355125,0.6793358786057926,0.3826593913629303,0
0.07534317978158234,3.5515800010750382,1.3157704671762667,0.5714381040138639,0
1.5484441003947993,1.3018853378538022,1.0493215477305693,1.3701442173232636,0
0.5971741269789246,0.5580131945634195,0.2118601930065786,0.9898932915693415,0
2.7212251723730847,1.2358501742003352,0.9585647620784841,0.6940610140275062,0
0.5782459618347834,-3.2183650855871715,0.5453575114781347,0.5895311526535285,0
0.7561821919829017,-2.3523307528117954,0.5640234391651376,0.662788690472347,0
2.822035958574209,1.852266971452985,0.7342209252981057,0.2871931459168248,0
1.3395019632627343,0.2401303516517448,1.2281510936881437,0.7768671798299343,0
0.2753337470088677,-1.973256496249598,1.4834140174459243,1.404975821485804,0
1.6217802319688803,-2.5723759082111766,0.3593976299556844,0.03985622190871435,0
0.9455311624041935,-2.0516688135056507,0.23893757338496918,0.7743000754657854,0
0.8181336672276979,2.1990720199249036,0.18203217601361393,0.44440421474761077,0
2.426984850599652,3.7366902794521195,1.1482779946205344,0.6702834009427551,0
1.990084867646116,-2.5530720609792246,1.2803418081085076,1.2474913109192372,0
1.5805493702984872,1.2343055371450369,0.6160959031967661,0.08486172638841344,0
1.8002019043172144,-1.5680505611116113,0.34836288637607266,1.0632497494599353,0
1.6973815738903486,-2.8763808197503105,1.4911453589899435,1.4258318143009638,0
1.5042837182206066,-1.2877551435970682,1.1367373727587546,0.6432111391256113,0
1.5946282642325724,-4.647989059220656,1.1609147128733637,1.1988900304481478,0
0.8792948202886932,2.1589487985119957,0.03011144949133987,0.4543544563118073,0
0.6294397065272038,4.0817934208922,0.14488866560581481,1.3699442292507105,0
0.50153627166743,1.6389831731584188,0.1541471067658987,1.1217971914405376,0
1.4360415678807046,-2.8741308782239736,0.6351679303574849,0.32364935890247926,0
0.05938799972161779,1.477457743501322,0.6671381967012484,0.9571885388841097,0
1.6312532614372435,-1.8740339290559929,1.4646298572395615,0.19721245587213732,0
1.9308633279213683,-0.6261348176090014,1.3054461056256552,1.1569110312936328,0
1.558563227215223,-4.986158077264141,0.6427559321145537,0.4846113303220235,0
0.6089570583062127,-2.010576380744047,0.8349252024379816,0.5947492930664109,0
0.3008657476115033,-2.005295957654687,1.0122041904124817,1.3995020388302153,0
2.2649805102306138,2.221239933060268,1.4403836313527896,1.4694072788408954,0
2.24877048008152,-2.646093821893448,0.7050299132951914,1.0165083243390494,0
1.5352155371077663,-3.02492933883864,0.05154643964744038,1.0445321333835365,0
1.4663130591204743,2.106275742379057,1.4017964954720097,1.3642068721013465,0
0.4501952655391417,4.552178790678141,0.7966829789085343,0.28932286591998274,0
0.5409357709081619,4.074402915049079,1.0240957213871376,0.8412422746488731,0
1.873300918276102,1.830554161715229,0.09940935172109205,1.1895135411728415,0
1.5181918693022873,-2.3037003144265986,1.3429647066839179,0.16586290412321186,0
1.1746957488322725,3.91862836669884,0.21792453713396948,0.6321475537681153,0
0.9330422691596899,-0.9929553642571189,1.1051553841622117,1.211941945334501,0
1.2344729161870955,2.601365764278306,0.13761684038672162,0.22624040493910907,0
1.8219567011164828,0.3394351934407549,0.6561563785898328,0.14970313785967226,0
0.47483288334849616,2.7818511553472707,0.07634949051573914,0.21905308833942555,0
2.4874200902793286,-0.40062833018539656,1.477199117298057,0.8951345602850893,0
0.14283340388496102,3.9340439074072737,1.0382760006313927,0.8500036062654975,0
1.2202081414243904,1.1783521274348203,0.3397831906526255,0.1922671947215832,0
1.3223159246586087,3.512825834136004,1.0197177583237595,0.22036115150530972,0
0.8140944263974478,-4.94329628448169,1.367848181842947,0.35456226933658763,0
0.43713066499637965,2.0893111263447928,0.5330027501699708,0.2897661596360129,0
1.2539263516493326,-1.9984783718810109,1.4224400179693124,1.1711813231699162,0
0.6103314680451167,3.005061621262268,0.8881774035735518,1.4208870141796186,0
2.4481506867315477,-1.4578578241006257,1.4580762083358974,0.3234741364479042,0
1.662594400258716,-2.675032852817252,1.0306988149385612,1.2987211298788628,0
2.792398403773254,4.61538880945564,1.3344911399584305,0.44491515427487993,0
0.7038560417891114,1.737751432884803,0.2729073581631259,1.473726224262866,0
0.3346207623080436,2.3151538446975284,0.5088328169362584,1.036256028350866,0
2.5398984640962476,0.3030376921283908,1.1997833066934465,0.38068749926923934,0
0.9360047523135762,2.656156919705129,0.996393262184524,0.7134304557060247,0
1.9350666240210543,-3.8711225578662845,0.6933928942675713,1.378947044094221,0
1.0517983933245318,1.8560028422709607,0.772447315533984,1.1557092103450628,0
0.4727538268436219,-2.6658567304431555,0.22506221352430228,0.43158379567971883,0
1.4353526638553264,0.5913695080512982,1.2674351218217144,0.13870881377106686,1
0.1571126034676359,-4.491167606767334,1.017957667081995,0.20258862390142718,0
1.6764790813651693,3.8166459622640367,1.2780435753005852,1.0115739110754733,0
1.5036331211166045,-0.4784951386929768,1.395889716165263,1.4532770722681199,0
0.043903450242348985,-4.245576488491282,0.5350184738997239,0.5901725703712789,0
1.4755824787144642,-0.8005727952947641,0.833824806564444,1.271134594237677,0
1.2545235440018618,-3.9019294096354553,1.3009402878857956,0.13714362525161472,0
2.184892500780955,3.394111468683489,1.2324617531146957,1.2880797714969576,0
2.360092647788889,-4.95815307392599,1.266986561742327,0.3308684165705666,0
2.6434024124949422,0.03913948151733848,0.05432531239369809,0.17366007321384824,0
0.7254036990784689,-4.5230133272075355,0.6174699659754634,1.4657000655129626,0
1.9637431981779594,0.6908368920125891,0.5743718737991187,0.1391014726482332,0
0.033969809290680386,4.1292445843909,1.2241062723767087,1.1402312378226263,0
1.8010271222210346,-3.8734962950702814,0.8013977881209134,1.0845368492716556,0
1.7639951654161803,-3.6643713557189117,0.029700332461391477,1.1084315806074962,0
1.808691904000324,4.936267483767532,1.3438118266104186,1.4603722768587162,0
2.805761968086981,1.5703921364740214,0.045719603195145786,1.0404286136618852,0
0.16123222768233436,-2.4882614791688162,1.0655811203453984,0.7210829984130025,0
0.12454814752131649,-1.2349136474113296,0.2845135837367764,1.0993349404620252,0
2.5137753824124633,1.6796389887693364,0.14511488441823361,0.8691379798156331,0
1.0913890604716334,-2.881901749468485,0.8027992062911031,1.4682532573489961,0
0.6493939547393297,4.405557140678605,0.6655369615438247,1.2731891570892566,0
0.15875470200836717,1.5778647683494098,0.9679560773937905,1.2798110547338422,0
1.9110297624327184,-2.062252517446744,0.26981358388399873,1.4499554767011382,0
2.3225687370207493,3.426764204737921,1.0725583479787866,0.06914859937105938,0
2.1430471077747053,0.5368570324270703,0.8520060856067796,0.6290226917028298,0
2.96922556202749,-4.403796944933738,0.0040073082681034156,1.239962499026415,0
1.243588368437186,4.879186739585144,1.328802913380463,1.3721304995491497,0
1.2161802022501271,-0.6889328533248218,0.6178318878473035,1.4992500720003465,0
0.17343434508445932,-1.579085117866792,0.10401931410663007,0.06346445588275035,0
2.781881546647716,0.05508515947249304,1.318973794111946,0.3708192211745979,0
2.8264215406513733,-0.9618748726093704,1.2830731614310404,1.2289423946921745,0
1.2510441394746943,3.6462348618340616,0.8857409015796192,0.6863447976318271,0
2.561560545869253,-1.113606413487572,1.227841439105734,0.13585276102047827,0
1.247595371716082,4.781877346022515,0.2271236421840841,0.7951496313597366,0
2.1403230906668016,1.9057917891441587,0.569952136916883,1.3620858206745023,0
2.7574128584979913,-2.2790590051718542,1.391666546977036,0.2550039136967274,1
1.048440513734211,-1.131733683155478,1.1476413948070359,1.3436717661168407,0
2.1364930123347676,-4.542569102496296,0.8224367253868388,0.799278639561315,0
0.9634176931524273,4.678128558456294,0.9313206183912567,1.4070867254219135,0
2.2399480375784155,1.4388290686213043,0.02001777527383397,1.1993063119040759,0
1.913680710360398,-0.20181322148584258,0.32370482367865316,0.5048769608581802,0
0.28042067771338,-1.8917737870459908,0.394277388080555,1.0700643307982565,0
0.405681747448577,1.4595958741217387,0.9871573996839857,1.1699434875732917,0
1.6009676430900874,-0.48055411238716683,1.1643573485713685,0.6776672501178667,0
1.5085946831991195,1.230934700303136,1.4695655085138435,0.004066884431856876,0
0.41821774896853514,2.5099315883345907,0.9068037637787973,0.42190775287354965,0
1.3944585995301764,0.9390235748216149,0.7125101999239458,0.2550672663086294,0
2.139673298574621,-2.6459441488131077,0.6398635656073856,0.9350205445233788,0
1.2785276371530785,1.9461672005685617,0.8786693170347633,1.114974362199213,0
1.0219096198899775,-3.437754524352216,1.197510035534392,0.8807478405349316,0
1.7399417002251707,-1.7626040999368433,0.568982448265898,0.2909957351133053,0
1.837665693361922,1.3278221429050054,0.05812612196146766,1.1864809574849535,0
0.9526403466796649,4.325679596483095,0.8177706657568173,0.23735501832399286,0
1.184923226252892,-4.425438113320785,0.7296603932677932,0.31531743423547587,0
0.6913597338989983,-3.2440847350395896,1.3473366333320667,0.07026473809687317,0
2.585941417122287,-0.36408505304521466,1.2060432298795425,0.7543319813956353,0
0.04714425535294642,-4.1730445346337275,1.394829138031983,1.0849244254910189,0
1.5288905351464321,-1.8501010958914144,0.9437009338227353,1.3217913740036433,0
0.14889733532571336,-4.3115322118554715,1.276779930278151,1.1044909741365323,0
1.4194798711723373,-4.217495491698743,1.02953342318037,1.4237546358661612,0
2.203313629763403,2.3377816198444847,0.9038674316233946,1.042748710431764,0
2.7424268059408714,-1.0427111238724573,1.1383848021936738,1.324608371316036,0
1.7320827931849498,2.6214904766940954,1.2799270686199316,0.6040923619783098,0
0.5560308866493415,4.066627619293474,1.1666541808088182,0.5187953657076947,0
1.2992806385202331,-1.74702529523835,0.07560242776476939,0.6647654218618599,0
1.9885882472500582,-3.943044696203324,0.2918429861689039,1.344933855681878,0
1.3033089525345507,0.8023576785349951,0.7084034332770988,0.07751991242497769,0
0.4839968015646777,-1.484483683170248,1.3080385042746414,1.1326453406285968,0
2.0525024173740496,0.9340471678079822,0.47894655695320637,0.9262241566681322,0
1.9082576294778266,-4.252744262878348,0.396539277933635,0.6570926185622743,0
0.3944967081688219,0.42449602517598883,0.5466671922726373,1.0555790096542697,0
0.6271114456742469,-1.742726605995537,1.1027526673529744,0.4060616619141421,0
1.2856323370655356,4.239555654965425,0.07980868566460375,0.975118673941918,0
2.4861368199234652,-2.328903156116561,1.0157282020561125,1.3283105752715372,0
0.9443769488137078,-3.4936179403784875,1.1708926335444443,1.1902712402365219,0
0.8361506945493342,-0.7100938078957553,0.4636551829392277,0.19364288824148557,0
2.9430121943671166,-4.588316844642031,0.6693520960917071,0.05593571071134834,0
0.6397584692455237,-2.8655146793786956,1.4158184223697075,0.7432644717660277,0
2.0576190288970926,0.25818794058849903,1.2612095418035034,1.2867058705585155,0
1.3068307190397421,-1.7819770370074242,1.028410616710816,0.30618061162849863,0
0.6281483482738579,4.1801610963126965,0.013513876932009339,0.6269472207467273,0
2.539546225044385,0.40717346445014435,0.5115885292248069,1.193270375298028,0
0.23664207779981472,-3.731011937955213,0.8103312558557016,0.694204566853696,0
0.29243374092851593,-4.615247193727202,1.15989923180292,0.31600846093920043,0
1.2341073628443608,-3.0777060070310736,0.56080921701986,0.9404157117884157,0
0.8580091980755233,-4.330678958381398,0.8139243048209125,0.2051618128300835,0
1.8741462925809516,2.774813816802542,0.061581104620684335,0.9381941378355607,0
1.101223767293094,-2.5135250517453533,0.5703491647237435,0.5735950742200684,0
0.5127272375336357,-3.8996548393681563,0.32663710743455493,0.9396710343761413,0
0.7280044095214767,4.851819382597949,0.0747342240079194,0.6453690751623924,0
1.8011196397066263,2.0531801305305573,1.3194477459987675,1.1206985765779387,0
2.516135322451899,-1.2395507462850097,0.7129665322151792,0.8120426636543234,0
1.1308797383553175,0.6519167930451779,0.9981393928222895,1.4536425346964323,0
1.3964096899550205,-0.1545180949767131,0.7454539841083794,0.49449049168504794,0
1.8251023815278193,-1.801891623864397,0.8499603578515957,0.9075406973370308,0
0.8837200145734149,-2.7754205570077897,0.40729959242833835,0.7836022081927139,0
0.3744341505398354,-4.985096318987779,0.24456293130053125,1.365995135007308,0
2.988208795269061,-0.6472878560948327,1.320255439996146,0.2386323596151863,0
2.4588297516082562,4.361079044381427,1.401021564400387,1.03810566403872,0
0.35671468727969713,0.5194267459843802,0.8441528744978837,0.4297051215766046,0
0.7713664223288438,-4.598799063992124,0.2537005329325511,0.7652363525003223,0
0.20671374652296115,-4.178067506349902,0.7537788981957054,1.467978204063257,0
1.7476743794158516,-1.8351603310578977,1.113121485056848,1.4229443133937583,0
2.9303013974093224,-0.744041348705947,0.4083248851148756,1.3504004152341054,0
2.211230917193148,-1.4008185449493746,0.3503761645888534,1.0865811111114714,0
0.8921153387482332,-2.186954720380095,1.384203898622299,0.731334144181762,0
1.2955077451893233,1.5384886221134488,0.24865603874016567,0.06563923038384406,0
0.08736228797147005,1.812402342220775,1.322215356685534,0.8030863273982045,0
2.653748965527929,-0.3236914961823567,0.7911991394746665,0.8726609169157453,0
1.681654901339083,-3.135781891826539,0.6553684305285581,0.023846857280147182,0
1.787438746020844,-0.5057186740072837,0.6157627586667982,0.5715641580488786,0
0.004824134135196778,0.996185721924161,1.0238979189177464,0.8844067174216697,0
1.3041043798602963,2.9307971182969537,0.7533188751977301,0.24158164609717797,0
2.619974758146517,-3.387804008659412,0.4621427749897768,0.960488924770875,0
0.08445815520219091,-4.2842042372740154,1.1970424290822466,0.863931635535685,0
2.5315874712818727,-3.3784867036373067,0.9791934456271465,0.7252159338397681,0
1.9365850406471732,0.36839378537649203,0.8851119576233881,0.8472203237274425,0
2.5302773927832733,-1.4697164142510024,0.7508112560946951,1.344486267259924,0
2.198128362295355,3.080480368302892,0.9320333827283116,0.9347805795775359,0
2.1300884323522893,1.1037124299712442,0.22683532668097434,1.293721023217156,0
1.1726703581803186,0.4020514435365108,0.5693488786652028,0.7810755023979303,0
1.0549373114574765,1.6923720644141422,0.2714965750216022,0.7630008600057485,0
0.20930001124094078,-1.1986492387793826,0.14807246993695194,1.1860764407314197,0
2.3471743835666743,4.948682113405974,0.9430064360438156,0.3436192804154783,0
1.753006458037171,-2.880191062785029,1.048155328844878,1.0903863046271276,0
1.095811341061246,0.056284025873894805,0.648519241988057,0.705196849123672,0
2.820959697910027,0.5568540303625724,0.8101499838616181,0.58524453655819,0
1.7193664605316952,3.2321831135289454,0.7921524376584024,1.1949196968076317,0
1.8800586706526277,-3.570462784837254,0.5405465999433945,0.5178465294895216,0
0.6744151110377514,2.49600044945284,0.28937571545074575,0.4744718730227592,0
0.9621803321023464,4.798086028140014,0.10367260401994172,0.12865313829144936,0
2.2487330103680643,-0.13624343554203122,0.6596781688338431,1.249727015442404,0
0.6017289370257343,3.736570887442113,1.2999905456331078,0.4723526534517033,0
2.9579514034175443,-2.132771036953154,0.8414182541135183,1.3103372289545372,0
1.5045912796821217,0.9326485521650518,0.2199459930716946,1.4902976872185334,0
1.9083822831424357,-2.4311269477753292,1.121602490913328,1.3732508482967392,0
0.8630090084296471,-0.1991866360506167,1.1731873591634714,0.6071181904307611,0
2.5857787266558887,1.2032933965886414,0.9253852504920541,1.1723078962467568,0
1.1307171633301478,-3.4526544602863565,0.8754473716134048,0.7458032533341662,0
0.9996020027140108,-4.901165967567823,1.1626892474703183,0.9993243813211121,0
2.3903080191604027,-3.4853017922386997,0.152107607835469,0.04842927404320718,0
0.17251925632597975,4.2761749141975685,1.476320255740337,1.126140961973586,0
1.8353435375495346,0.22974399118881372,0.7578026841079806,0.43335875983325417,0
2.4338876011111603,4.866497451972577,0.09833743464009892,0.2739432371627366,0
2.946295357153876,-4.569851134636714,0.30511767706065496,0.9887759622536778,0
2.2225484881794024,2.6394228172878673,0.36335415237072854,1.0740657194364474,0
1.416826838216096,2.0476369474042713,0.051801754892773555,0.8470565640341665,0
1.9943563848891235,2.884379980486198,0.6241148805905906,0.22954262074377846,0
1.3446717253737455,0.05677546878202211,0.11978443844501618,0.33251378160019956,0
1.1416572162301604,-2.063522228718772,0.5725582588092544,0.6886332826411082,0
0.14788033201741813,-4.127495029479036,0.24021221017124794,0.7300614645992862,0
1.0305355873455548,4.3659794054559224,0.6095772755573279,1.4663478639109742,0
0.5589672056906839,0.0021724085261496384,1.0319800134088322,0.8072088567175928,0
1.0623605804679024,2.261469895826826,0.5461656165718067,1.3850679589498145,0
0.6927797036243621,0.7412095620830339,0.5530586715061687,1.0631054837641427,0
1.226442128917681,-1.805261068998496,0.06565943496771703,1.3470370067791675,0
2.5475648421113535,-0.9543150439333239,1.098282258139435,0.15548813244636173,0
1.635601060644662,-0.8285401556518242,0.27596806922862227,0.22792185352503713,0
2.058092301477224,3.5856738287428502,0.12574586018852685,1.110652421936917,0
1.3243061265184346,-0.8577936427203445,0.42070417772407614,1.2149548690913294,0
1.6832851291928768,3.5703576363515683,1.1833298461330497,1.372605986847006,0
2.265043697171027,-4.681128461231797,0.18760284059912824,0.23919955959033973,0
0.7134661915149775,-0.0030968539006481777,0.6335145418165954,0.7960686546787477,0
2.930873590941344,0.001978418687048844,0.3995477496597483,0.4340596574019213,0
2.7512356810902,-0.6065031150444788,0.6521591555423392,0.07487362030690031,0
0.26125130572759725,-3.473994067792403,1.0514878575029376,0.6632957918367007,0
0.17594618052515587,-4.7408350495814915,0.20736647868592378,0.8550145298358536,0
1.338607041765385,-4.407052876004208,0.6762310462212976,0.891674320692744,0
1.6717026390297467,-4.10225533029409,0.4608210390428306,1.4860763762246092,0
0.6150592678211874,-4.480060643402782,1.3833346611680644,0.841259002843485,0
2.0181185436401146,4.631667075291709,0.05832684567087054,0.5518621660540983,0
1.3785433781896583,1.926734630311909,0.8776255446875418,0.9688732458861126,0
1.4252062523878797,-3.3485604312484964,1.4513226244373967,0.8928415324107924,0
0.016858444947682294,3.325343182995802,0.24150180962965434,0.11476766624711388,0
0.7304031241990476,3.4175633579757463,1.4945723639971593,0.7183473034233487,0
2.6662111988824124,2.0210127024906166,0.3663039203788277,1.1382820066913282,0
2.2088764559838627,4.89003488863861,0.4385819460885948,0.18342373082285124,0
0.8722875383281334,4.328153624911707,0.7055172494060553,0.38360189725737875,0
2.431471012845887,3.863651622075462,0.680829983354112,0.9687589287840956,0
0.5843864334128599,3.530636468702845,0.9689900975283563,0.28609362298831476,0
1.1439111240507445,-3.933672338003741,0.5192276606752642,0.05567084187712401,0
2.112116702326062,-1.2610622222362142,0.5577465809201892,0.4648638621471276,0
0.9201112028214341,3.1859364222231363,1.1461073054231845,0.2854562870984439,0
2.2000474126142358,2.3550244066955575,1.3585888060290512,1.3649506980613493,0
2.7514348975435903,0.2854021790564589,0.6385989191541599,1.2626707500023846,0
0.4978992110277689,-4.447220915199248,1.4413613368869684,1.0667739326877452,0
2.084258523059182,1.1845247510826216,0.8657190425695236,1.0656839844486719,0
2.6141063281943158,-3.485364233378745,1.445129127738355,0.5931630764170631,0
1.7045750173149616,3.4375243728206772,0.5728368353250031,0.7506874038634832,0
2.421266534377301,-0.5919049870319713,0.33251550614944464,1.4690320557820242,0
0.16333165933547522,3.2079087623649407,0.2539544346639311,1.2318209476062858,0
2.7949856367216483,-2.692016641964435,0.050898697083002764,0.40109049465497537,1
0.056827278284438676,-2.6426003941380727,1.1990234681992298,0.2916788433934272,0
1.2511738042927645,-4.870758957909105,0.4155646635487421,0.2589746720171444,0
0.5219515355379156,-4.341092294331422,0.7493700188562602,0.05043342258442268,0
1.4944647216661757,-2.0389967204913564,1.0377546268950362,0.31955667659164133,0
0.6244312054408915,1.9478681317340705,0.569555661529715,0.7865715100301347,0
2.031557628326417,-2.782263685622195,1.029307693163912,1.4576056970243296,0
1.6088961564386928,4.849329470925062,0.03035210859805182,1.472991240558948,0
2.7439262753057974,-1.063130093359904,0.9383049840842055,0.6927577173094395,0
2.928834280275744,-1.4850325959312283,0.2260484833318785,0.23267986771316906,0
0.5838900154625292,1.5469040424670935,0.514272883656897,1.0533376416866331,0
1.7592177214964395,4.919042549312886,1.3908644742912255,1.0064009021256788,0
2.7595980345180826,3.974668409858616,0.6477234237342804,0.24039872535867052,0
2.551807256101846,-0.8519972275467778,0.7963232152537534,1.0169543864409198,0
1.847468199937599,-4.95014390077169,0.06787674855615655,0.6793306597041313,0
2.5771128673997525,-4.507444071967873,0.07680553962790859,1.2349654102542087,0
1.0855852268700894,0.32035949479249304,0.9212555908873465,0.25013888085313385,0
1.7892877700900436,-3.6775361896129644,0.06689927185307404,0.6666881472033845,0
1.3281800264952308,4.7281182047714445,1.013263878907969,0.27559821617208674,0
0.32563807779588383,-0.3266013366473395,0.21916975755203028,0.5571664608913958,0
1.07462912217043,3.155350799203804,0.49977918347141953,0.1793232661776129,0
2.699148538873342,-4.020350108396573,1.3398664682573418,1.4685415756943958,0
0.889272528876885,-4.881740752458546,0.06869398166148355,0.9882353051772444,0
1.6062127284186922,4.8204228966397995,0.8179001171894762,0.8858657094638323,0
0.6867480893223975,-3.253034154091463,1.4215269538847632,0.08289271474860888,0
0.8709737332453297,-0.5965669739204804,1.1270084291600988,1.2348684508380718,0
2.2293742783477377,-3.396805437613187,0.2824482473442112,0.9703159360209315,0
0.7823856722155632,4.702371273388772,0.40444276106906424,0.010628470450225191,0
0.0852117017933236,1.0688597504263697,1.4951326713634387,0.9587267828632152,0
2.1088328944513464,-1.7012143925684553,1.370760901309866,0.3113711840386326,0
1.4402098301602249,-3.3521480935413264,1.0842702128301207,0.6241885382889409,0
0.7050098201382645,-0.049937497477985815,0.8296682596009555,0.980378349565385,0
2.928299614107041,3.6368438564941865,0.8524738619409788,0.9625171407403028,0
1.9252290412079764,4.5485130203208115,0.5657288654032859,0.2959660327755301,0
2.8026259015460764,-3.686990344072666,0.35314160454655813,0.32880320749813985,0
1.2191542029587663,-1.2000973622502533,0.9018931705657833,0.0664454868201092,0
0.5733502279423428,-1.827438808157459,0.416022432912818,0.06355976065177149,0
2.406738844013442,-2.6680621773017266,0.8285285631345971,0.7125504283986794,0
0.8890030547761957,-1.2588649767894,0.48701510019114513,0.9636429545612814,0
0.17024054224062224,-0.9012009789497002,1.1477624023200699,0.9415715420496442,0
2.337644497082632,-4.326409718154895,1.141542525834929,0.9148930081339273,0
0.3604816717697308,2.075743193510638,0.7578635533180929,0.9805025423739293,0
0.5244347126938123,4.619968994836954,1.4291619969148512,0.5355342217078138,0
1.951701697005523,-2.8526239973907916,0.6889702405358482,0.6682172578589838,0
1.7621955674361995,-3.6697568233876012,0.758514030761504,1.226170187867416,0
1.1599691569784973,-3.751751604927356,0.09368913327763173,0.007547247262440437,0
0.07094892033495315,-2.629684218056434,1.1104664700981406,1.2092471390791286,0
1.3029173380231271,-1.4992653893933139,0.15350546144971805,0.9178360846238958,0
0.6637655357216646,2.210595815035802,0.5648192135485266,0.8064589988485089,0
1.9358589111276592,-2.7769994436470737,1.049408781580212,0.9794547067121835,0
0.6606505329800593,-1.3412493346118284,0.46462706088942207,0.7795970426989836,0
0.9336213386660472,-0.33109893830150927,1.3984929441802263,0.8403325056978598,0
0.585134809995816,3.5947548455969276,1.405105169786037,1.3595625845643091,0
0.2332441440945604,-2.9757827222817523,1.148081271709005,0.6386069417825482,0
0.5218516116399576,-3.2268629088400456,0.7029618974075815,0.6289072700789073,0
2.580083549655831,-2.9489804557530985,1.0520301768152227,0.6728881978215033,0
1.7740344851574124,-3.5048467601664814,0.3040879604913859,0.2314704485660904,0
2.1944730194855477,-0.5622175266936713,1.3435138252347114,0.011166208689395107,0
0.6403119720433251,1.111436678518773,0.638473653036826,0.3890595613126674,0
2.687559571382979,-3.02825865985884,0.7429542747732969,1.1046113844542922,0
1.528669804829934,-4.185267431918095,0.6536591321426646,1.4855812481911113,0
2.436494126470699,2.3681805705051593,0.91718139115058,0.4444792681309004,0
1.846056873115397,-3.2686566827834493,0.2622119732626233,0.7862190808559988,0
1.5362539409404143,3.493718785222514,1.3433814230522296,0.32711681974927764,0
2.166689000620963,1.0254503760967602,0.2217911549364846,1.4624788469632004,0
0.7694192247491725,-1.7142997590553666,0.15501571349002657,0.06737847928141538,0
2.371693219383181,2.198674325113119,1.1684039953500922,0.009136142418715354,0
1.7445688418856249,0.08480885847025643,0.9205514293500916,0.052478305237100065,0
2.655273685261772,-1.4323338082666712,0.7938841931095484,0.9493310139560589,0
0.08830017750277575,3.651879424363049,1.099901327509686,1.3513314889317216,0
0.44971855833186636,2.4840745867276484,1.4513917816873358,1.0020338787682972,0
2.0653583801530804,-2.299976016389013,0.27987764543827676,1.4659442027394993,0
2.807008261994488,-3.6993615990077897,0.6059905678124066,0.935334824538292,0
1.4273020776848817,3.6939402364963208,0.9348784910337675,1.441336763862099,0
1.9709687470215236,0.1950830574625284,0.6292208025931058,0.29291814834093294,0
1.6488970151106992,0.673532997766694,1.206683194413603,1.2608243027667971,0
2.934649360908911,-0.8596612975917441,0.8324241174779893,0.43617936921495776,0
0.9223029997269239,2.388265070533966,0.9226069163678651,1.2058058653703223,0
2.105356906979253,-4.6951317743772405,1.1553909011411843,0.40625925917370714,0
2.671861516199455,2.4297357263319066,0.7090388068543245,0.888874237129217,0
0.8948190349168411,-3.053881550434422,0.735618690967567,1.358278403273307,0
0.07598112236085974,4.621159706458739,1.3769730469406471,1.39334555918507,0
2.3767918880087837,0.9989312093886538,0.36699735038413683,0.9022265931055725,0
1.547189858603577,1.7242233993671636,0.5797709119259853,0.8306938114365296,0
2.745848547879748,-2.341624527467423,0.14479591261584557,0.30052754512398794,0
0.02540215159393655,-1.156066658725694,0.3952630294952112,0.8946668406257134,0
1.4969115524493248,-0.11591029277334819,0.8361947338459473,0.5056709317618524,0
1.0300776961189817,-3.6501952336053156,1.2855038882958425,1.4725468702098623,0
0.5277641042205197,3.5896592544901367,0.39486270945595264,1.2217517996642722,0
1.4537316720047349,-3.5171788969319664,0.5075167907626333,1.2419409204426646,0
0.02202301958960573,-2.066003035172428,1.4107778571037046,0.7712122731799989,0
2.707743225547053,-4.02779799530971,1.015216540361972,1.384547453468884,0
1.8724372457285083,-4.463745361868413,1.2452790209490003,0.7974379624728797,0
1.551210011570976,0.07985018777417707,0.8703697344677515,1.0473087568694297,0
2.3174820889377887,1.9914877409515483,0.29381469289238904,0.8051445780522366,0
0.8702125676447223,-1.7458206006945085,0.7752522081558717,0.17702820674320913,0
2.0606606768345683,-4.853171604056224,0.12448014677365954,0.20919188101841873,0
2.7153090910830397,-2.210858826109364,0.5149998575129342,0.15735588990957688,0
0.1839692641786227,3.7022164833106483,0.28768633502088486,0.9160817903728187,0
1.3444009955561702,-2.439700265519482,0.37048351297656684,1.3548499888339651,0
2.3018080675755357,3.71208995738259,1.2412862046005435,0.5327659213100928,0
1.0144266978967251,-3.1250321797171554,0.70728023176671,1.2795821286093627,0
1.9626283702360818,2.973072825369794,0.29895471724890504,0.6295078180025939,0
1.2204280054519123,-0.7470417698793739,1.2269670667625399,0.5685744790842842,0
2.9419039664707256,0.22259573606247418,1.4702257057519366,0.40895838756174957,0
2.5189244714589583,-0.495230221313542,0.6693832561323835,0.3130156767257587,0
2.4132887306806454,-2.657501183270965,0.24556739340523887,0.2389046350315494,0
0.1203592200303939,2.9500787299024678,0.9284161226113481,1.3549965750965436,0
0.7790073598825509,-4.801545682764842,1.0578652769717287,1.3617244998007674,0
1.5499476533470056,-4.814237954397776,1.35130151899209,1.0327448658674865,0
2.0780908594534044,-2.86977944509913,0.6195416972712402,0.06726379685489814,0
0.908824153378137,-0.7913468291888659,0.6921107130592148,0.9779712753746542,0
0.22023812506453744,2.8539551120218567,1.3302969352395424,0.9505330772602124,0
1.138065833578875,3.4783667627883226,0.12453556700768864,0.5927940155315805,0
2.9064807189703856,-0.20122403397035615,0.5273686859614666,1.4613533000156695,0
2.870721214082394,0.39008350445238005,0.08572430845068957,1.0702909504158475,0
1.3921539094646156,2.577015610747594,0.8431807176614892,1.239509607520125,0
2.3180868538207533,2.316999973314261,0.9996213301533703,1.4001705812617362,0
0.4298731750973398,-4.328941558249934,0.4672863531568205,1.486638179575985,0
2.048823364205547,1.881224141559196,0.7632326855357205,1.291020428986876,0
1.2850772274018536,-4.6086965048966775,0.1798326120390341,0.8590201781675382,0
2.025627399586437,-4.6436285704032,1.3197336740174572,0.011195947633225622,0
1.452907092533962,3.188587758232865,1.1211687748155479,0.5097134526131228,0
2.7937071881610023,-0.2125487077899182,0.9961384073973112,0.9292069441585771,0
0.01082469903168004,-4.3023072396538335,1.0151637705761114,0.8907116591442699,0
1.6484305101880294,-0.8923693656704144,1.220254642598258,0.05258324248953544,0
2.445277647275939,-4.7198428321263215,0.8301559943272444,0.6154475882239885,0
2.4012321493338646,-3.7295785675405835,0.9294954497782792,0.0815941947169096,0
2.536243871975241,-0.20115363798370556,0.08840725047258857,0.5800453566351857,0
0.42556874360063435,-2.5051922498184243,1.2662192138368469,0.5952846703417627,0
1.6612221262340159,4.2595926321258055,0.8328304278467554,1.458651028590036,0
2.880358289929347,1.7735312108895087,0.23624512526882357,1.16366581778601,0
0.9267152245708762,0.03489340243337402,0.1896835536565057,0.4816298050673283,0
0.5260201550035295,1.4680079290388033,0.13926049102121973,1.2617539727581213,0
2.20065197555637,1.7963970232284874,0.7456605751847769,0.9807509715899274,1
0.7025979544532173,-3.4705931322593253,1.049339804427941,0.9706198519808492,0
1.1400140999948714,-3.3678037182722043,0.00038989949698597925,1.1837638139893196,0
1.845753840875712,-4.539368470626784,1.0803945596983955,0.7441034169568417,0
0.30250034173563345,-1.1120894457308816,0.267323314845231,0.6236544202629783,0
1.1433378236410134,-1.2830671841476962,0.7371403662255419,0.3873828336085293,0
2.9229332625490154,1.220629243010852,0.6807059805192783,0.7697829222250212,0
0.2679057156393809,3.5241490108684843,0.35230831260626666,0.8581535941481252,0
2.2793158252667904,0.14369803166091444,0.3957185574241146,0.15415874753339398,0
2.1732921895918036,3.3054384366856375,0.48387919163190857,0.09642901587763231,0
0.8409230641269543,0.15345006400554784,0.7770557985685473,0.4157962353498209,0
1.4540425278326845,-2.2330657634486553,1.1385486784101337,1.038257413883805,0
2.911028966111821,-1.7706495544832004,0.762408173636869,0.40435144949777707,0
2.955753632012593,-1.207219414698809,0.767569313738832,1.2452238666101878,0
2.970983369464361,3.496768025176152,1.2898036511821853,1.4407025336926065,0
2.506706903782794,1.2873684553528495,1.482901318144151,0.7977442740377638,0
1.5155209189616579,-2.5352650216301518,1.3286369497341548,1.2808219401054735,0
2.5539692014063315,3.864502623613623,1.3305995021847261,1.3135191307709855,0
1.4885816195579245,-0.5360210109201704,0.22630265540598515,1.415505962950168,0
0.053808660520160756,-0.814028406822052,0.40808181768027085,1.4406317373187638,0
1.4662407858015991,-3.6648272670323365,1.1014295256861357,1.27905138686292,0
1.184614566083865,2.4113926203348246,1.0573590356150588,1.1365612785572297,0
1.5217735125424463,1.5074451634062749,0.33087293583963656,1.15679542854277,0
1.0256387594178094,4.673519780859358,0.6049323036473591,1.082090483974343,0
2.3369832733919926,2.9487058360117473,1.1623702325544578,0.21533090294160429,0
0.576805915024414,-4.148692658317941,0.18707680755454492,0.7831569199913531,0
0.3252958212327669,-0.5723931474536483,1.1757852996224427,1.0822809017915782,0
1.497016636948635,-1.746300349955506,1.4843326148891167,0.3869703486220039,0
0.0990593134408263,4.101323138521952,0.9252694975386413,0.2289370085477173,0
1.4392478959241115,4.858221883609856,0.11985944020403544,0.428992200552736,0
1.6419562630295927,1.1435511185708176,0.31297181504507854,1.3288310694889645,0
2.062583413387798,2.8810693893591663,0.5377618907592532,0.810226420377204,0
2.9466233181754964,-2.659981352576727,0.7055606981199761,0.2263358657968858,0
1.2078353008642195,0.5433786646115202,1.2425358215816462,0.15159071192950008,0
0.38242884081641926,4.983988831153333,0.6754024203921325,0.42428212514189123,0
0.28696341571248696,4.982447893982316,0.6732900075724841,1.1710875392776465,0
1.3843583402167263,-0.14075223702471273,0.21693318684115226,0.8890025053832309,0
0.7661136526858957,3.55269213471051,0.7257263194683805,0.5287833919062777,0
1.6779531529435658,-3.4831407749139585,1.0868807469541548,1.0000956163111976,0
0.15193351252083098,-1.0212697378337845,1.4253453626661152,0.22517813313703466,0
0.9222511095111793,4.28263867043132,0.10324612343976547,0.5362795223511033,0
1.9849704708054396,-1.3121904616161153,1.2079124959473875,0.9527518764693361,0
0.8953409830199177,-4.618374926481303,0.7819021952694627,1.3794970258397856,0
1.5940557207738748,-1.3176657273819368,0.04882854647571072,0.4488839656241078,0
0.16923532835656618,-1.9057647761014906,1.1441085515476674,0.006416832175045906,0
1.5315302821510297,-4.060691081487921,0.30754142808440144,1.3308939918273532,0
0.24983505365173275,-3.420709657017751,0.5317477888337614,0.8312208791016257,0
2.323113725128812,-3.134442166619449,0.9070470835823805,0.4258799888926211,0
1.9835979383924054,4.520817514883147,0.051824523490887786,0.9910258562163351,0
0.24773907856663435,-2.946208781893944,1.1720008844533565,0.7760712613046181,0
0.7840103567678223,4.873252458440838,1.2172196401842967,0.30328138790250153,0
1.81182724208358,-1.6272532833748663,0.7695726016666548,0.5171450830096651,0
2.099019792493412,-4.401279966062446,1.2045804373184352,1.022818097287686,0
2.781552114548861,3.974351223703108,0.7089732202630435,0.7268814126272487,0
2.9235581645850766,-3.0768333800205436,0.6649975976795881,0.8371344630653037,0
2.637208897082032,0.9415812250914355,0.07382997077163284,1.1046588304781177,0
1.9430047405106214,-2.2788446247047967,1.3294666059481381,0.13791115546017124,0
0.6496544636340311,-4.575057859753301,0.00966299960298933,0.6943709799160414,0
1.2435928438499217,1.7925719160224247,1.3034071249623778,0.8045144314609887,0
0.31509979316160786,1.9590133947718735,1.1651748980196315,0.6887099264723446,0
0.3112991122195419,-2.6083339826812155,0.5161664787185076,0.27339119039296084,0
2.4167202197022917,0.6358644994641445,0.7681008369967823,0.021559199542233287,0
2.4218495037855794,-3.3025406986592367,0.2938809979272015,0.07239559913195387,0
1.5614342725828854,4.536132782185218,0.24744111358509047,0.21064206556013898,0
2.6471141865395733,3.3197624912554815,0.32702672577362213,1.195422370046796,0
2.0423113555388976,-0.3343641807472082,1.270948158046562,0.6517781850189275,0
1.8037868191557376,1.5012032389118133,0.7377187838083684,0.5278616971244252,1
0.4989702433011324,-3.6139570425264456,0.9100409617699563,0.4081444039493933,0
0.876009720365498,-4.559192032895117,0.6680204163438156,1.2574090558070925,0
2.365941729577627,3.252934103893395,0.8675888055304121,0.9576708852319133,0
2.9917999109660394,-4.171368686866987,1.3992824509974255,0.6781267561142903,0
1.9895494159811649,1.0985276158883952,1.2752568899810617,0.1135260245224069,0
2.040482632276165,3.0981184387988527,0.5963169568321511,1.4716233184182617,0
0.8358537312252903,-3.7918915437577603,1.4231608014592227,0.6328709027375337,0
2.517356415267969,-2.184904695435057,1.461183915504131,0.5284280848423009,0
0.5727089444081344,-0.4088028023091752,0.8695391968687103,1.1350442043146924,0
2.1021381299637376,-0.33863569165412954,1.1291934420632825,0.017763542970473445,0
1.30982582163466,0.8721100803243109,0.023764508942671514,1.4883604712458978,0
0.9854358707723349,-4.413123580730814,0.7815481860813012,0.5622066744457541,0
0.04371075014642356,2.931621253198868,0.7459845817286392,0.433310152497657,0
2.691654539321159,0.8517136130163196,0.6230397861648149,1.0346524299424336,0
0.40818350997244857,1.4253128232356573,0.5106392757442236,1.1126478497598757,0
2.3383435611220884,2.976803993693208,0.24002334633717254,1.3640188076998647,0
2.2157981084908887,3.754946332330176,0.4172913170813616,0.9258565519405153,0
2.898677693694718,-0.7160120627797468,0.0986050918971414,0.2872575140214552,0
2.9469358413140236,3.543779878072616,0.014227218468743641,0.8736439168006378,0
0.8543249957100982,3.4569908889679635,0.6604757904703964,1.0827651377953238,0
2.149894942991357,0.665099120982001,0.06867899871305927,0.18595308449468667,0
0.5394997604226089,1.3989995631850203,0.4728107923031114,0.6973774599788293,0
2.514496781274955,-3.107378985994549,0.4454921985447972,0.6757443584305483,0
2.8411945854979974,4.773210952698788,0.23192663010970616,1.249086216446757,0
2.0124831530634695,-0.8811883165962175,1.4893930102397426,1.3994274167622651,0
0.5859482965670184,-4.875033774872536,0.36030763124532994,1.4345206862691138,0
1.3164336461672292,-4.961944875683963,0.8913886443005813,0.1295897189206064,0
1.9347188402169455,-4.653335938235229,0.26500997508947355,0.5455638229129921,0
2.275238521507692,4.916315875584287,0.07258151300614657,1.0004399678801839,0
1.0549843035159396,1.5576848006535737,0.4784564541206172,0.958659475461608,0
1.8605794607065576,-4.536249736472946,0.4887314402168118,1.114700703019068,0
1.2039254531292929,3.660175049850121,1.2538393960887042,0.2560130459876961,0
0.25026184836057674,0.05567789588430383,1.4555930636141383,1.347830166309309,0
2.339230948477729,2.2200467534040076,0.46342737893992164,0.10565722395207622,1
0.492619245731723,3.2723746511165395,1.3476337740835298,0.058876251214223074,0
2.4411734644294185,-2.0392900835030736,1.4157276555558924,0.7147108268275435,0
1.7491731571476223,4.379787979699177,0.6821329051543337,1.4476304822838981,0
2.091082708258937,-0.8570774712525742,1.144547418886782,0.15775812848948478,0
0.8232263414005008,0.09938360952752845,0.6034975417795787,0.5550024544416281,0
0.48280267261464105,2.3640284191035565,1.317871198352097,0.8993150544453112,0
1.2901926525809673,-2.261075393689176,0.7078980916503632,0.7451636184934989,0
0.7242402744069176,-1.7185029514520545,1.1784803433183137,0.11969420783925744,0
1.3306497583001495,0.36038639093135316,0.8284464197560267,0.4177852239791729,0
0.9200154777605472,-0.7016979835689705,0.46057422963703515,0.3140978154541745,0
1.8924523405585967,-0.9078883395112589,1.1878598977314665,0.9734009546759801,0
2.573170806745906,-4.435806830499736,0.8156823613445288,0.7752191863406881,0
2.949772776832062,2.4025050726476724,0.8987202211632158,0.7043050546922123,0
1.1652112025748207,0.8988511506664221,0.17085987611683817,0.5092447573869141,0
1.3403240942069448,-1.4828356948428754,0.9400606908364133,0.4005789442277083,0
1.789383744771336,-4.512455135714429,0.8572299634787257,0.8161523382444864,0
2.7872918995415006,3.0437182272781396,0.4756946073176031,0.6954201914425695,0
2.194119936002365,4.715607255668182,1.1023470328371088,1.0943554719850936,0
2.342511721711302,0.9799155880054231,0.2485291495576944,0.009055157518227663,0
0.03049760643656585,4.24629756523413,0.39162247057936206,0.5048131913223358,0
0.2969558171747112,-3.0956654533936403,0.3009072250642995,0.33816256392761185,0
2.5918348076532443,-1.478285053554881,0.38595075726823275,0.5176128701866474,0
2.239821645676979,-0.594390330142117,0.32120116946628474,0.2591531289642818,0
1.1281166825250009,-0.8525716303390052,1.328166879649828,0.4529698050702327,0
0.47003117532285044,-0.955902957204037,1.2763459794880907,0.44376939837104956,0
0.8667800082470863,-0.4198701055797427,0.17202263225644265,1.0350526927183494,0
0.38309962676308174,-3.6049695218786484,0.6417875932809167,0.6040258730254079,0
1.0659078278283634,-2.706186730130554,0.849980694720855,0.7179095817136549,0
0.47592135215083664,-4.029059445591102,0.9089934673963974,1.1394173669838097,0
2.9152405283043654,3.8690983889802926,0.10437315930284213,1.3277314685020036,0
1.9187261527375974,4.320652704498775,0.8334351452296302,1.121715127058691,0
0.17199696695115962,-2.437713597825274,0.6579227273620035,1.1982332066870547,0
2.01827604166894,-4.825468795823108,0.006566169456400428,1.258333119620103,0
1.5522550636835328,4.963266489065385,1.2026574492215563,0.5703209537283247,0
1.6437542689420535,4.930205152868616,0.2731366268471045,0.17065773335256784,0
1.4760226157163663,-2.3155741017948115,0.3730577379080915,0.904935795364232,0
0.6078668965204331,-4.198703848582882,0.8398391171560907,1.362991571506045,0
1.5074107588383345,-4.630153681885095,0.2868140956355921,1.493705695396595,0
1.2543804202784943,-0.4389393869200102,0.751206551145842,1.2416417718828137,0
2.890503335771359,-2.1029427040345183,0.2686863199857998,0.43988480787178824,0
1.4754234165992317,4.217438476334989,1.006559106466909,0.5216970115776985,0
1.0971085396543638,2.7072655294662376,1.1149396000131127,0.14051169069497627,0
0.33937919381286175,-1.8590817182076291,0.5238442158048597,1.1798919183674208,0
2.498357703172663,0.5770654807182112,1.1729824353697904,1.2310254517342691,0
1.9256070450092868,4.521416312796909,1.3698031363034868,0.0960039022665568,0
0.08421951547273421,0.18859356093224022,0.07537625793678876,0.21901220758594064,0
1.1607070269542605,3.7324457456998026,0.23114802809568802,0.6308383602982587,0
0.9784026205515066,4.519011398960153,0.5306006894151909,0.612002973787615,0
0.07813086137960623,-4.101665740287799,0.43964147667625725,0.5997923687022353,0
1.7247802363948632,-0.5418862486265494,0.585936082088627,1.4274449935078422,0
0.6957228926646226,0.7852616281761637,0.3300057671738213,0.4853853015982741,0
0.84702502684831,-4.292730867550841,0.4012748929229587,1.4131574907356985,0
1.5694971744816275,-4.772765920798316,0.8425783060694505,1.3348234935310317,0
1.1777481484617822,-2.3196409782281635,1.0302936937856448,0.45181961058556647,0
0.06540283069753816,-4.5268837821869585,0.7440275036427413,0.008634094098648348,0
1.8002369088404078,3.005475233990321,1.3937495196683674,0.30025339218613706,0
0.8031719640725119,-1.0333234624843204,1.0311840092807958,0.210482620118907,0
0.19180598181945496,-3.8620485280537165,0.3501455734915378,1.1438068346210555,0
1.9573014827599997,0.5778015481706511,0.09087860740125403,0.9194398948749001,0
0.5131774652157335,-0.22832531397714995,0.6655733273495796,0.57061060226902,0
2.6418252737913828,0.8997373496247878,1.2644487136346474,0.3826812101361273,0
2.2704706202801157,2.8424955327415624,1.1665892815622614,1.01069782506115,0
2.030658560337119,-4.658325082775886,0.3573645265994791,0.8183023018849822,0
1.8739064341231497,4.2848400307240215,1.2199087872764518,0.08722023040789662,0
1.9692301951975073,4.075394011847543,1.0783093488916295,1.2886760055474122,0
2.560015307301463,-0.16178451681754336,0.2417357281824709,1.2106834512351123,0
0.21369248778387828,1.4230710785477125,0.08838137849315308,0.2733355587440798,0
0.26283814899001834,0.11618868906210889,1.1927754388408391,1.2538674634764448,0
2.257286996744881,-4.317779394764721,1.4752805614560038,1.4007752815440813,0
0.6640402813643919,-3.03141083406219,0.7198295207355312,0.9845192016023592,0
0.9744052339237707,-1.9543697581601336,1.0262632081345457,1.2590869295756661,0
1.702053614161371,-0.7111332260513379,0.9218448756953843,1.2562200792700915,0
2.4441347047495667,-2.3266042803410434,1.103139577970744,0.34395581249541807,0
1.3576326451315563,-4.990955963090173,0.8221070234787025,0.12828674124838157,0
2.132566864164044,3.679603290321044,1.0105423005504566,0.669604934392666,0
2.504301257708822,3.0171673011176434,0.06366048539842001,0.20691092403226863,0
1.2546267225069712,-3.273031826396257,1.4072149273171435,1.2962581438101684,0
0.7822269352136979,1.750396214367326,1.3944465174245964,0.4661269289250403,0
1.1718797577543283,-1.530878378443913,0.5934340300724902,0.5668495945084637,0
2.2388578567864457,1.6345797136077618,0.952586213789756,0.7881247928962749,0
1.5880642531992202,4.100044023014755,0.001575093243702419,0.9345573931263387,0
2.8511269924376177,-2.7659662962760367,0.5899816232946702,1.2263391157211436,0
0.8439519402697012,2.552849503720794,1.3304928767445507,0.26237146798246447,0
2.9115277328551237,-3.1039973260598073,0.9034582030004943,0.16118194423449567,0
0.18188595716378442,-2.5416203058150186,1.438759170599275,0.14488642924101064,0
2.774206643560284,-3.16852862846957,1.140593082097704,0.016340921236235595,0
1.764194812036631,2.7107187001553603,0.8637297935459036,1.2182595014482858,0
1.9472045558141842,-2.2324881671820007,0.9376916282502181,0.29750657008859055,0
1.6907391390321722,2.219800430585435,0.9917755124028598,0.42296071833441323,0
2.2817313755515936,2.823205913975686,1.3496552649128182,0.5193394166789214,0
2.0115948251127693,0.07444730113720333,0.4991599223584094,0.2037698919309613,0
0.3841673925518224,2.431938065707077,0.6364735162312334,0.9346807365192341,0
0.7240215671981126,-4.256646490100064,1.0038846033017181,0.4534042018168901,0
2.288958426021433,3.486792061309348,1.000876192132533,1.0453655361225764,0
2.8665736811304847,2.4844811220414496,1.2940005389130202,0.7063444714719858,0
1.3003132808789926,-2.9621031846223964,0.5793741216566304,0.46383039275819105,0
0.2428408901573883,0.47944452908937585,0.34202419651187793,0.02111152947954742,0
0.6763564513467946,-2.538554687725515,0.7298054476865015,1.2962385781047727,0
0.1754651274755462,0.9108452915709826,1.0729813920029008,0.550107389120268,0
2.570912875122606,-1.7958023457948222,0.05299708906300621,0.3387707810557767,0
0.5852999157255121,0.48236729708605885,0.9197542220052897,0.9122747674460425,0
2.697485186867602,0.91215125917671,1.0700947835937813,0.4189870118365927,0
2.440548947248245,-3.74407587823581,1.235928916080606,0.1900389389588945,0
0.007692880395066881,-0.729088562781457,0.11930440765727385,0.8301134446185694,0
2.349093312515806,2.9414572772174017,1.4760431965611562,1.1497487284396042,0
1.9700043388467094,3.954779697593459,0.3429313081033407,0.013071332788803847,0
1.4560388309277164,2.640156977866072,0.47597531694835343,0.12978811261870005,0
2.9264005316020865,-0.43028705997251304,0.8312648034130055,1.4570771992328688,0
2.904001947940589,-1.3147909601858823,1.4243404609726578,1.4329574957406588,0
0.40186045336374665,3.22684427306824,0.4895124555834142,0.12242312677357386,0
2.181369953957987,2.143667245812879,0.4173785960281699,1.2642654284281631,0
2.2862025291192154,3.0634181346494422,0.12547009742779247,0.13305999191341666,0
1.377748531955043,-3.2588096025423163,0.14396293464662724,0.8612918030250012,0
1.097515536752058,-1.9381872170142556,0.3732876797460578,1.2298197690935928,0
2.053435626133633,0.942909685857293,0.3888126244381114,1.3369313834619079,0
1.6316463845076599,3.9019152864094586,0.6030959417873579,1.0485127942395183,0
1.0167318643285197,1.1454975391738875,0.74521137963732,1.0768063862106365,0
2.240447786409406,-2.629923493488826,0.3164986078155394,0.6886499880811683,0
0.27830345876210405,-4.635081277605886,1.2257217861637855,1.1358107294359274,0
1.6264388783261747,4.855710281048086,0.8637367077343121,1.4329095496715973,0
0.6545962355575914,-4.343570702562285,0.6494841773835145,0.2652033439672442,0
0.8778466026229829,-2.6721298689597672,0.19206128871792294,0.34941623581946635,0
0.3725101428595262,-4.498579791568824,0.020473574963488783,0.13749561913076747,0
2.1009219633977834,0.22982253194122482,0.45242601283395184,0.671056899338689,0
1.965577494603812,3.13869472925475,0.8618789924727803,0.6231613877497497,0
0.16917532962323456,-3.0294382171736345,0.3665711739201898,0.26835005216689006,0
2.3851013096612537,-1.7694398451574287,0.1855904744905923,0.40650569531965125,0
2.448410156055335,-3.8429332546403607,0.38276342437912264,0.3154883531035476,0
2.1340653927511752,-0.05288527159928247,1.497014804365676,0.6138382129780886,0
0.13419356457793263,-1.3152447859819283,1.1677653976347233,1.2690109417541924,0
2.5314043683418457,4.1764582779166535,0.784077742674461,0.49995895919685546,0
2.567439542302098,-1.6783767824482396,0.6819853007470287,0.691088177230871,0
2.6877069663671866,-3.7416745827365325,1.032410546660352,0.16444339947274944,0
0.9360046762288453,3.2034997680235513,1.2430234217139307,1.1328223644442401,0
2.2296889022266932,0.8909744838962173,0.9628784044114373,0.31308169921483703,0
1.4050759988829173,1.7566680187891173,1.121592089430554,0.12503667912814215,0
1.0486574197217338,-3.5292030724669674,0.800778069236123,0.36184347714977316,0
1.1481472109488866,1.339240705486624,1.2520202692265852,1.468120855395366,0
2.0766842084411232,1.607337433021736,0.13317978173912132,0.37596793966238784,0
1.3519308765662643,-3.365497260812468,1.2243364416776326,0.9361118252306428,0
1.4584763116337867,-4.243562748414447,1.3264334503425972,0.41507071375608695,0
1.3039253413226581,-2.969535299113839,1.2010251293840906,0.5027386864154837,0
2.1660370932309783,-2.257357712067556,1.1574108196687232,0.6048428423123694,0
0.609838637548268,-4.300062657727965,0.7024588245834358,1.4271981858237068,0
2.130675757637099,-4.163604136447675,1.1090682602749373,1.3267117175365286,0
2.9027554090507413,0.32164608437773623,0.9884133784091103,0.5607586674245035,0
0.03191863036154696,-1.7780290596641954,0.6973468775319218,0.4470198457818601,0
1.384787395576908,2.477458014029507,0.3652741516494584,1.108351863407769,0
0.6052410302914331,0.232669434396362,0.2836201978224398,1.3276551214227101,0
1.6875068347690116,-3.818152484277384,1.2437078930834313,0.43862705432178783,0
0.22557402122593717,0.554388742799973,0.2914180473542949,0.2667200189969301,0
0.8881196577737223,-2.4133537913469514,0.07923059080400086,0.044473667985906074,0
2.318640506839478,3.0614558947370156,1.1647775238056988,0.0069417175533410536,0
2.617712175907605,-4.598030068645269,1.2094437146322057,0.4272661008905604,0
2.6700049841953906,2.960605040810984,1.442524492132395,1.4849101849156048,0
0.7983466227171686,0.03733884981056157,0.882991134664815,1.3870561848212923,0
1.9620644913633103,-2.4284368512708165,0.41434419325896765,0.08066865281885843,0
1.4008451408121005,-2.367382270497711,0.0974266561834623,0.5606920350914157,0
0.4837287446227424,-3.4931484440442864,0.1368807238276496,0.3424842222394572,0
2.375310093784841,-1.9617188566554233,1.2445718792883453,0.9398476301354821,0
1.167595911953922,3.05127075853518,1.0447439711789495,0.35492592035678666,0
2.5734879878030164,4.884556486010933,0.9045710808129076,0.0012259829315038884,0
2.4540852895154135,2.9801692685372103,0.8185187824050937,1.2114034784211896,0
2.0323299865123716,2.9024072092495548,1.0603531711654073,0.032465447313732576,0
0.20771982225296914,2.0372453336620264,0.059508483444335625,0.48177828310611137,0
0.6112509486715283,-3.344765995379142,0.5879707081397554,1.0951803931831883,0
1.6181826053155934,-1.990001590756524,1.1691055139989224,0.9059196608337421,0
2.0382035606776663,1.3932163214163147,0.3618619122060562,1.3859573715456026,0
1.0794716563845648,0.313676926483514,0.20177119731272286,1.0887755079814483,0
0.6523052344613708,-4.341204680453505,0.4719171724165564,0.2583140414008922,0
2.3427986852721263,2.668870693005357,0.9218875649076895,1.3905034102617493,0
0.10106254837604178,-1.395295907081656,1.2126671774984605,1.0047666761915353,0
0.14173222161212884,-2.9884600008174145,0.6692068180087828,1.2278886499090318,0
0.42903593949547303,-0.6322303559101305,1.316089177016383,0.3457765136885129,0
0.5844650271497078,1.7706796023708709,1.2498704269800602,0.4167261674333932,0
2.402224765853301,-4.507600934090529,0.20182370194964822,0.08948853297416592,0
1.706036195303743,4.355760252011132,0.46868156144626816,1.3954097714430487,0
0.8939914262312358,-0.8103847864214728,1.0010169234559014,0.6917925684688817,0
2.833129572078029,-0.7554921228695957,1.030360180190401,0.18456804119661196,0
0.33916115346211084,4.3324492069055225,0.374624303325878,0.7101573520871984,0
2.5919054849054954,2.5789839094182208,0.6785223813092967,0.5700223597128118,0
0.398365779058362,-1.0683195909425738,1.1221841617034705,0.9273729982303918,0
0.7785356401099451,3.518839865734181,1.2331106450075064,0.7386442724127287,0
2.124583920605469,0.8457402816581849,0.18929879082018203,0.2637459800009821,0
1.7448773811909848,4.138966924374186,0.838670246262168,0.3586601921733283,0
0.28751565436793824,-3.9643225876256984,0.17084487822280447,0.6745323595155743,0
1.4863391245832345,2.30473786285446,0.34229700555936265,0.6833237675159998,0
2.503434490100435,-4.947761486551473,0.42216019868767635,0.009293094107954425,0
0.7139788873015628,4.451672855011381,1.1668580022459647,0.7376671860328441,0
2.6165010516681972,-2.197193019082958,0.4549790768214871,0.5272317354039329,0
2.2054407342856104,-0.39913967694347185,1.260910380401874,1.3854633854026908,0
0.6463321149310313,-3.014336357790687,1.226396339509904,1.193565685276027,0
0.2426125789203576,-0.03918841727566935,1.48178590889589,1.0420527663445514,0
2.0009954932798975,-1.8193309074442299,1.1601284679294601,1.0443833103544307,0
0.9174941664612818,-2.4907479812905606,1.1059839653791605,0.8578943457762959,0
2.7619932881650415,3.091418772283083,0.9825549484319206,1.3241608754055156,0
0.155612901835673,-1.1365379304488732,1.0851697519181045,1.1839905850336887,0
2.684735906458758,-4.115530784797279,1.1858272373547347,0.2829313819800589,0
1.5897050058810152,0.29116651594304876,0.26622147480482156,0.9602204995497202,0
2.5630285858253923,2.495269066263929,0.4275552508084206,0.5596486166919166,0
2.0314824551603876,-2.813602515507816,0.649391295329474,0.15648688795151028,0
2.7852205025977406,0.572252567013356,0.8263948394546802,1.166052343402258,0
0.7957029677313573,-3.124096431242328,0.8125447809245867,0.11301755794675672,0
1.2896772867563557,-2.121950047165476,1.3262445889943435,0.8613793234660191,0
2.3619558175052124,-1.0622435403073904,0.625611396012743,0.5560232426655306,0
1.4832897786055592,1.2882003337732844,0.40936128400792243,1.1116321944055398,0
2.848900843312974,-0.7450325767010826,0.5497661584910762,0.9105601724001744,0
2.647518457582014,2.0316820983516024,1.1969571386916678,0.8366447151554552,0
2.621600290304276,3.4542330860360355,1.4266920873583737,0.42576252897178046,0
0.529046820616759,2.3054019995632222,1.1975784051497271,1.458343700516274,0
1.6178957574794874,2.1071825867367275,0.36277801981371094,0.10088765901949354,0
0.11111595795982665,-4.511415969323611,0.6832176889093069,0.7652418015960926,0
1.0738406346622174,3.050949749433874,0.667072206219381,0.44962997415955486,0
0.7292216389755717,-2.518766613145922,0.5978353403010865,0.8377993596008683,0
0.8751074285152391,3.518522793687014,1.3525294051828396,0.14832086357222535,0
1.8417726537069972,-1.3362295899201646,0.937469417407018,0.5480999469049259,0
2.81523950896506,3.0517941341064034,0.960034317513552,1.2146014224352537,0
2.308635533902958,4.080783072000093,1.2837954404698833,0.6111175248295169,0
0.8903263316611617,-2.6181930886338667,1.1415400299466678,0.7439432840712945,0
1.495092312612242,0.6175840764355502,1.2916150970978608,0.11072766737028994,0
1.6120083416889406,4.124605116308917,1.3300993338370477,0.2964495209445252,0
2.475801361013655,-2.1853786517991924,0.9471029844326209,1.1362227411155192,0
0.5619133674697272,-2.5942686824326033,0.9241703036192785,0.20139502366454093,0
1.8069042135817508,-1.5333193237832088,0.7089869225671955,0.8186914505029235,0
2.53828514897613,2.8522076129280816,0.16972397427539088,1.4275392129105846,0
0.035354593530472433,0.4322993248300202,1.4851789540378975,0.5951248150592785,0
2.0846986937399854,1.877793535741442,0.5437484639496017,1.0481287026400619,0
2.87524569952863,4.442707339341977,0.688428594354523,1.2925069742988202,0
2.790070802451058,-1.132402976531771,0.981901738668675,1.4611531668118745,0
0.9310283042933402,3.7474464096514666,0.3169568760579714,1.118027401515869,0
1.818271625542371,-3.0204656515762665,0.7303527006820885,0.07253840934813921,0
2.5015925239840793,0.9188443139749793,0.7058882388843997,0.21539324523411763,0
0.04825044787761201,4.647552148168661,0.7137350202202288,1.274216895339911,0
0.3573510398373325,1.5971150799867981,0.9555488836331397,0.28980268870543185,0
2.1054849103720903,-4.700105178318265,0.041760444673124286,1.385905835040995,0
1.4213252872594777,-3.1051349635319125,0.3944181201940977,1.0946234181044812,0
1.7956486340847908,-3.911908643721932,0.9468271752800709,1.1831772180703846,0
1.0616093169723306,0.8714225108379914,0.059697105529254835,1.1060724346507746,0
0.0666543403806722,-0.8722274438918536,0.3634501775237065,0.005833813443134994,0
0.5847426833130569,-4.331502347323758,0.9452981855238185,0.041056108804632785,0
1.5350174607209266,-2.329226344420161,0.6643753140300552,1.41195403932935,0
0.058536370928716,4.4370104489588265,0.8853312356008964,1.2639443756623825,0
2.270342072813415,-2.744052559822311,0.760714085504863,0.5296492497218959,0
2.190194682516222,-0.40482842092048,0.4819130999216097,1.097565579272391,0
1.1318912988755536,0.6996580110184913,0.25025645274549735,0.11809435955319103,0
1.8549939156161086,4.6083059782177145,0.9466429157079783,0.77656980140593,0
0.9200610232873082,3.845344859254121,0.9014365502426429,1.1686916836150363,0
2.9438229504460187,-4.843957191494002,0.32018919070390817,0.02721838055163489,0
1.0240293220037215,-1.4275638599410758,1.3996372064720561,1.09706574490095,0
1.8510146064903539,-0.6312466285711889,0.7315880911424275,0.7682325841426603,0
1.6585360102868743,4.800322185641665,1.4684043964423052,0.7844560553487786,0
2.5220564785071162,-4.6495193702090685,0.007094494410505747,0.9563514224398,0
1.9453676030596552,-4.0728105162735195,0.7143502027809565,0.34421609986959806,0
2.8651864757431205,0.7842361315999415,1.4448787798067313,0.6130980206466862,0
0.9838918408677041,-1.950866110857362,0.4677005932524356,1.3485825705430161,0
1.4389953703367733,2.9360543570607813,0.6779128589865924,1.0684987010165055,0
2.9584796535135105,-0.5639336058047739,1.190442461371589,0.6474527685290505,0
2.1405796511125548,0.9982221605619408,0.5831632872719643,1.243436478093535,0
0.08989937670112924,-2.1742661254339035,0.6078959436289516,0.8779039885622779,0
0.6431501308666133,-0.615738474245906,0.09374955349571912,0.9028454188229698,0
0.9000741390852678,1.9450386626612994,0.9957563910275334,1.1592648599741975,0
2.808995750667635,3.643959361172609,0.019827845400907373,0.7136951393371174,0
0.47704076804082396,2.0671780876921195,0.36256164415693903,0.5363218476233285,0
2.874544955911366,0.47539074206856213,0.7929882712197103,0.07685534362232449,0
0.4014958955090393,-3.111448489898735,0.1876111466383698,0.510626065244788,0
1.4219378137660739,4.962869042267098,0.8504931582443669,0.17772768923430532,0
1.1480107634445207,-0.29586428566949596,0.8415528017700511,0.047437899805175654,0
1.5813874344438124,0.8386149914978134,1.2253969692418614,0.4064507212169622,1
2.0397652749960136,0.4358583879633491,0.9362192481772902,0.2313261091924802,0
1.3312008833599858,4.558154640640543,0.199053957192164,0.1768647329271283,0
0.4891910473395038,2.047013049628921,0.03897672626326987,1.095654919527994,0
1.697168749231567,-3.172609039661214,0.4699672062053577,1.2923351162004522,0
0.594576094651557,-3.184105539810478,0.9360360168614463,1.0907665674768685,0
2.9744458102124547,-1.7793061899474125,1.4064646463672383,0.011597065933885153,0
1.1795528239275421,4.28822181847214,1.0629657533776657,0.6517215129902161,0
2.27717168232421,0.6305809881006486,0.7346370110771124,1.2940657366473596,0
2.7397755753629687,4.233161961146976,0.5050852130591332,0.40444618085567563,0
0.5038526317080932,2.477073794579412,0.3227781986116233,1.3382362802667558,0
0.9925067702457396,-0.35508936442941774,0.0915649728936257,0.39190482303585084,0
1.3284380362875672,2.6997900840768265,0.1183902973057081,0.7048014506839989,0
2.711335602373502,-0.7088957830086775,0.39039491353184314,0.4562900352555631,0
1.3320403529842,-3.2550050322554656,1.0404173559965595,0.1975303187139335,0
1.3220834973754059,0.9113227190866127,0.5461624099638697,0.3484571826460297,0
0.5838901707324358,0.6644839657377686,0.9916048217161371,0.09073182889035003,0
2.14684575765388,-2.6472396954048225,1.2785036291269922,0.2772873934008042,0
2.6639266461137474,-1.030737266122589,0.24774682546597004,0.319802643126627,0
0.3500927480936137,-4.5747418324680105,0.15196332398727175,0.4034741448741642,0
0.5415865834810795,2.199630255912144,1.4318935036194291,1.3714725285240703,0
2.683901024453507,-2.530545682752302,0.06320004078458474,1.4190310172096408,0
2.726162680841457,-4.864430646648993,0.6558654779160131,0.062128721055848934,0
1.8999121490783102,-3.5191630392388173,1.1834019183909725,0.3486940054995524,0
0.11636381875250712,1.5941776596560704,0.40814493713513367,0.2577676394504624,0
2.6562482373559004,-1.8679038815208804,0.29178793855012697,1.122574264007385,0
1.6354203825024585,-3.6647937989304005,0.9776380785915378,0.3294605801707197,0
1.3029338691115782,-2.5144162490479225,0.35240680608092884,0.0029197962922196674,0
0.35585471914310707,4.752114113227211,1.1340961799856206,0.5449191271503284,0
1.7233102109545813,3.3561686164516296,0.4194937662670546,0.4483701521751805,0
2.107533881464424,-0.5529908393930185,0.95185216875319,0.4145897468639931,0
2.6473107269005807,-3.023063508093753,1.0335045201797688,1.2774577798383124,0
2.1904504555017636,-4.8631251354513685,1.161174329026982,0.6686138512720926,0
0.9901117913620643,-2.2102673029752973,1.0767723586341336,1.4224785895782925,0
2.738832246225641,0.4012668368935133,0.282479182136043,1.0756206416499066,0
0.9617596022650774,4.24894374911889,0.970287279061651,0.7507536015458178,0
2.680423949152629,2.768564291360632,0.5446499502173652,0.7001564941087657,0
0.5752193087120985,2.820557442390607,0.6485904600621545,1.015436160037347,0
1.6076123248003826,-0.32718680130003364,0.38603183149359244,0.8694790946798341,0
0.20476882941340624,-1.877987756663757,1.0553382941365106,1.0174790902465003,0
2.928554481546,-3.8229062373866283,1.0118626782400488,0.29151112749058117,0
2.9694409956620293,3.1993032484469914,0.38063866227190685,0.748378130366453,0
1.9881514005216578,-1.9604364075185785,0.08671299920702358,0.37199862165572445,0
1.531308633440076,0.09797052574665344,0.659493394007083,1.4598509770913881,0
1.6680621657424308,4.322782142347329,1.3875858941498465,1.3077930722637743,0
0.5949097165575343,-1.3513119200514523,0.8456880195762562,1.2013049508242746,0
0.6185497529731022,1.4413927573537357,1.1709846327992197,0.7569794714034841,0
0.7024092794531371,-3.0400473311702148,1.1948173356563423,1.018003641606437,0
2.3505570753658978,3.029516020562804,0.037259097902580696,0.39011575190474257,0
0.12740843741964092,-0.9395161167521602,1.4500068608580294,1.2634213299562382,0
2.34063578317347,-2.0966899605835385,0.6223665372481693,1.382712524567005,0
0.9402797131013091,-1.4245742284967022,0.7713993621174535,0.20902014464748225,0
2.4741450742440243,-4.84069096631111,0.24812120211542682,0.8846673594578622,0
0.3193579272521099,0.9039897393507061,1.0789235647701636,0.4319417395089895,0
0.71505467587837,0.21136985662981012,1.1603903216323372,1.4641511559065918,0
1.9316787483608122,-4.808657631085371,0.8655681028925696,0.002003404806588782,0
1.1630730274930876,-0.24393225632879467,0.8509937159032221,1.0890875255895183,0
1.898989880134121,-2.5405649491189886,0.7048628541460965,1.248894003902043,0
2.291952427356577,3.6426661650668724,1.4765663788718562,1.039103038481574,0
2.970699185710664,-4.218618184297912,0.7692510513293425,1.1731517173784336,0
2.4718148504594186,2.029101524722999,0.39980817177752676,0.49967498468614374,0
2.958175423202608,-3.6774593126389243,0.6647878300076199,0.796935245197804,0
0.4435725112186556,1.5510221253986787,0.18501231874989943,0.14581414408913268,0
2.4337587756327133,1.5979053721545302,0.30195993817338446,0.5907713675344786,0
2.561699801879297,1.2589207458171714,1.257527183287075,0.24675148568221306,0
1.7666591878730724,1.8868254687384844,0.6057597810773493,0.13613139613394132,0
2.9527797685085715,4.57601382341775,0.8234091152510101,1.1457451126223823,0
2.0995992111638917,3.61554784922226,1.000105988470605,1.2777233396383854,0
0.12475196497127294,-3.7743148831836706,0.3946697772473263,1.0491952571946643,0
1.7810325427722806,3.684646122040796,0.9639029184110548,0.9887407831081929,0
2.04542685501107,-2.2906771374330837,0.8728589484770399,0.9471720157173398,0
2.6968357936548757,1.0611644927596124,0.5224220217022053,0.8967128659581896,0
1.7655356864209981,-1.1407298347527348,0.9142954617655313,0.5940891770833105,1
0.29063744500798994,-0.7063201359311346,0.7409404793200356,0.04815425502305859,0
0.43571843394706544,-2.0415896186589313,0.9711630021263531,1.1777084655662127,0
2.5755301908510324,-4.812746712005599,0.09459484975700516,1.4617934452344241,0
0.2695239103357896,0.7029053234137059,0.08853097992254289,0.16358138769405017,0
0.12255359037189029,-2.911665129661827,0.2985872951641905,0.8330693868749612,0
1.3556617836113598,1.4481893524288854,0.9243040319958828,0.5118462079689085,0
2.4896087301668186,-2.6106181080827575,0.7399600848316197,0.26897272775145603,0
1.4287801674448266,-3.517645738465265,0.009402342832521948,0.30791136692408605,0
2.2879103354393244,4.39743078435424,0.9267011181134919,1.013220037319803,0
0.5293122833678948,4.072406113481895,0.8815345264609926,1.0544881530009047,0
2.506533138430122,-2.5724945502505214,0.25908220229448825,0.044312719244580856,0
2.9981657334861715,-3.588723611447514,1.0216270860059813,1.3782742153113239,0
2.5213616608746277,1.503356997767602,0.4487226865201535,1.1484507805392166,0
0.00021192474932962835,2.5528667655540325,1.1563447415243966,0.5080597972846029,0
2.298868112812892,0.3186169428646304,0.3761565997012232,1.1735661100768358,0
0.2758883427780029,-0.9330670458447807,1.4741967647405032,1.309957201452768,0
1.673373695526569,0.24537480262875455,1.314311891844868,0.7762384280340763,0
1.2504587538736298,4.449193864828997,1.198776645889771,1.2889474049175293,0
2.1953349308459678,-3.7345693851501425,0.35366552239728904,1.128976607244783,0
0.8677728337602673,2.0571360565156995,0.4260815461914453,0.6421410579854148,0
1.7185685190068578,3.1363416614169903,0.03559916305449784,1.043595193833978,0
0.7164867639797059,0.4869250277512034,1.1838616196805742,1.3995497711792466,0
0.6434428907501779,-0.1728429402270537,0.024847654268006947,1.3369761466595995,0
1.0588632266054745,-2.038161003634654,0.5500790015570949,0.050991448503936776,0
2.524535865248282,2.518526304085685,0.9018628148690933,1.356387089513344,0
0.7712104455538316,-0.9463111477706256,0.7421017431654722,0.6552979302348916,0
0.8098792483153847,1.5204921287923048,0.11783756004834273,0.46824065657394054,0
0.4614889266387445,3.1699828459182893,0.567710921870002,0.937017395010312,0
1.022868789897606,-1.1260398661190942,0.1582809717737284,0.28551943828840076,0
0.9884141980663,-2.9658001516699106,0.5910597178333342,0.723581436729601,0
1.6978714697665063,-1.3362373756627397,1.3289915647674948,0.3368199490044757,0
1.6824417155333748,4.273914760198624,0.6648219281694963,0.9681380279769232,0
1.7244088040398937,-2.713148923578127,0.6022685737073548,0.9910529165512265,0
0.995685773091934,-1.5626527407396082,0.09219534991995465,1.2033791810344836,0
2.6324344938144293,0.4593340697427202,0.7755176136965255,0.8387067448929933,0
2.6449235539603833,2.080748417712175,0.23060710508520293,0.9629077252063342,0
1.8539714399528977,-1.1068077711171984,1.1813098731269953,1.0876623044148008,0
1.08221655800637,-0.7898397877763781,1.4949065591514883,0.5884865067424343,0
2.240755634742019,-1.8455346677686704,0.5380446706173934,0.7261307608199605,0
1.3080868790825326,4.012267976589271,0.27261586184339653,1.3618462709798331,0
0.9294727245444994,1.1119040338732908,1.358535766141927,1.4142862750403609,0
0.020466503174628947,-2.0513517407363544,1.2497014235434292,0.26195247207717043,0
0.48583888505213935,2.8622928144865787,0.26254412165679986,0.556481646878995,0
0.9837379912846868,-1.9171972110699684,1.0585388083365275,0.2494516478928257,0
2.1767986130468997,-2.7493794401044336,0.6487737876805805,0.8131156116428084,0
2.5221590203813986,1.3598299597347143,0.85132492152021,0.7592765375433181,0
2.514073272668465,1.1082586735009636,0.09692635233135638,0.20174443525067343,0
1.5681814497777111,-1.0443512839117086,0.6796700196602032,1.1154141406481606,0
2.4609935104216203,-3.4628491068681857,1.4573513508011358,0.14388822708225862,0
1.896070658420574,-1.1683481624694347,0.015700115098001233,0.18903088904222654,0
0.16457740286541633,1.8280321558058006,0.707123266745602,0.9412573036425242,0
1.1113568180643276,1.4306249705479344,1.0486090282077614,1.1338578053831991,0
0.39020354583822636,-4.185260276702046,0.05633698017857647,0.3478039855063966,0
2.6231750855637075,3.2283411397383706,0.8686407494763577,1.4307303738498507,0
0.7483426513696899,0.7741388163193177,0.5487241927343517,1.133537338764354,0
2.357214490044176,-0.4899871241151308,0.6027640889282302,0.24867375420229026,0
1.9918375017677659,0.6835566185894324,0.3066422052525322,0.7180560465591594,0
0.6026180267477178,0.6205363305880693,0.21113961695183298,0.20868763692013265,0
1.6698957786620556,-2.638056240517167,0.31434459126945125,0.12625191226298405,0
0.31281236750728714,4.72493878824509,0.3820050983849601,0.10422734327955324,0
1.543151288501673,0.34671933215011475,0.7514761008450663,0.13020410331766896,0
2.591843090018875,-0.265719963165985,1.2048310930611394,0.3266637532669273,0
2.7333529691888505,-3.2535323197798793,0.8437118328392836,1.1109445169884626,0
1.1755553517345096,-0.6786764768699243,0.14978665991403445,1.1033362435424163,0
0.15802416581643952,-1.70316285974189,1.202054891136887,0.7826228044014046,0
2.525398870139452,3.780619623978138,1.222608238221587,0.686753074291669,0
1.98074786966716,-0.07102487129545754,0.367975695009139,0.13678508310389675,0
1.3858128841022497,2.4593496497478693,0.9515353947729708,0.14070599578232812,0
0.46340694065688814,1.3515338439846456,0.00914031618836475,1.3009128903253317,0
0.03851857493811972,1.1713994108104924,0.28760249463507065,1.3303527380087794,0
0.1810315732482406,-1.971489163354485,1.1006160059091772,0.4208307237672771,0
1.3366187027626286,4.858720318505977,0.6458836543105528,0.10510972613199687,0
0.669428548973199,0.9137332646416088,0.22429646608314746,0.7277642730066044,0
2.2267527429734315,4.9306158657247074,1.0222680809255806,0.6842883821381835,0
0.5572601305903299,1.3779180941700133,0.2175027734456385,1.2274968689499954,0
2.265270499370814,4.492269307798756,0.1309950474193638,0.40914702804572506,0
0.6383017284749455,1.8077588924831627,0.03747675223123598,1.392637146219938,0
1.1489478715164108,3.9212030422229596,0.5023758492646009,0.2837011729343742,0
0.6196234067111337,3.3452430470876706,1.3457740035351167,0.49060611844641727,0
0.910831943285068,-2.4864491620592375,0.16230200581289073,0.4735446893781149,0
1.1144051989051067,-1.7641188832798926,1.4739673985410255,1.1466223902900174,0
2.526526879005675,0.4757614690255716,0.24235976560115702,1.277732563405579,0
2.181932850838513,2.215378035889051,0.49651882583801676,1.14003089446975,0
1.5926232939372986,-2.7581515962335548,1.2178697184950196,1.071115711877085,0
2.670852069974988,-4.817425126344591,0.23159569771870359,0.20058443321541003,0
2.495093306094181,2.325362103108972,1.1211293491312788,0.2410142014738202,0
0.1478190136045079,4.195911313554351,1.3956074216919496,0.05410600438616214,0
0.4008533962905563,3.432101933775666,1.2242984008086837,1.3164772335109047,0
2.970084242480244,3.9289338051528624,0.828298814437709,1.4247334849740994,0
2.7308358229155063,3.701301295688374,1.3632136710019567,0.054756101877986185,0
0.33453411810672196,-2.577511183000032,0.5378392126957612,1.377477813672513,0
0.33421395731338155,-4.662570260806165,1.4037065408601952,0.049631817533372036,0
0.26032483261102746,-2.698799819010762,1.4095624380947063,0.23647604745329753,0
2.8724749171121906,-3.4688456262856873,0.19521727978596826,1.4908111135657884,0
2.267261193533803,-4.667088449821797,0.9324740073779928,0.4917193216274413,0
1.081468777524116,-0.22222439643939573,0.0395973505666371,1.1701028534278328,0
0.8972033226116206,0.30141998381832025,0.8527468571623771,0.7866457837006335,0
2.2996924148518985,1.0980748662088153,1.1966395868584772,1.1743978972744282,0
0.874040745896266,-1.3722939329537311,0.41251887192633385,1.3794801054059953,0
2.784224014701734,1.5192473826899118,1.229942504062109,1.2869661039071816,0
0.857108029576354,0.30539868230551726,0.2780712005140713,0.41650506814111204,0
2.6884900406993077,1.1205930398751445,1.3170622919291146,1.0293478505298514,0
1.0310496791729675,-3.2307651498377,0.3180297911072524,0.9046440419397215,0
1.2322240922994243,-4.82164895132009,0.5132379211239417,1.2706753456683146,0
1.69999736949422,-3.078270902982779,0.917422762320927,1.2555020597484012,0
0.8601634458951971,-4.014757313784898,1.332738467419178,0.8068860934071644,0
1.8154667286370298,-1.0600084442067703,0.6682946576809337,0.9621725226635325,0
0.8512599973058387,-1.5835841040243293,0.1308980589116805,0.3019003825584478,0
2.4953919636088324,2.9963873678945507,0.8318556112198838,0.5083975335783295,0
2.7832452822520746,-1.2351104106376565,0.18447054998903578,0.0673830937397325,0
0.4920047064704831,2.8653915408111317,0.3674382106217199,1.147626787704842,0
1.6254860507284148,-3.2815874176194226,1.3775380515561555,1.4034598333332284,0
1.6495350667058943,3.7099500498240836,1.0732025374694105,0.1901988858448707,0
0.1431500671899938,-0.8946750677114146,0.3986834328850628,0.7276389332297912,0
0.7374429185301186,2.8730191115489445,0.013578255723325272,1.2141212484425943,0
2.8073997915650395,-0.7105019362696527,0.4319198440512488,0.9683949188628632,0
2.820211683755703,-4.5507888631585,0.6303042541440536,0.032138069672291714,0
2.9008231695528393,4.564446132590273,0.9073482262335786,0.12337797437023351,0
1.7440540753141163,-4.889077007995029,0.2669940906504472,0.11814822289392785,0
1.404273092139035,2.24836328593101,0.29572525543168504,0.09248402869142214,0
2.443753390719673,2.9036052473962934,1.0203360021570953,0.44193336667171906,0
2.8593212598847635,4.578203937631812,1.062154798569128,1.325160708235738,0
1.874252927909372,-2.2020336174471966,1.3096552005114892,1.3212836138444848,0
0.8343114295240579,-0.7371799931471088,1.3338350578909968,0.8718586661213625,0
2.7540440264599746,0.8926509801343236,0.8195968282787982,0.1680769739508704,0
2.31650487437991,3.094862249981798,1.3273766884174463,0.3360533197597629,0
0.8689315158614711,-4.217261462331897,1.0467940668363025,0.2541349194817438,0
0.38364786287254404,-3.22007292837701,0.9114664650229113,0.39651484403472687,0
0.482381594639689,1.8717234269725749,0.8818137078593051,0.08491392938607506,0
0.07476465256437959,0.28936279023928435,0.6608133307983413,1.2673019859436345,0
0.17451100155965205,1.1981775736771416,0.7901355445029935,0.9603991376595814,0
2.5227108684535953,4.7944749342529995,0.9081908091287683,0.20563921761220139,0
2.924422242067362,-1.2803326550096825,1.0948038626595407,0.5217478314783368,0
0.19927607853195495,-0.7475397256179299,1.4998151258891763,1.1320944646000497,0
0.1854420049501334,-1.9581999036763662,0.03362576335105533,0.5453036822450881,0
1.2638714279708347,-4.758916241406393,0.849790296747749,0.5980759362113843,0
2.778606321428703,3.087166480564461,1.3080865313351586,1.1721328337244503,0
1.284495092172734,1.571762397379901,1.1691491365231987,0.8566253088384655,0
2.2781560939429393,2.640268227830357,0.18888550213103766,0.3388640357525547,0
0.725415075100396,-3.3241740773418904,1.0161604669475044,0.7212284987698668,0
0.5546548988176807,-2.015440875327803,1.1873834287365042,0.4348018300763312,0
2.3747071594936457,1.9154527056585904,0.6617025523545603,1.1918332077823994,1
0.6616964442521123,2.5421724579302722,0.8373785834883971,1.0629332737155837,0
2.292080191970556,3.2673168960708168,1.327576785899013,0.8531911843511337,0
2.388594478615694,4.278337792978435,1.0106576457366547,0.10449055703296134,0
0.7153319700900528,-1.9311573129225867,0.4458635001925194,0.40479130487862713,0
0.702069125746668,4.923298763221865,1.0297184720410462,0.847772270881127,0
2.8949084539447036,-4.497662709546887,0.10067046206236874,1.3542143399328737,0
1.6452323809679825,-4.877231000695815,0.5728364273181576,0.504466899946695,0
2.4441760658570333,4.4818697317558485,1.0850839444854796,1.0938350215103547,0
1.3900293639976982,4.255033238343955,1.4708904652460246,0.14209604473507925,0
1.2575086546151153,-2.040634969673013,0.5506451890503576,0.84032634802345,0
0.28453104738243096,-4.1058455811573005,0.14749045355033946,0.9366226176968271,0
1.039617885487393,4.704902413751913,0.5596869886551118,1.3784530030331434,0
1.33685184995197,-0.6725945489450558,0.3661604700185183,0.3165184052022141,0
0.6998913147910785,-4.1876453801135,0.013657195255594334,0.4384618632041039,0
1.8587523452801369,3.6744732158898348,1.3517216231481435,1.1454278489855556,0
0.7138698343575537,4.237357848272653,0.2601601487145071,0.20230999583189024,0
2.009507381576484,4.519228942744194,0.14602600091138168,0.9223526714890808,0
2.534725949067342,-1.8073126935804673,0.7260175566499592,1.2536640197029778,0
1.237942575860518,1.6422676726198135,1.3092178371589054,0.768995878628322,0
0.2613360956944256,-3.550752162661992,0.9529933041920232,1.2319511960386178,0
2.393966087500004,4.460293692865548,0.08770983034962815,1.1422303998822558,0
2.9631689531072514,-1.0731237490396737,1.0851367421027582,0.30089902635850907,0
2.9518242447191723,3.951810067160885,0.42240466921773856,0.5293773457167172,0
0.909524603348022,3.661402003097585,1.3095581577599367,1.455598511806656,0
2.031412245677372,1.1177320572704375,0.46795493540292343,1.336820486043424,0
0.46501092501914876,-4.481743619350764,0.2262953470502031,0.8458886543690103,0
1.4890243021872824,0.8212475125206424,1.2955083129148517,0.28396492092739734,0
0.919265665226879,-1.4632721151530825,1.4605579263101671,0.020802512972481813,0
1.0363559530967326,1.2633773855801964,0.38905775230427414,1.061023279495074,0
2.038802279517111,-4.291283113393729,0.18569040656786684,1.1065513739741601,0
0.6973624227606803,-4.733520867565505,1.0319039960526153,1.4554068386726764,0
0.46430053410780314,2.927577371297706,0.9602082639195548,0.40756650243146975,0
1.9198701723677134,1.8276456303385409,0.8782756392160328,0.9519041282082047,0
0.13059020754238182,3.254556492287513,1.181330720857885,0.6206187082564663,0
1.626875604579806,-2.4088840569975822,1.293280871498729,0.6672428837793065,0
0.19739184831628787,2.737887528286622,1.346258191671603,0.9077009493366854,0
0.4553406657542268,-0.24451027341391462,0.8397763607784818,1.4495900022033705,0
2.753829834735285,2.640837981862183,0.17683612356793876,0.2491107777822657,1
1.7479094328894025,-0.36308188849059597,0.627366385158117,0.5704801167748524,0
2.524828821682226,4.151080448565999,0.4954410379355057,0.8182088908916405,0
2.6999855966991233,2.9323819856748017,0.5747033367586654,0.1020174572519128,0
0.11124691793105834,-0.45007574611055556,0.2811146280337373,0.43973770141582397,0
1.5908784304072814,2.869806488108777,0.608257620166428,0.9761200139120185,0
2.99571924762438,0.07622205432182039,0.19241263332556346,0.6050457412461383,0
1.5741024548240692,-2.8148002773966763,1.0347264647786383,0.6371714439066222,0
2.4346466263360838,-4.06056627309887,0.6100923694931304,0.051114329125307,0
0.9147559121857122,-4.345666852992541,0.7629110989723562,1.0811264682541646,0
0.05526637277724655,-1.625700689565841,1.1577245521263317,1.0637591950813525,0
2.525180874614541,-0.03000926034015894,0.501884931596903,1.2174052929667338,0
1.0645690121197902,-1.6713326552879062,0.018632406516145006,1.0533688447172556,0
2.8567068135403577,4.9813944638645395,0.2710877759226336,1.1389692537518998,0
0.05429078941908405,-4.7337095455327916,0.9042586079786767,1.3259341015638315,0
1.5839571279988236,-3.190399097240453,0.41282870376556524,0.11663013689379914,0
1.1844422084928978,-2.7782349755911175,1.4463655966917939,0.4481379996766161,0
1.7586785643528255,-3.4221433596992745,1.1000430612595415,0.860742102294393,0
0.7692384091374231,-1.4347452123813618,0.36427522038079946,0.7410676096222699,0
0.5618504535409489,3.794920134037822,0.5871406321754993,0.3829072136443325,0
1.4552190449111726,-4.0471468002209345,0.6698651369038788,0.8330930803923142,0
0.8154162492820094,-3.7635801102101363,0.39572143613496746,0.3451293885536814,0
2.343237556160719,1.5831483499227588,1.3826597435438164,1.4154286751906733,0
0.2567525144621402,-1.835052699016714,1.0067382960704059,0.4951000457518649,0
0.4723797623195388,4.71193153203968,1.2286407569348745,0.4933845971230001,0
0.7239286266840694,-0.42866328346286764,0.04654255147230557,0.8159474054408505,0
1.3071937136354599,4.14794698664396,0.4329363496627849,0.9162921583410065,0
0.5182811966441399,-1.7374984967078477,0.7007974336258651,1.4402511320046743,0
1.8871289851925555,4.0761236937920415,1.0857739976900915,0.7147775524277604,0
0.11102794235064939,-3.4817291420232888,0.5716806341070968,1.088970354575148,0
2.316265258481124,-0.1517029289755003,0.990222375602158,0.840699061138274,0
0.3592648067234101,-0.7422507474240803,0.2872735315444412,0.33856224141167884,0
0.812278669759004,-2.8071163775965147,1.2137197033600486,0.8919793616985642,0
0.03425421443111332,4.306715054359758,0.06808008234574442,1.4680284651123192,0
2.20883389933844,4.958643317820851,0.01612921180180671,0.768074303096451,0
2.2761440617145587,-1.0019623209474582,0.690092849588255,0.6064729376906464,0
2.754877950381692,3.3823076637088647,0.13669136367497364,1.1474448913799355,0
0.035166190281457954,3.6676148839859266,1.038627888992767,0.5886979159316799,0
0.96351634551668,-0.0034211919448594585,1.034411867146049,0.21060261996370627,0
1.628694059118234,-0.6708329524409997,1.2138374903730598,0.969611618864656,0
0.7020980680890208,3.0632618274425205,0.7174185234531953,0.7548511120723277,0
0.19923570404350377,-1.8436863381451616,1.4277699144025557,1.0743989027118908,0
1.5161349612786026,-2.7023604345247554,0.22675996882479116,0.012001302315959417,0
1.7135125122843529,2.6932598569598563,0.07494773505620939,0.8733620685090526,0
1.4098774489152017,-1.7053637513753328,0.10093050085335437,0.21737937133223922,0
0.3929088976459141,-2.818658137883906,0.05739948416596319,1.118432070143296,0
1.8739932651554296,-3.4351446990370835,1.049029963440117,0.9231301013101124,0
0.412204031912193,-3.713868730634914,1.4217596461959565,0.3546610590157669,0
1.9310022793416044,-3.0366244758991723,0.8258914222411151,0.3194040402385592,0
1.566864869532968,-1.5448441021254333,0.24297586427851098,0.7491574579852814,0
0.2689318697697879,3.080185394019022,0.1431615333765477,0.7963251137079483,0
0.14529905389715725,-4.89367076933571,0.008708710131931419,1.1135471392316225,0
2.575780683418019,-2.2463126891031484,0.9869654780259521,0.062276694647588726,0
1.774464332183979,-3.8266951367973325,0.2926561690603363,0.1046729821708442,0
2.9474185862693627,-2.8306155019598265,1.3827056914130247,1.1164926909740922,0
2.876847577879859,4.808767788426026,0.46361752132503975,0.3752463102075309,0
0.4369666621597048,4.304905677298814,0.31475943384447874,0.7786559291048173,0
1.836059938270878,2.980487715090547,0.1630751570338731,0.971003083696704,0
0.6995033559614776,-3.9916806968991345,1.1903515835571117,0.06256385902917755,0
1.4736132901753374,-4.935436780633991,0.5273763817592537,0.6238743250858385,0
1.570747533175759,3.3586724318362524,0.10952343319166052,1.2796683979315433,0
1.592228643216579,0.4817175485576257,0.43171356999367283,1.4320962810835245,0
1.1636472874338044,-0.9293020208461407,1.4818481393946983,0.18120989239019353,0
2.6311875615991047,3.762357472046853,0.08474741788711948,0.8503019950954027,0
1.902122703979642,4.65364488103349,1.0521121939801867,0.4735078975755733,0
0.2953091724072112,1.1657353003070048,0.3816262621896276,1.1789388027754844,0
1.7865182130676742,3.5137645424505948,1.1562925866095672,0.2850549563063877,0
1.5668306785740613,-4.466172477961959,0.6951124412770562,0.9060481738619006,0
1.7106537988455348,4.135539278041305,1.293662734684469,0.33063950696357264,0
2.9747035847025245,-1.8869973601094925,0.17972988823568542,1.3087057593733593,0
2.2086539233164566,-1.2454207725668551,0.24959194558493342,0.6692276447291211,0
2.4505407973194346,1.111596058955434,1.3388872134854917,0.9681276254243454,0
2.6439279474762136,-1.114102226095878,0.6563226705600945,0.1817987333578941,0
0.6813414034683617,-0.7405206166443872,1.0928601672020035,1.3323472332793802,0
1.4286571246264697,2.9224636331662026,0.5872713057354979,0.6629657084428369,0
2.480229238103504,2.678760145654162,0.26173856608640406,0.6361042802309493,0
2.4507476365400747,3.5325734898528385,0.34534454606954534,0.1430327598110901,0
1.5672108755421017,-0.20796099348525487,0.6754302336648632,0.5603043140504829,0
2.2430584540188194,-2.2601963070910838,1.4816103276371657,0.9121770716368324,0
2.7967295174973263,-3.0489974032506506,0.673652193875139,1.1637223011902114,0
1.5674493075725713,-3.2223436245432877,1.4810505137718204,0.7028459287406184,0
1.7503249859228007,-3.095598379871831,1.1256589795655323,0.13040419038279089,0
0.6501983430870981,1.0880240201010425,0.4261590541819717,0.21850776820857348,0
1.4117229744739581,-3.380646468953228,0.6121251398385366,1.073636346989034,0
2.6381207934644766,-4.478859484098969,1.2025768643072983,0.09041700259823937,0
2.725379943573061,-1.1192153931589086,0.3988099999899688,0.9707294046580599,0
2.52267408822408,-0.8438437398337779,0.802491544171466,1.075976726676819,0
2.4409163340794784,-3.125191805084835,0.053185053609314026,0.3511681721487652,0
0.9195304924583083,-0.7641745783575775,0.025712508203474482,1.2748062916921874,0
2.359034280570997,2.6309140912214417,0.9010712051426135,0.4811435427105255,0
0.705630003053359,-2.874619896026217,0.34863397936593954,0.7437140598578347,0
1.3376729138182566,3.7105192400338503,0.38680011816793963,0.9746209197571813,0
2.654096230072249,3.4111353366434667,0.5781151605894128,0.47989783070919195,0
2.980132921653688,2.530842708920825,1.1744592849082491,0.2594242906991622,0
1.2452716160517108,-2.398293391326367,0.31180458960272933,1.2043782661259248,0
2.1165001406696153,-4.608132291416387,0.3234701158356244,0.15974689882505072,0
1.8666028720535466,-4.133270741018188,1.1129980541852968,1.1328922250755034,0
1.7293563854885916,-3.3291943634800294,1.1808996141172798,0.8458253649983878,0
2.3002758607194305,4.9329615263976425,1.0738845535168535,0.5992040994278368,0
2.224565843068927,-0.24127342414694652,0.41445762508384615,0.6070130860574277,0
1.8792091745298,-3.9029677556763542,1.0212328187838944,0.2983428202283927,0
0.34900541780794114,-0.036484048122721546,1.1217529360965781,1.028500517647818,0
2.124090089354751,4.737868322650051,1.1617058609428672,0.23566573413426317,0
2.3178673680322306,0.041794307218819604,0.7196540795266624,1.4740164555885689,0
0.6355754744687631,1.9026090313547979,0.6633717542244806,1.1778002541162345,0
1.6015552336133838,4.667110290845574,0.04085573630160588,1.109258081898487,0
2.6846520843609074,-4.918021922778023,0.25868074336023605,1.3902303593983238,0
1.682477969875274,-0.7584890806358358,0.14354650283705428,0.6764289749353356,0
1.7171911487813531,-3.99655996638589,1.3907679285851442,0.6498873253729107,0
0.4754579084628149,4.219013879088285,0.8019853050302729,1.025597840776865,0
1.8143000611543616,-4.382088827058577,0.9194549695999608,0.5507780930086683,0
0.18639626584932045,0.012450582270705723,0.5002040727132564,0.9352753392408568,0
2.3329399309267482,3.077780791340338,1.0677509053726106,0.5791161540112505,0
0.5486649741199309,4.6557648637135305,0.7374856289273058,1.1327096215509673,0
2.256826665201415,0.09126177163696703,0.9273377836073999,0.12787527078897865,0
2.0671537269237437,4.439212416406718,1.0695860465084817,0.5722137621406916,0
1.4521702681203887,2.7534663415591343,0.4132716563790212,0.4514445216657953,0
2.7454102820106545,-0.7120931013372989,0.7251747959399371,0.9984579528197006,0
1.9033057320388056,-2.0293578868566153,1.096806256015445,0.049205319473683284,0
0.19226578141713924,-1.1881395271830844,0.7754635509568565,1.129302093322521,0
0.10414118556137153,-4.562634271873839,0.7614958367354939,1.0293206506600923,0
0.8976462087487102,-4.704873927798045,0.7967318156036028,0.656028268449657,0
2.5025000835574023,-1.2564632133481446,0.8292912723160737,0.5087786516605397,0
2.8200759513102795,-4.577787714882025,0.9671761676773358,1.1692725482459732,0
0.6441936721168205,4.806689825677706,0.8846856542415633,0.6044519208352825,0
0.9361663206988835,2.32347400797848,0.8087112919655504,0.49401328980265025,0
2.2930547101625014,1.4387537523248177,1.038232198401714,0.891323588601036,0
2.5552522608802906,2.9492332187488133,0.7712908333547025,1.4934863953627437,0
0.691748449766671,1.743012073268293,0.9245246160381683,1.4190524474438002,0
2.088046802716246,-2.539433100157952,0.03674559566719032,0.9823509303888045,0
1.569467530586369,0.851622049760115,0.17043085833737792,0.0703035500983642,0
1.1023833399174643,-2.04776996933143,0.4151617897291292,1.448011491915095,0
1.6032554591674137,0.3688672707755707,1.259928126970138,0.07031401085687627,0
1.5906366185694805,2.4045342493020208,1.2709341318458403,1.169068695860363,0
2.5904069719390614,4.092498103097164,0.40138441595118335,1.178858105643009,0
0.9660869150981208,-1.846884466999199,0.73356265560135,0.673141593895095,0
2.5483762044341574,-1.516542872245521,0.11663350606823425,1.3920670977188687,0
0.032897791762749984,-2.153084937233687,0.539296864243261,0.0401734220164614,0
0.3432595638298336,3.4179596621075614,1.0867396155414104,1.1199450773287767,0
1.3052280824453113,-2.492167889422352,1.196750584180801,0.24041485379200805,0
2.751129917189464,-3.28331452998472,0.01388829882859599,0.5551299887973039,0
1.8738891000223423,3.3988836318033773,1.239262173423711,0.9128636463349388,0
1.3482486578070456,2.1550845298640144,0.1400528593851587,1.4374495879929978,0
1.6059894792301561,2.8758652152005695,0.14173933113863701,0.037781684290770556,0
0.14677996108100866,-0.6103522804714236,0.7891428581261584,1.265482772003382,0
0.5474977027595588,4.893869204845835,0.16607306848235587,0.7426433447094318,0
1.5670119635292616,0.7087087313317761,1.177171741094721,0.466389327680457,0
2.671103060133902,-2.3781009648097227,0.6100730905546304,1.4493070771234293,0
2.563679741487952,3.3643371208710278,0.8716822311681223,1.0374880623336824,0
2.53747553448438,-3.104435946915652,0.9452608706588289,0.22601669743007802,0
1.7990921995023499,-0.9346809003434977,0.047942022797585915,0.9961142160621284,0
2.773184236526985,1.4367420763998586,1.3512126735018224,0.21025846057867498,0
1.5380055019004302,-0.18511356377009403,1.1307198397856515,0.42184237113807016,0
1.4191431297705757,2.6867323340078926,0.18803564240831222,0.4856928934735155,0
0.9248486398273789,-0.4830363267208213,0.8920804209515005,1.207921516707775,0
1.6313487446559543,-0.1323286586015504,0.6461968802945186,0.8820624854088723,0
1.515022741595058,2.7704513688127506,0.6332280211649856,0.036396456504871166,0
0.06955793679326994,-2.7066175052210264,0.17311442484992096,0.8582000228812883,0
1.3626495417515554,4.6067392615778555,0.716744592412374,0.3135162883210875,0
2.130050694946303,-4.6821367569714365,1.2249677848273413,0.4961923469228823,0
2.991636248592361,-1.4812087917652406,1.4336549337030802,0.9154465361818576,0
1.7469003562946606,0.2931154721291742,1.074151258173631,1.2704292361147673,0
2.1458617104341924,0.017885867938575828,1.1846218675902798,0.6545674700753441,0
0.8279541267261575,2.0326407213627338,0.6904126612419859,0.009189800292130179,0
1.3998195910104014,2.75760530661037,1.0798997414463019,0.24570349525428176,0
0.2862002935035636,-2.8908254936772018,0.35406092856887733,1.475734587345578,0
2.8265995085898745,-2.4441327503187726,0.1891474853559027,0.5254499194593292,0
1.25169742432843,1.6153818826333177,0.9519819520400825,0.7319598932116779,0
1.6856420447257001,-2.2565204448937393,1.3500256505688075,1.090351494532125,0
1.8433753111825177,0.45084831077951293,1.2214058633470104,0.7509979769779849,0
0.2968665777731522,-4.651241057398709,1.1617838450562694,0.2548356897588054,0
0.8753541408431446,-3.3921876919952645,0.7228865607879101,0.25323599843070643,0
1.2543620995891622,-4.518493141684172,0.41737376649914437,1.476415082880681,0
1.7261770170517972,-1.5372029500498305,1.3640712184277506,1.3086891597435053,0
1.7749599339097877,1.625665089964973,1.4102044729879297,1.0406023878766226,0
0.9637763464874608,1.2163302620521854,1.4987131079209792,0.22378055175679812,0
2.8265985786564505,-4.993421131060805,1.2813340219027967,0.40401110757998676,0
1.1730273824252646,-2.9173814151127733,0.29773695488662116,1.4861385336995057,0
2.93080770578966,2.3403974358002184,0.891976406908874,1.050565960355816,0
0.7891093160430817,-3.1565903063292975,0.3758658059044437,0.36674898233142883,0
1.4501098052962658,3.1319032694185207,1.0131071989475517,1.0751337084096637,0
1.361934531376186,0.24653742888398522,1.0657485898894237,1.3333389986442947,0
0.055088156787625464,-1.7871348721982336,0.1953418256175437,0.08147863915014292,0
2.6760901498019933,4.278651507744341,0.4770591053420761,0.5430885867406037,0
2.7667324821380084,-3.7544367020387757,1.4058221966088056,0.954611929300334,0
0.9667453827251733,2.684647072177918,0.1311481909616844,1.1552692737683778,0
2.679943913438522,-2.4308012682216296,0.2554973048939535,1.4322939490411932,0
0.2340524382904381,2.9644564332231296,1.0153782472425226,1.4333108485934098,0
2.303518232754408,2.421276616655925,0.4172487603002165,0.37631169263471514,0
1.4182935388999007,-0.44472688257287807,1.2761339129526081,0.2814352341629314,1
1.7483965353674198,2.467884378165051,0.7413085323714127,0.26413056374519545,0
1.6160008649526068,-4.536580482215669,0.3601968745563809,1.4128525835728587,0
0.6256510124964074,4.032577700565421,0.6335568776411764,0.7775546476594293,0
0.9578058371986639,-3.8391371750585144,0.07272922051621383,0.23646491025675737,0
0.41403088721434256,-2.7332743380608147,0.7672769268185903,0.5537949367485893,0
2.990939249427627,2.779161589281279,0.16999082013708028,1.3236100455095146,0
1.5793664288980283,3.948207915315285,1.3832548882478761,1.2430216822292273,0
2.850763411990396,-3.6815306923458557,0.7119655363034899,1.2637688395991697,0
1.4308328131523718,2.410437213490205,0.8523163161010513,1.3407093771350271,0
1.585973795810685,2.812092324698968,1.0143778045796716,0.500363013370057,0
0.9330127042664313,0.7308121825510838,0.7748056851018736,0.9250653456412212,0
2.2043703953046374,-3.8501217950796573,0.054911732321452134,1.045708119612412,0
2.6032891512798617,-3.244809566201634,1.4792646533996123,0.5931820492942277,0
0.8626386681153856,4.36973911601063,0.5450419453142665,0.975096048608924,0
2.6224473541226896,4.099084155669322,0.6103101891934046,0.6730800202572079,0
1.961529163351407,-2.847770881664944,0.3892407877462691,1.101327282543764,0
1.3948008679570134,-3.6713907473844,1.0751639700137117,1.2809283291084474,0
1.3451935729407278,4.062073545237935,0.3231106061162718,0.4354148364157921,0
1.0255984535731506,-4.61037695145992,0.3759245599212278,0.7512999943159469,0
2.567773739384592,-1.8316064752612302,1.236638407884885,1.488105290056439,0
0.67564806517586,-3.576133247159623,1.02522196167146,1.1548178856675702,0
0.6910099433638731,-1.7829052046551674,0.4882052179239393,0.06038722752243775,0
0.6632420974886519,-4.75992460880328,1.291877664222729,0.9205740319745309,0
1.8772461095136677,-4.014104563908948,1.4664911439765795,1.4596285288340298,0
1.2504322208301897,-2.5223220238939623,1.0530916180782657,1.4197658643563886,0
0.37494240628557074,2.693110088427357,1.425333655806479,0.03496221247363951,0
0.9516190464939508,0.6290378309811615,1.167086975899589,0.2584761749307339,0
0.003611376221043461,4.759303166510046,0.7686423923078503,0.7923310010915561,0
2.345008045244365,-2.670011114147136,1.0952754702481378,1.3788277660233323,0
1.2368662500469414,-2.577048909581662,0.6821922534417035,0.6042729513556288,0
2.0676011368885416,-1.5217013605824894,1.1429986967955088,1.440281165834183,0
0.1916022974454511,-4.866586128999462,0.9895989545441054,0.3108278515536063,0
1.3473154586350686,0.5498256749571997,1.029409146497517,1.1287521584098184,0
0.8141028363319739,-3.5404093582017095,0.27381089529768854,1.0170946436022117,0
2.301977173981512,-0.1978032396389784,1.1010195990858767,0.5094743173752447,0
0.959440306408163,4.426245112489095,0.8798590631352332,1.4748689838284208,0
1.4854147971117069,4.859463539037538,0.06318808022161237,1.2917369944687418,0
1.386873890373469,1.0709928089891,1.2165352590568377,0.5191148699437909,0
2.4828222169923366,4.464613447981527,1.3587334860390303,0.12651821148146075,0
0.06276198497624186,-0.7940031538908467,0.9700925014995117,0.14551301631550972,0
0.11655689613557774,3.8775992556739816,0.09599293905056144,0.9784195376133293,0
1.0372528627726085,3.7680391532167334,0.47183315113215357,1.127916297758353,0
0.2797805232668342,4.906375022488662,0.8330747391481246,1.133814361602981,0
1.840361083120603,-2.6207463126957453,1.087095137775463,0.36002354694815847,0
2.4517238440124567,1.9472700383116068,1.0288137630513423,1.2416583272631643,0
2.1619751626452928,-1.4224140625321127,0.7152788055249248,1.1365814065553579,0
2.119761611547762,0.26108197231016206,0.6050926373045733,0.742404810784961,0
0.23937312755575413,1.5206454654254067,0.2877633186736647,0.4101023497296638,0
1.2720653006728682,1.1766296402743714,0.9583205559151948,1.482826225171582,0
1.3942617056983355,-4.6544900760126895,0.2578507221263548,0.6970308763626355,0
1.6051040015586489,4.234571425948786,0.4057279460018724,0.7307735351921825,0
0.6861219225435968,2.1450605826460825,0.7888624746564189,0.5739068949993917,0
0.30353013398535056,2.2461746870579704,0.9393839916698652,1.0188221700156959,0
0.21927197930869124,0.43065356179895886,1.009072750196387,0.015312806607880314,0
1.3732227088267681,2.5666279368965474,1.242200877223354,1.41547641624692,0
0.24998881618884128,0.1500005622003462,0.7007446514043324,0.487485094046809,0
1.8102942579945869,3.8921774554410877,0.862317433215773,0.8167518393254516,0
1.2377760429349403,1.3829573395990007,1.445486306474883,0.6882977916798777,0
2.096491675430001,0.1465781929848724,1.271836022684276,1.4287724835726934,0
1.1943837144712526,-2.132867476274034,1.1326451056316937,0.5095541936314403,0
1.090448836035195,-2.816155324235914,0.8951030165206463,0.03683933877264284,0
0.4122603655318694,4.632793449886902,0.4832081424253076,1.3907221949629385,0
0.8092628543778929,3.664217123948326,1.3766054534247885,0.8637149522620233,0
2.382210837404288,4.987203781176717,1.0360335626200217,0.5959918622407856,0
0.058067005626792345,4.516905425194597,1.0606324715960016,1.4330370394237903,0
1.8211078254090014,1.1298767995001588,0.1368693709475366,0.03429027244284061,0
1.0308120062999602,-1.0104119032374692,0.7861202356822274,0.9321223178227248,0
1.0810805562749268,4.054873001974018,0.4817990253102325,0.7153267217826341,0
0.14431020187370025,-1.77592124119748,0.44150932685970257,1.3166115554706317,0
0.9178342188461008,-3.2114645980309287,0.8553021311307558,1.460189532153613,0
0.30643793639476047,-2.8222500031687368,0.4686559443960279,0.011597715952919918,0
0.33917874588040664,-4.728081741641699,1.1257630887382364,0.7357568381354376,0
0.3130450486763351,-3.7457762664716565,1.2161866753242698,1.0832523765562352,0
1.379942905497464,2.6034608874135365,0.4143426978623959,1.2902547798169735,0
1.5446091616444801,1.1378593102522183,0.8835039189545825,1.275692592354709,0
1.8043252393961517,1.7387697669836113,0.8267236670963398,0.4733971772555793,0
1.4544503057205795,-3.865801051367319,0.9317811638836051,1.0260885042051373,0
0.47124730784772395,-0.9723850737802575,0.39198292574114835,0.6570542953174165,0
0.21110324296862337,-3.777738663260537,0.5060614255773708,0.29728669221857523,0
2.300988166379094,2.1218769860416975,0.2653353665336679,1.020683594994422,0
1.130694373369007,2.1136056102163225,0.29487096147094266,1.0014871785973365,0
1.2564069585575393,0.14449131884440547,0.9585623496391562,1.4505912235373546,0
1.4564707096233867,-3.7570092055751205,0.7362084668470512,0.5961444142960235,0
1.4327850418666788,2.6946457613195465,1.4427441140390544,0.805396161971803,0
1.4204572107640994,4.574556252677519,0.3522892761618142,0.4940836242190408,0
0.46862717692352696,-3.2603789582364984,0.7744529041090937,0.11492635504419035,0
0.3054107194282124,0.8216102737987807,0.5291834229012216,0.2429397839659192,0
2.668701171071027,-4.93982338543531,0.31654296914659663,1.2165890081389488,0
0.5878987869460522,1.3114273723794847,0.4977275273545563,0.5877732158680559,0
1.6402212519692196,-0.7703155906852963,0.08826940597111083,0.6659421673466187,0
2.9566585164493393,-4.005693404871455,1.4099067540850014,0.45569203290284627,0
1.8930803576238486,0.5698700527876808,0.3932096953815331,0.34112394848157673,0
0.875801425412652,1.2633829703130948,1.2492689638266379,0.7437373905381643,0
1.0476943223026902,-0.6780802396784269,0.578758774146187,0.10296574608199227,0
2.9407532734434216,-3.1730867796040862,0.15829525808508965,1.2350831529426731,0
2.7616765988538843,1.4113708063555732,0.8829097018899577,0.9999894530863036,0
0.5376959498779853,0.3080971458575128,1.378504484829192,1.473052326368031,0
0.6771180727261773,-4.964930659728434,1.107570144717422,0.6071810347238682,0
1.9777708470017301,0.9940210093583826,0.7972824663468798,0.9382846577725239,0
0.2949721079337908,-2.058594382896255,0.6512207528264755,1.138539177490725,0
1.0798380160077001,-3.7514909643606495,1.3890768701998297,0.6741409025567509,0
1.4676827892452136,4.4970789752604965,1.4635771498632655,0.2854344703160266,0
0.9426232431625597,-4.306871224595574,0.5192438308433911,0.6250658593727616,0
0.8755073927395813,1.575095625302736,1.288033220833073,0.970030371725255,0
1.7376743554759828,-0.27215648432838524,1.0397566938823324,0.9405823687179884,0
1.0598836656181927,3.5839506266270416,0.36125973495028907,1.4678737460432207,0
2.2124690162063536,1.594062778063968,1.174055231982058,1.0468164782499474,0
1.614576004371056,-2.0455587518962526,0.41705638780363724,0.7230818593484803,0
2.4440524591963424,2.49462707066707,0.39824542284698433,0.7927177102740324,0
1.6768615928678758,-1.4263094891915484,0.39342082313626175,1.0360009231398983,0
1.470775367713019,-3.0576237872050904,1.4356589186173496,0.5169227874531563,0
1.5181012762503419,0.6360197923276605,1.2788375233105649,0.5075441225384333,1
0.3659255330046236,0.8299169667961337,0.9045613002448102,1.2824824158479198,0
2.005202695525306,-1.4574269722655053,0.1956642673954297,0.07886140120327179,0
1.9589630621574547,-3.0261142175033195,1.4588280570226428,0.3772749078508834,0
1.1742709571548444,-2.326020824257118,1.2690303975777018,0.45054843509041276,0
0.7759214915051433,1.75679534159425,1.2568553365988735,1.2282971965792648,0
1.8188897486039801,-0.020513506597693798,0.420570046849394,1.1417745896936595,0
1.1006427086606863,-1.4585996245479405,0.823959844502531,0.8340621629975925,0
2.9427344156728252,3.5514462100576196,0.49515346987127257,0.19637658892545173,0
2.8523929708819598,-4.523452817360386,1.0231602717249704,0.10522980761569811,0
0.08381692429166421,3.342017369442388,0.4746145330219935,0.8221310060068256,0
0.21498575585777657,1.4548492913731135,1.2853250723507288,0.8056442178759396,0
2.5056669635116267,0.911137922839206,0.8372823350214029,0.5313323566218062,0
1.1348770927560716,-3.2931224500939402,0.06530430780874252,0.2172001180938291,0
0.02540310836404569,3.0183833428217284,0.8438180925237971,0.03669395855349039,0
0.11720727109253681,2.6414372395493615,0.003962567063513056,0.6854674993447185,0
0.8905811222497925,-0.601655517297699,1.4688070069529044,0.8079253109459386,0
1.9144665678011954,4.73546184522699,0.1659871402385948,0.023410573326253625,0
2.688945728564267,4.237754003149025,0.5146576228243693,0.8413472886633793,0
0.11561079708779876,-2.7571674866227203,0.5626201868702705,0.10306871056530392,0
2.2173612685681032,2.978165049297397,0.7447913872790319,1.0579430308173863,0
2.3737256602366688,-3.168667478227899,1.3642348405095759,1.3931516165954028,0
2.0639230144672407,-3.028451276426374,1.0023878698537556,0.48262540553999106,0
2.7829030572333444,-4.44782193146121,0.21365854271505264,1.1224435171688838,0
0.5192901216464503,-0.46470200328833755,0.4662888965408988,0.608676336278918,0
0.1827130830265663,-4.395237600869275,0.5323391937537241,0.3746285967649203,0
2.0987123770879945,-4.095655517307419,0.3439921069435478,0.5326303404791913,0
0.836696944431415,4.538873852071259,1.0948238051266108,1.200496894245659,0
2.382249058546065,3.3521675854372823,1.0808880311380147,1.3533297505795197,0
1.6508505237594027,3.864417806510552,0.45679593827233744,0.5167065909770783,0
2.883168791239414,-4.395637246445214,0.27293829653899326,1.46022354888511,0
0.036660425496719884,4.756037484259554,1.3622405784172058,0.8839877254715998,0
2.155247125461064,0.06095298560414264,0.2544430383076234,1.2491824608523414,0
1.4709441550921962,4.7075483611015,0.30935728108407107,0.26659525610585577,0
1.348552330215427,3.4486781635926,1.1781537719097315,0.14278822856734996,0
2.36423224491602,3.358084362411301,0.5929460707645816,1.0317820432013656,0
1.9368717508989346,-3.9272306896394094,0.30918226443239555,1.239239883558312,0
1.9915891620191646,3.927247942816619,0.9751251298121177,0.6969707754842105,0
1.484423032930478,-3.474660143786185,0.32781673679423806,0.1503974309681217,0
1.9070936560724303,4.523720031296573,1.3653874608164176,0.8400913304681397,0
2.2208569473768454,-1.277164754885841,0.08999838066474153,0.5036906875084768,0
0.457217474082771,2.7050760266908638,1.3180322965448787,0.4013464234983456,0
1.0670583158734412,4.229263939046437,1.1591948082194719,0.8846613037988638,0
1.1886103347376515,-3.9381271481877143,1.4451948412240792,0.8996944361506511,0
2.1467711588889826,-3.1424805791008747,0.19807905694019362,0.11250762511107631,0
1.6518818093718175,-0.5832321214102931,1.432126927879135,0.6291299375955057,0
2.1212653168618325,3.578976558918164,0.3488973024918502,0.4830444383337782,0
2.5614844298108754,3.0908634288127796,0.9309240071340757,0.4571100069496662,0
1.6900613605059815,4.529147461462028,0.06390762836609992,0.9538924368646611,0
1.182350218604273,4.396437760335035,0.4715406224435272,0.49469779701680544,0
0.9540932781757926,-0.06426641896110663,0.6930455036743399,1.127602182309042,0
1.0945587691860243,-0.2593982851885368,1.0134904475929956,0.25053770554298077,1
1.5491038242624406,1.8053783644732686,0.6235517427699663,1.228032184355024,0
0.30818187628328364,0.03266623656991818,1.2952452888869974,0.37297148796507,0
2.705024172760296,0.8993839516460298,0.3823387435690132,0.8849054803463381,0
2.6610253207522256,1.8211071627982092,0.6792198567766101,1.1423592740128035,0
1.2774840837852408,-3.9586480039834737,0.7817071932935411,1.2366225907145059,0
2.159298477195186,-4.3372278531869775,0.04844572249848034,0.34720367418647746,0
0.6991575349409678,2.384127593167027,1.0492951478244819,1.3885381513941888,0
2.901986513591556,2.224909137122677,0.11942467983124083,1.2183812054007233,0
2.1873888687835565,0.6314764966390012,0.10110647139657797,0.9161474480551283,0
2.2536748368008013,0.47019405123117153,1.4997429751570355,0.15705419524649888,0
1.8778183873437286,-0.10930567210512798,0.4648963858686346,0.9978571902739248,0
0.5951059558694274,1.1359984759319826,0.894381402912396,0.8863509289186933,0
1.3351509600396292,1.0475068335770654,1.0568444158472772,0.8072421337708923,0
0.37266631104472614,2.5489869485757533,0.5388046113432488,0.7952532217304085,0
1.615309019777692,-2.7056784935023437,0.46783718221098874,0.2088537099401827,0
0.2815050680181491,-4.104906670326382,1.404696836018868,1.0632896198237363,0
0.9221877768679242,-1.7422852197353134,1.2813450375334352,0.47528848090015247,0
1.2928654817607919,-1.6844077328454143,0.27735805016569,0.23562813287292161,0
2.39791143968402,-1.6308543441137435,0.1056577341842852,0.2800702929401592,0
2.6742898442009606,-0.5428893960767747,0.1380293429045819,0.2670667155272864,0
0.41223970913963703,4.570757800062514,0.8900699575116578,0.6927071342353766,0
0.7753728276266019,-3.220899354474276,1.0923787800857152,1.2798747471986571,0
2.451238456436184,-0.5906490726237816,1.1518453266599762,0.07412976740394894,0
1.4118893390371623,1.5946756330457559,0.6905365189814048,0.7791246908633467,0
0.9810894527515482,-3.8420739556073116,0.11488880830418974,0.17219283045304873,0
2.756863980975804,4.998217481570654,1.1587933755300108,0.1927456353905101,0
2.233078470972856,-1.955974578118731,0.951306643649684,0.8898773643678608,0
1.8609225717132907,-3.000129434602423,0.45271150861937426,0.9134606715835754,0
2.7349975254646344,3.9370265719810824,0.42507726230480064,0.24276295921468927,0
1.8707361764890775,1.708311291824769,1.2124119346220934,1.4797277975383625,0
1.3825418630444108,4.170457473828083,0.1368607567115589,0.5032662249684212,0
0.07171371420385098,-1.5426210442677735,0.9579556932165276,0.8970730220988598,0
2.5828328810840944,-3.5907127658276394,0.7652642785906115,0.009115836498431118,0
0.411272522670023,-2.17550274623058,0.6715510841649392,0.9825543847554727,0
0.4803624315630217,-0.6777205784235534,0.8751798098182537,0.22118981504310875,0
0.6100585927762446,-1.2934980449297386,0.33176533086912596,0.3163678779021177,0
2.0968725700495803,1.994174427264003,0.07971084233462467,1.410327699878787,0
2.8343580310396446,-3.987880638000788,0.3840537393155685,0.6212760953018442,0
0.7970199084285758,3.8005702390269303,0.5790643975951415,1.149532048861655,0
0.8106530986994707,-4.819489491275216,1.022569470668327,0.9979309023319889,0
1.9821066518596724,3.3307013431399906,0.46499109811322553,0.8601420287305481,0
0.1636196111572128,-2.9925030758685245,1.257297955161031,0.1322963164376944,0
0.9190315861372235,2.597394304946886,0.8868164371661973,0.2735568441201686,0
0.8220827478798546,-1.5117763012854213,1.363305649821435,1.0222704363014399,0
1.6588484104034795,2.3054365030537802,1.0923854839573777,0.08173764862040572,0
2.128945036930871,2.896588263214711,1.1014420871439947,0.18834244309553055,0
0.9316267214424008,-1.5878204696834541,0.6070728940997714,0.9358129551285932,0
2.621980710308165,2.0884157815436577,0.4171077043013674,1.3288981500327341,0
0.17617022544344296,-1.071789779154273,1.0169303780507115,1.4742075667627692,0
2.1096113729470143,-2.5342565952062,0.13998668534937453,0.30919848150813317,0
2.2547217766763534,0.043044634451994135,0.18006066726981979,1.4898908862388347,0
0.725809264656908,0.25137157121597475,0.5623651996986336,0.9071199983013519,0
1.2365421192614514,-0.5848526903542766,0.6495546021350594,1.320303473015032,0
0.526065508638253,3.003684501475341,0.0652238732207549,0.13429669230007557,0
0.13586845895173116,1.6392787377255242,1.4419816727463712,1.4250407563884573,0
0.8692874806626274,-1.181268216719471,1.4462626165846344,0.43586450936196036,0
1.7207123304401257,-0.7349531871144066,1.2669271828900168,0.04820204777269094,0
1.9849857157119175,1.9622454729400207,0.8358221416346681,1.359256328733736,0
2.4641254346988135,-4.451793195093607,1.3583776753135743,1.3001179500833582,0
2.4793662383602166,3.962480651112031,0.1279790745425436,0.8433158747619873,0
1.0600576982465624,-3.3716005194792142,1.0857336898026055,0.3641633744142043,0
0.4269293637103245,-1.243227783282841,0.9150189303591391,0.167929311761723,0
2.7118699888016904,0.4210286772309022,1.1016739012515746,0.5719996062520957,0
0.6274104279153457,-3.788468499517074,0.24390364754342342,0.05847847893688346,0
1.6881895144336805,3.8954618391011113,0.8205634457142388,0.8939946908044294,0
0.8412747325006641,-1.794761593137034,1.1742542794085467,0.9524736212597624,0
1.9011323394715736,1.409356049681186,0.6930060664795493,0.2952544633038333,0
2.3557178836422343,2.8134033865119745,0.4322422609514367,0.46190914451489423,0
2.813944364718678,2.6626536516121817,1.2498218361097004,1.326380307803631,0
1.8481032665363137,-1.7464180813951238,1.0083231551624112,0.660570651359863,0
0.11568568527730339,-0.2770151109978425,1.1102579865739277,1.2212361983530888,0
1.4244814822622827,1.8900937532105644,1.0150752054692662,0.863139438702597,0
1.5727425638665893,-0.404083439700063,0.36116925496556634,1.0820126432758952,0
1.918164167273996,0.8763753398662208,1.2571482990740934,0.623167107858883,0
0.8145940475419664,-0.8156529314149852,0.5955061964316904,0.8885206115576105,0
1.2480554790611043,0.9206380038228019,0.6691499239681954,0.8427437371444282,0
1.4529946738978505,-3.2309786979023736,1.470510537189368,1.3512929125675586,0
0.18064728097586158,-4.55520689776613,0.19861259913552698,1.2681590729779944,0
2.0932041635740335,4.929824207799209,0.4711905758028464,0.23208350745675466,0
0.5143707174732003,4.094105608593267,0.7217751135373436,0.6257988077440848,0
0.2860379923465016,4.928099886965974,0.5346359729918522,0.5779773423412093,0
0.6461149108197057,2.258571907785745,0.5056799999626496,0.47133842735440373,0
2.452349165902497,-0.21353793945539135,1.079508240076619,1.3503330367525415,0
2.559982486454608,2.5937643208342545,1.4761609197649626,0.1496936135884534,0
2.915945221176361,0.7347724857200628,0.2794958348451034,0.7978541003633762,0
1.9946786533000207,3.473635926943583,0.441216663418562,0.4528341401232715,0
0.05335162209347,-4.243657560831043,1.0943931525716692,1.3155802180217413,0
0.3243790139865046,-2.652237978325085,0.9202022247234303,0.8348436411485121,0
2.804461471354481,2.87355041180267,1.2392320402589285,1.430277820949935,0
2.293622251099251,-2.2661260381931205,1.1604500553727886,0.23309290935409455,0
1.8908478778488185,3.2928523176080517,0.5881375264700492,0.08528310766298591,0
0.606178575763884,-3.8429262554839374,1.3178157521722096,0.7469491497390277,0
2.2649994299754344,1.4622641169737483,1.1706539250909656,1.4392453255935458,0
0.5111133201882654,0.10224466441776858,1.4321672945866442,0.8598687445001106,0
1.5375013376908526,-3.6434594454904836,1.3774723143571308,0.4270080850696004,0
1.8953237602778725,1.0422005154532075,0.7019065056359124,0.4189497025917716,0
1.5621622309011176,4.132006349968627,0.5885323245534257,1.2794677115819895,0
2.23027165958542,-4.964264841690397,0.6632597667635014,0.6776107103515946,0
2.7695300252114037,4.348158828400978,0.3359477317221248,0.8889834388074976,0
2.1576650850026624,0.20605127452725913,0.7045251369523451,0.1867121016622294,0
0.36133744074224805,4.922034801504063,1.073561680240229,1.0211398436745922,0
2.8726567654490536,-1.2953600126622131,0.31655175137634123,1.0985147491018483,0
0.8724711635423738,-4.559827648913216,1.0489358076865725,1.4105396685168794,0
2.863840426659385,0.8239221340562262,0.3103712813935069,0.28840202454752634,0
1.3662869887128044,0.9893120056496425,0.7984343977582194,0.9843616316633783,0
1.4756749323000282,2.734688868274386,0.09009825487609002,1.1625270477632543,0
1.8723010088599636,-1.262011066059384,0.6948327065226627,1.0688782406459407,0
1.3890268439810298,-3.6875488864023076,1.417319324315629,0.18199643237370955,0
2.4682445990564585,-0.6033959105260491,1.234148663648646,0.5289564987713544,0
2.101160487043213,2.342721324146444,1.3480877213870222,0.5398301130545953,0
0.8316573079737805,-4.360514029416281,0.6660224295353373,0.366401753576662,0
0.8896043539982456,4.624756413045706,1.3137337956963655,0.6975863851195006,0
0.8729112070094736,-4.262049687045578,0.4810125424047373,0.5980207194936945,0
2.2184506703283358,3.5075914724683237,0.999550683588925,0.8656614853646176,0
0.4157091236542383,3.8701491589118504,0.3853773026239442,1.377971333832944,0
0.11651512213306525,2.9040021048188596,0.420877318665971,1.2011770930005863,0
1.765176715266528,-4.255288135677012,1.1751269486607232,1.1262888536304274,0
2.5225379422192953,1.6484370490815117,0.9787748406604054,0.42340706577279985,0
2.548716554089331,4.267935037403905,0.12174750775854054,1.0468564201164476,0
0.1639101095460156,4.22793239013626,0.05032168202397452,0.28773865114277547,0
2.9285562587059704,-0.5977305117203215,0.25902115860474106,0.1043733611306844,0
0.7443531901971727,4.251519718134004,1.3884706622022225,0.9544321510056655,0
0.3575905958259894,-4.41451342069405,1.4688360692791766,0.21799422037774935,0
1.6805760631938043,4.949977756831705,0.4694386976693026,1.2727637928543758,0
2.4271550648502,-3.4121233487430738,0.8637339892814109,0.1164152027886598,0
1.540623778045811,-3.484235452244672,1.4318019485686437,1.2117139577982394,0
2.9718188079251022,-2.0633981542485413,0.028505362921354527,1.155520315973211,0
1.1508988651968797,-2.216135076343566,0.9604250079201755,0.534399012000828,0
2.411252800895212,-4.987516139273217,1.4030632178596227,1.0046932526619328,0
1.4525059510435379,-1.242806355827005,0.7559460474322137,1.0477786971660126,0
2.386890339040746,-0.6002869904743058,0.838264967695673,0.0640802752146094,0
0.9259560545652368,0.9251732097483156,0.456998302465723,0.7597758989135472,0
0.88403210180765,4.675383531753447,1.0145670131934057,0.47294721848729504,0
1.2605359247514705,1.126210281543357,1.4529851924264379,0.6262149847688294,0
1.180819407248215,2.738439816398647,0.13573786699068563,0.6516646623539368,0
0.7532746328840099,0.37911151685912614,0.6888712151679168,1.1079056372565224,0
0.6142927971556983,2.795185780968657,1.0935652255277695,0.8348437902833441,0
2.3056059268156295,-4.804247582473915,0.5439888536046333,0.3250658470362584,0
2.4384222456105213,-2.6485878149206155,0.5984223347493955,1.4689936438555677,0
2.6781212844009237,1.6247620157948406,1.3802903470911008,0.6185670070525535,0
0.14521886042012,-1.352792957378571,1.4784109720296224,1.1384947237621663,0
2.7284469614789493,2.4180473029564986,0.6004406543293437,0.8064751859810042,0
0.5313537357379857,-3.01380930031671,0.1723826084724419,1.4016082606442803,0
0.269342383401612,-3.5946688924018866,1.187903651734159,0.46915548187846695,0
0.18010962876341208,0.9963457849254436,0.6249660198272537,0.3415263429945989,0
1.2840911227433347,1.051171645618866,0.04430335107928918,0.656218198534515,0
2.293433533568441,-2.7423409749815733,0.09165374511292684,1.2214994288016303,0
1.7161430774718691,-1.1837374229355446,1.2247920343154695,1.3367843826940136,0
1.0639684417892576,-2.9665928958800434,0.2563551174678822,0.5343925914652052,0
0.3509696293243919,3.8507875091199253,1.0430190637636483,0.8403099184681753,0
0.2508129223194592,-4.830303576207539,0.720143747526842,0.3940182401855394,0
1.9710603623671559,-2.9299060152838106,0.7844937730577354,0.6646329801396726,0
2.0662729117440737,-4.021676533835259,0.6284575470578593,1.4743470441152153,0
0.29858126918388395,3.8542040257565127,0.831405059181912,1.1686897018873021,0
1.4755022731710419,4.966024668341531,1.4178378372396376,0.7818866315279143,0
1.7349674500048744,-3.8414755269367253,1.0955093390123563,0.012134679084206124,0
0.6844366781627006,0.07418184829536045,0.9471774200327233,1.3072088276716487,0
0.690766879377463,0.6945057413902056,0.8899586712268265,0.8421301808538826,0
1.7813245462877005,4.1876362342066145,1.4892389625284448,1.4709193607869877,0
0.7067674548681396,0.4343099085430424,1.384104782284507,1.0225367646226473,0
1.4571940673357684,2.457613492083782,0.7184772817685577,0.9562942638008534,0
0.22534304284162177,-2.717624296304507,1.0119654553535766,0.7718246212825494,0
0.16538697204617003,-2.5212394545940873,0.7535474300858618,1.0365807115147516,0
2.0961094740247095,4.645081103558793,0.8704846716495305,1.3615034187654644,0
1.8311957239115069,2.554761760115425,0.15883938847525159,1.3093014542181853,0
0.002363293483645279,-3.6816770979546174,0.2493355634172441,1.2053135340164,0
2.488607639005929,4.777037354497217,0.8384054213838428,1.2750782044580706,0
0.207693043806792,1.737107697403749,1.2573432602821581,1.4043383510856806,0
1.259671122199716,3.992225291942141,0.625955761912586,0.0824910683660921,0
1.9507855600336041,-4.712315166776502,1.2324505970342523,0.2549958174980028,0
2.7167548991074817,-4.987281480596635,0.4768392801158524,1.0801801483721896,0
1.0167225588966242,3.38901992292125,0.9633062088351254,0.9321937159729057,0
2.70722569937331,3.763964088972557,0.8634756624160197,0.25655100385963797,0
1.6723475370142475,-0.4088440900677712,0.43560675268998084,0.34076154010416687,0
0.3428947880936767,1.6608564692409455,1.4206022875044784,1.4312517483068796,0
2.246979552542199,-0.5398201841947703,1.3363960934954957,1.499628462992873,0
1.1815255502899524,0.9391083777628682,1.1882723734640117,1.4083469897328604,0
1.3525423494310869,1.294337498703074,1.0937068726598154,0.3670362932956552,0
2.4655540227944943,3.9908836244102286,0.2207421678480903,1.1846270753524517,0
1.2094264037629108,-2.4844474880039935,0.844130677670899,1.2043936792277172,0
2.9764321677543313,-4.234125967362092,0.2111794758716244,0.33067561592422834,0
0.039663562248097195,3.102017868774414,1.4440678371297435,1.233274427583528,0
0.9001526848947766,-2.9383966045744603,0.4260970713225395,0.6593286084806422,0
0.224637828744214,0.9282429441109583,0.4139677486678188,0.9126364814748,0
1.4257044394406009,-1.1124118876289235,0.9205167606747913,1.3465153812842419,0
1.2417368552918135,3.998896153062505,1.1856211775560557,0.7598224852111566,0
2.7918852285416436,3.334278250755766,1.222816134671899,0.995818878734261,0
1.1750259307658544,1.2290417132325562,0.20280608120775134,0.03676926878287756,0
2.7604167040600025,-0.3013329927779651,0.2070842338246266,0.5881766531834802,0
0.8835028795813537,-3.174383486090541,1.018832075000346,1.1939739487909247,0
1.577800609065703,1.0134626014719696,1.3589208627940266,1.4859371379308925,0
0.10809917127647128,3.2951083483647405,0.2568326032915284,0.7506993672525378,0
1.8512839471256237,-2.271687095060991,0.12544024527029501,0.3258650658525313,0
2.915372664209398,-4.905941988945771,0.6998512588245069,1.2156733532913493,0
0.20539142866259186,3.712429877677323,0.7095161572992801,1.3721436936786744,0
1.9645475217371353,4.113114955936135,0.790899467422888,1.159103896189948,0
1.6426031402336414,1.122328679647234,1.2324499624221694,0.744420895288673,0
0.2727802680309509,-3.994458874880218,0.19769737924856584,0.5635090501217901,0
2.2476063629896883,0.055191540410014284,1.4751708897891112,1.0995330027998846,0
1.720638730682435,1.8597247961027072,0.9260853497307446,1.119839466130454,0
0.024275501035711744,-1.1046223689548826,1.1615582666394546,0.36908986561034735,0
1.70285135012717,-1.6185388606065274,1.0065849183883693,1.2134598746173404,0
2.505443670352834,0.9153636401949505,1.0988928197883494,1.4455948330850794,0
2.416063139807349,-1.807043566986295,1.4110997453116039,0.7493207658022458,1
0.6320566563813401,-2.614946387189808,0.18995565062972253,0.47335157419730733,0
1.7378767253807759,-4.974517430354009,0.623613205187133,0.5518993273562082,0
2.380970713185916,-3.437054560208458,0.765593341347607,0.5533651800442672,0
0.7882630849626758,-0.07503449523865413,1.3952414811933938,0.3836359258310704,0
0.011719294222771848,-0.4058474885775283,0.1840406324334098,1.1799452189964708,0
2.0118355533707275,3.4831339485123323,1.2196733067147165,0.6144043479025565,0
0.21998092724677965,-2.5670619040362674,1.1226653856004196,1.1809926162526578,0
1.6776210821909836,-2.603306300488458,1.1434215120576723,0.4013060493252167,0
1.9767051819948085,-1.171542307612751,0.8053943254340081,1.4435736869387552,0
2.222803696070502,-0.3551094978668381,1.0653871880154568,0.6141403347617806,0
1.2069604572618984,0.3158791908632672,0.961988706196945,0.429366269546984,0
0.8259819146139352,-1.6776381337130375,1.3249285850747634,0.8277321887318663,0
0.8809317371415517,-4.5153936653591344,0.7383660791987945,0.33176029565855647,0
0.5419325987156082,-4.181114381673353,0.6325345548944378,0.9444256134022926,0
2.4081728361716355,2.962499290500552,1.0890440741762835,0.862458987917659,0
1.7754546900846475,3.504845186043978,0.27033328099115184,0.19242933120070255,0
0.6037870172487907,-3.1283511553985397,0.4721632329989857,1.3453161404456033,0
0.9909997467279751,-4.47843439971086,0.19332426600749608,0.6121476544207642,0
2.6987893004933916,-1.9247640243495,1.1384639673006254,0.7925522765283425,0
2.2732151255384654,0.9091964764786029,0.1324137996553142,1.4527527705511643,0
2.2358347221458903,-1.1398144636755214,0.6752929744033784,1.479528568291416,0
0.4019608413543576,2.9118274799976662,1.4877187849390445,0.10514066976578068,0
2.181548038417346,2.970090895843615,1.3003231174893046,1.3128183008049248,0
2.8662323903322133,-2.274563065045018,0.07553656122999902,1.4996141616913117,0
2.0250657732162147,3.183986808229818,1.0842629491250833,0.13432679333538955,0
0.7349141888741866,-2.3860080748670534,0.6298574245543982,1.1878142455320542,0
2.7758407681644055,2.2238141131887943,1.0968068567524736,0.5276570578477068,0
2.565298696694207,2.9843607328913446,0.6522767231350242,1.027448255365309,0
0.3708161028237359,-1.2867180676106251,0.09052118750371069,0.19542309277630715,0
1.0574899128003798,4.19263898814984,1.3801140654346,0.5555486633426713,0
1.2106977792336078,0.06889836178740083,1.4247134924257638,0.6118072532761478,0
1.493280493665567,4.473426775772042,0.2807486657473237,0.08900156975715529,0
2.9479112956138276,3.1310498491278693,1.206425705102621,1.4992300243726924,0
1.6571544940751244,-0.9750911205753372,1.3332321053181027,0.03687281381789592,1
2.842968420276423,3.958400228498048,0.527845158329741,0.19681747971681912,0
1.8425921292671128,1.823730003487789,0.4975680265062056,0.20718141012997732,0
0.6727939443301673,-0.7704434329811001,0.3847370104087713,1.0402519755469433,0
2.156237414887398,-2.5640815654541305,0.4479373825566675,0.04842385359825113,0
2.0795773717935897,0.8297270379180883,0.18131718062499752,1.2358345265277955,0
1.5714466656885235,3.9176986366976703,1.3166011708518859,0.22598170900350667,0
1.7701900247765545,3.5059542191905972,0.47294700936652717,1.3859603497078483,0
1.844212034532637,-0.5738836594926697,0.24707509023895957,0.8822746214163268,0
1.2786151019768037,-3.864397565149779,1.1592568561671215,0.5906678787633447,0
0.17581618494255247,-0.9066967766198042,0.5573261339895706,1.341498557834848,0
1.8539625051661055,-0.923327076365716,0.24794253393063792,0.7086590186777451,0
2.587314505493668,0.006399964434208982,0.550623769507828,0.3548680090386762,0
0.8376870739556495,4.273941120590068,1.4953719413771933,1.3334832293220473,0
2.444542016214588,-1.2416485160350907,0.8747169623586479,1.0652598295245694,0
2.902570299625692,-1.88731655206524,0.7707885032627113,0.6992262755462266,0
2.9719231688129075,4.526464571243915,0.7952766587031826,1.046783580238773,0
0.20727346748143194,4.2809146356475605,0.4189754011979993,0.5401688137975463,0
0.1734489279342154,-1.3095758581774222,1.2426422055035196,0.676995811400013,0
2.9040966390667533,-1.0636220437191266,0.7231270248065407,1.402357679388066,0
2.491213546921499,2.0547594441592274,0.9676691428946382,0.8678434762865372,1
0.9657447054224029,-2.2764205594299702,1.4839610444156621,1.4851315433931829,0
2.68453909952819,1.0535039422983603,0.36931292497073664,0.69502107134009,0
1.9326541673017141,-4.096002583682212,1.4756750491259867,0.8068506955037509,0
0.0839749875472724,4.184540113530961,0.8236001689519872,0.574622061975969,0
1.0065819124983373,0.9450531765502133,0.18351985989158437,0.19078485845030957,0
2.319068625404509,-2.624031822876943,1.2406174788999715,0.16142334637848715,0
0.45309674379360754,-4.593078443554789,1.3687900442778111,0.6096176590218574,0
2.176574835211654,-3.726833181080802,0.5332909281222087,1.1200588009649664,0
1.9542867956772803,2.745498023381434,0.8553014752857973,0.9688159599573998,0
2.9376125801424737,-2.048435673746851,0.9031429098234602,0.13447060285452894,0
2.5704925013725406,0.969832074435347,1.3692336180594962,0.8967962700724215,0
1.3545697283354163,-2.200993693629154,0.5869225497230426,1.494061780973642,0
0.5940809366954759,-2.385057477537309,0.35762538651131087,1.292793699266646,0
1.6491862610592332,-1.4513907895213265,0.693594138978553,0.826364573169446,0
2.2500601242567644,-1.125941158834519,0.5987278935858298,0.32299232920984283,0
1.9871195568708373,4.24150088422264,0.26334973364020875,0.39239269435422824,0
1.2499580096919416,1.5796120499656006,0.6042060562492508,1.4822970886733717,0
1.0047432586682503,-1.96318467329617,0.9830218345046836,1.0149014691951195,0
0.33490275055404195,-2.298794885942325,0.8660677606157026,1.3191624977072653,0
0.113650341150907,-3.7336199062039754,0.14184817194737526,0.7396801898844585,0
2.0506963058336924,0.7385219761843835,0.23869854059017337,1.0695062878480386,0
1.7897300774849718,-2.3916055412827597,1.3808814848287816,0.6870639986705025,0
2.134279035205476,-3.3480547562308316,0.1471128647452662,0.5731674411888213,0
1.032861989387551,1.5941094326791303,0.8789561660656109,1.2807218895503891,0
2.535950326448056,-2.855775298839045,0.6683078520833075,0.06702513224938739,0
0.5695894117287325,-3.153737907590414,0.7273403338207775,1.317378702920519,0
2.5556217320231185,-3.515170391966933,1.0032838876791146,0.5294350244640535,0
1.3543692492064279,0.15627668148143758,1.1766364315879012,1.3218674614362056,0
2.5414426588155976,-2.8481568472257512,1.16083315578474,1.3729430909004852,0
1.2664657654433165,1.6263774132205757,1.4229278286280909,0.6553882750593549,0
0.6627255874688244,0.6573877130956243,1.2180382459932084,1.2880857136354091,0
2.719388248595432,4.168300526404968,0.37153950556120374,0.23047415276904887,0
2.549824264829753,4.197929019136179,0.869508500196268,1.2583740607193437,0
0.5802745316499728,2.4307232522928865,0.824145927891223,0.8203972171602159,0
0.007993783204956362,3.0964298773056758,0.2548858539525991,0.17853134527574616,0
1.571418668639611,-4.978081236597221,0.5120915414912361,1.0371933928644625,0
0.4335321755128293,2.8974954333060507,0.46115342758031075,1.0619103831894154,0
0.5076112674322756,-2.499394649333416,0.32787232910670516,0.6021263523479758,0
2.131322408783651,1.4128659062812527,0.2568386289681461,1.3566968773311743,0
1.963796303885611,-1.1230768328729726,1.3217124175917916,0.4788191001569088,0
1.1167916262865645,-2.800253659604026,0.4949325485496816,0.6669044802344102,0
0.6380469775391884,3.715801438681865,1.299484085913031,1.3343359463650786,0
2.406714230971086,-0.3450457638571569,0.5860720950057965,1.4610233540114166,0
0.28237445229926794,-4.023913458617846,1.477987391162718,1.4689220704805739,0
0.9163598436237171,-2.7840418292897864,1.0504522217402426,1.3314443723579663,0
2.5502712678603463,-2.0161994566223096,0.17075183756730883,0.23616190516136404,0
1.8606285386136119,2.0569891305640855,1.3038905462654573,0.44716566025104415,0
1.7104541987826192,-0.43920297057910584,0.4632174449691362,1.3196721768067095,0
1.974396239713804,1.8750723967785055,1.3382236149043467,0.9731487647535859,0
0.6232319040058831,0.2697639414252375,1.4981064077737223,0.724012264368865,0
1.821984360736425,-2.4095335095195844,0.36245550081526917,0.6647259018040539,0
2.175629434315545,-4.291000383794637,0.38903404305001826,0.21817836653804745,0
2.546294573366072,0.13698873790369603,0.49679881560198175,0.5353088771189606,0
0.6135733463135987,-0.509945817830233,1.2611549781818616,1.2525964044917886,0
1.2117441672096536,4.617098563749533,1.3898259565160573,1.0212356385161037,0
0.47236349418832035,4.675434728195205,0.44711742541486044,1.1334351887177423,0
0.9892222391704745,4.902868966567313,1.21292908964258,1.0845853126889833,0
2.639613785163424,-2.6510219293988637,0.6246133072087245,0.9263685410756102,0
1.8130998529629738,3.7368889722964322,0.6786169601239178,0.48220944915679287,0
0.6800069229174547,1.4997228215635774,0.774435666530065,0.42980511385844233,0
0.1563941999916435,-2.2734283771894703,0.3467015523520052,0.4533292059551973,0
1.3407980705549511,3.496984716714893,1.2439344109778945,1.431108585919786,0
0.49180367911318157,2.9077230795222553,1.1905218302109488,1.1120729766800161,0
0.7828284361329207,-3.3647887626692885,0.27014736475767137,1.4517502826725268,0
1.4933976607352983,-2.036264491820614,1.1605375408738512,1.0632622709231936,0
1.812604095876674,-2.5890724429148273,1.0490320769289454,1.2867339276327465,0
2.8044498682504164,3.3428838220536576,0.6824241209332178,1.2680304665691695,0
2.1263927623061303,-4.97926939856558,0.07743481274271169,0.283777179075176,0
2.61259288791494,4.375904310005264,1.0848784822406237,1.3111565496280866,0
1.8012747916962941,3.2248626786661436,1.1823517303874085,0.20710405371718194,0
2.7638565232182875,-4.203571080566672,1.0982461135555388,0.29563252234103865,0
0.36695824768798246,-3.776479722223165,0.7223361951703149,0.9190418743434591,0
2.2817720636702292,2.5060278820223907,1.025806313299815,0.5822757654882967,0
0.04469302131723307,2.338216286156019,0.7166975838138043,0.4611397968067339,0
0.7101670857666982,-2.6786649358180235,1.401294357633473,1.0728163675560274,0
2.583124347053079,-2.728695826364161,0.36605526330824906,0.07703350613894605,0
0.9460403835969728,3.6930500699501128,0.1988043345361138,0.7441919488852031,0
0.02929045408090558,-2.5692916085938955,0.9693420430171737,1.4527609439196199,0
2.809028352059661,3.6936722789807295,1.0547774710109887,0.6057155224611906,0
0.002540917985727087,-2.095903750494945,1.0014334422635405,0.36099556061963156,0
1.470682169145395,3.1705307588855547,0.4630258058095662,0.5582000384675287,0
0.43166088184393137,4.246190375410579,0.06869947435603974,0.512022357513032,0
0.0772646133512982,-3.837104223615828,0.7478504616555499,1.0279789635702234,0
0.7558584305610423,4.6967161733397305,0.8882125815749653,0.13760323534631386,0
2.727920954292816,2.336338969953391,0.04080592103891051,0.556026771784683,0
1.5394281325295849,-1.813438723288158,0.09489717485140231,0.2053354837425701,0
2.352392273349105,-0.3226135384553004,1.4468896779164169,0.17820694119450953,0
0.05863199669605024,1.790167041022933,1.3337436024329152,0.31080217356262746,0
0.0425426985499594,-1.3738156865912865,0.5876127610860045,0.5302752990568949,0
0.5326418395513908,2.3668485591066215,0.5630660234422744,1.385267772707294,0
1.7360348156204326,3.9796204836220035,0.656273158754259,1.0314733647716698,0
0.36253078021019636,-3.8667710090217664,0.9821813815213826,0.3475890831518487,0
1.6555228403495479,2.9611414588929064,0.10701470621060266,1.1241037589718088,0
1.6774887418978053,-1.7240428120361795,0.34369939205388533,0.5495325769810666,0
2.931943358812763,0.015543463428290494,0.7226201515075306,0.703750966909291,0
0.8441644845344395,-0.9698819987515597,0.6148378175639276,0.9768825446656053,0
1.4581225401065656,3.849566421708939,0.7760416379639139,0.7349967664963388,0
2.3952072882684177,-2.5977941908176194,1.2652271058019515,0.2701380724524992,0
1.910565100612385,-2.547709709781689,0.15956033383846135,0.34073669134661927,0
2.620000332734185,-0.724669015026306,1.0450631876762297,1.4811000459204773,0
1.9395313215692798,-0.0324344354864472,1.2234737743636794,0.5723467852946968,0
2.187788073753653,-2.4436246291506003,0.6041744657272322,0.4334650378463429,0
0.9480170846322687,-2.3495895740954142,0.8751604423818814,0.2784423129895776,0
1.2522230690300116,-0.12320663079399718,0.41378490071738383,0.792482393618166,0
0.4156912158384174,-4.3242623712004296,0.28313189095205027,1.0402149630260413,0
0.1179763554748452,0.3912180484695851,0.904026423577964,0.9250757956664515,0
1.081715561145947,0.022885327461733773,0.47519792708658004,0.7788664683332704,0
2.7779749705106065,3.1853457220558496,1.1142613655466227,1.159868679386898,0
2.1684635162726007,-0.16923241059581873,0.5275216559076619,1.1478835233038525,0
2.5568654029320834,-2.9526875752257773,0.15088244749614949,0.5583323886439788,0
1.0360854010008382,4.102146832175681,0.009744020714611112,0.9605585546630826,0
1.23475111184246,-4.42891827178264,0.4003868189027665,0.3899434201736329,0
1.5724138429526648,-4.4780659131871285,0.9525844183495081,1.4382147180820424,0
1.3423391938656954,3.432972069584654,0.47913564682395265,0.7529079429712335,0
1.4973204086871392,-0.02749171508536019,0.349985135290842,1.1452162447213157,0
0.34414445918232106,-2.4663602774568014,1.352950858627416,1.068627149565623,0
0.9370136145196893,2.0584857970160853,0.38665574044419954,0.07171279257602975,0
1.5499172163919468,4.709796835469236,1.2075090635577932,0.9225860210844665,0
2.572291064045003,-0.8822441681836928,1.420947105967747,0.2864634097212417,0
2.1950114682367987,-2.51901393733849,0.8974530306658339,1.0866578424414488,0
1.1241474026032834,-0.34932553556805335,0.6307253821468539,0.8739180669492141,0
0.06740509309117204,-0.3166851447750414,0.3140449849168383,0.20256726676676456,0
2.5131300606021103,2.7985155636582526,0.17829554679447185,0.9991785548210669,0
0.7301733573462393,4.9588760490144175,0.695546635698369,1.2948139337241138,0
2.835314681110244,4.38502360616417,0.6274323236441022,0.2832657030740164,0
0.16291032647935066,-1.7287151408581702,1.1040496388718852,0.5390645057460368,0
0.8155123657275427,-3.388401127553202,1.1978548324680967,1.4886034418048344,0
1.5746049670037854,-1.7376064162158666,1.100833711130698,1.3697126652982865,0
2.0357990915608344,3.274963355977647,0.3921881005177825,0.6855453124129489,0
1.5777230335425274,-1.167440728960857,0.7541693673985321,0.9088158871245934,0
1.028394084988027,0.9059065949793466,1.3498204286554196,0.746462349135196,0
1.7245561153651923,3.2712334732307156,0.48126533435278135,0.8147049925641353,0
2.3134762195996736,3.658837385282803,1.4455281494988594,1.3227387753358055,0
1.6840335539548859,2.9530117075310303,0.13329588558464806,0.11682431498885315,0
2.0874482038396174,-0.49147600595047525,0.9853503809095996,1.2256685110701162,0
2.925019991641272,2.892288630443808,1.244457784278255,0.7320121218107714,0
0.29051739705928614,1.1165071436494909,0.6905234065584411,0.27282610001351204,0
2.5070829393292184,-1.4158047512908167,0.5451023806235985,0.24639227696477883,0
0.008045820018879879,1.1031641255453506,1.0429878942827777,0.5264134019230708,0
0.06421303048958926,0.8803107583443426,1.2745977857486384,1.0535632295722894,0
0.4293881366265071,-4.70691222973909,0.8384073443571332,0.08013215776889826,0
1.7119020081032819,-0.9031218784211061,0.6792200664669747,0.348966941710753,0
0.2337947064474929,1.9913881857238955,1.2157973549635983,1.1045714980560382,0
2.703217843898497,-1.5462438167694872,0.2684632457015655,0.08465287013794681,0
2.563802791470771,2.0733305454911406,0.9615055614917605,0.8425623471888515,0
0.8024389425882533,-2.684794524842128,1.1611772764540191,1.1919583776762108,0
0.7145349541906938,4.519792485584901,0.5097278413687826,1.3670236460778888,0
1.6986287451459945,-0.8024315900989603,1.0705072967574318,0.4811768011525769,0
1.9455381985135323,2.9191490523209405,0.63078904973742,0.7325167481511236,0
0.7291512027493707,0.19084250331115182,0.6156198376944176,1.0542093436701065,0
0.05558524895596295,-2.7277293266719846,0.6331855538777151,0.3291445734142175,0
1.7542713580507483,1.880385674866595,0.33532772084652546,0.5796806336859841,0
0.8305639022723195,0.7243790329432844,0.859041359300644,0.9790714184985575,0
0.9789613307186777,-3.835594722337532,1.181690550992017,0.9665376910744253,0
2.188189229642485,-4.404986201613681,0.4049599832484821,0.303261209272045,0
0.6957039159763102,4.180574463158335,0.7553484673715893,1.2433455473373303,0
0.5766404053630761,-3.9793994659686183,0.7620427387582824,1.4576948199899988,0
0.4995124708804932,1.507989201233353,1.361304633599687,0.7143249437607019,0
0.616764817019515,-0.3041347605291733,0.32836041917277553,0.9554300647318811,0
0.45117332376938346,4.7321861734110815,1.462793836048884,1.3088531912931385,0
0.4588104220289313,3.5558400105695203,1.3950359667340084,1.097519388813151,0
1.2491420386492746,-3.1278543945266426,1.3794487082917422,0.4432399628285765,0
2.5225579566620002,-4.328537625895553,0.3498484826717196,0.27242236794304275,0
0.910716538187264,-1.3364714738849583,0.03832707932226631,0.7289641247312635,0
0.9517654672239414,3.273209446983481,0.8839401012344128,1.4777590482679852,0
1.3973907892384592,-1.979359288307557,0.035447462204971636,0.4481814512571867,0
1.044027804323384,0.2783237382934587,0.13119636227730497,1.1954091428915692,0
0.5100202012444527,0.21891347183280807,0.25203341380196853,1.179899388146858,0
1.8163658472148527,4.8147612039497645,1.3594220771681353,1.4909237988280317,0
1.0876888269041007,1.3560936548820015,1.1782768695481178,1.2999611889916864,0
0.23136078181342423,-3.0629043542394507,1.2380471302286682,0.6649573195191505,0
1.6528614948498976,1.6710809054615128,1.3382401099681611,0.5251125055759023,0
0.006079882232937095,3.9308597294649843,0.6187892079205264,0.28634237255371603,0
2.416722946787983,2.99247034657588,0.17064707265424373,1.0199506520878647,0
1.1236206089355143,1.0683321057524067,0.9009089567934434,1.0005471448704815,0
1.2218926031855017,1.754803196074402,0.04391811700580939,0.5144709418589469,0
2.490713954229154,-2.210159663554405,0.16097077343061345,0.7417341530880628,0
0.7250809678818966,-4.14566557168972,1.2787163230947938,0.7470353815051813,0
2.73275108088505,-2.8209700408639113,1.4483729561754417,1.4359742162524718,0
2.655725779909118,-4.174596282977962,1.222535232444344,1.1866947856511847,0
1.3709001826924463,4.774647244185342,1.04386507944431,0.44861371589903876,0
0.36418477347731515,0.3094977002146413,0.11331866252213835,1.3165445238073752,0
0.441902257080628,-2.423552199106199,1.0863239970485938,0.4065880976301253,0
0.6585851475600502,-0.987366601718608,1.2633924153400045,0.814517172168709,0
0.005620465442283562,2.5596266585620606,1.1543647782760804,0.06977071577877103,0
2.833773823109932,-2.810478700516933,0.7867519464270938,1.2147990670451438,0
1.7945487381802805,0.3790628373980107,0.048643725117647585,0.6295723748690629,0
1.260332745907268,3.400775710944936,0.20126974179843282,1.4012824733934433,0
2.2635234219350893,-0.41193340602000994,1.3124476577494049,0.6720018130821761,0
0.6547351740911626,3.3955887925795896,0.8304743548719264,1.382562230715458,0
2.372049133965956,0.8542817967270508,1.2366774947926868,0.1587458807577627,0
1.831178025720297,-2.0572767193375485,1.405688157331591,0.985446251636267,0
1.4662325146487238,0.6450405166264686,1.2160133029575368,0.2993807099585217,0
2.169559099823232,2.7218850596746327,0.1772908841233779,0.22665236994353544,0
0.6550319634959322,0.5870227754886628,0.5449258273221882,0.9622763698784575,0
2.909709147814933,-0.10253933698872153,0.3511368962724431,0.8905642899516757,0
1.0297658981927351,2.166589777260546,0.2746518365362175,0.6499216953443088,0
2.7861396644705807,-2.2758659203481857,1.2020241795090914,0.4424717345163847,0
0.00806009027101584,4.5798055790711505,0.7403045541655667,1.4032470646714708,0
2.7259446309349116,1.7763795291848314,0.3200899690829374,1.4457716998106447,0
2.988601944482939,-0.18329013932378047,1.257348913524358,0.3306750762688608,0
1.8420262704888883,1.3383791863285346,1.1817866338438936,0.6619473563736759,0
1.907568163929428,1.334033267699395,0.7944626911166554,0.8255368041247791,0
1.7348964969595877,-1.9950934120490595,0.7099609959976508,1.183543368926647,0
1.355189870204661,-3.8016185995055385,0.9186330563994245,0.21716815127718203,0
0.732697739797145,-2.301953396904305,0.279423526981534,0.3316971792476381,0
1.2817107704647195,0.28860611138735415,0.6141910746096768,1.060385570818026,0
0.5480531548528016,2.018913293276629,1.2274615434350935,0.12926814337759174,0
1.4383846473157975,1.6876522059085453,0.6490894458468646,0.6344914615405817,0
2.702953916847997,4.482494921199077,0.9241758230279948,0.45306165351971994,0
1.8195437352600718,-3.2530532028640815,0.005433219215008334,1.3518399696944432,0
1.2781892756553157,1.1803297795602905,1.3068189189203443,0.5530354400370365,0
1.4034900269566288,1.6033534511623468,1.3306913310148256,0.10086331403101922,0
1.6022462001335165,-3.807584596227238,0.09043632236868682,0.6342980067424214,0
2.1653736184315333,2.086561796999126,1.4743504110659669,0.7420430463367433,0
0.04226190312168232,1.6680592751224825,0.7016579480240156,1.2411662301773272,0
0.18216167392605276,-3.1657700686364763,1.3837285779559325,0.62500238188176,0
2.9139350249987497,-2.350000062284759,0.014278358060260787,1.4594957640915958,0
1.7115305948114097,-3.4479829624111122,1.153858921933479,1.1299721390970272,0
0.6607015988270406,3.8235115914468114,0.1277570337424091,1.4659999740160425,0
0.8058217040423262,-4.543652358581022,0.2279491853199881,0.6528977603564472,0
1.5197103640394165,0.49059921305549103,0.8137186019542686,0.5069458477322528,0
1.492498818979414,0.7332160994368353,0.9323775338732453,1.3385171285804285,0
0.3662348463934644,-0.1490190044200954,0.053897623787783566,1.0664008910066824,0
1.5656456466839397,2.1054663623417182,0.2453661679487959,0.32881202324400516,0
1.1514307714733474,-4.72756578118796,0.6065286274303205,0.6459062471003767,0
2.085891618440729,4.8440805654450845,1.0242991291978332,0.9129923933166746,0
0.8762663213787966,0.742968943420915,0.486769026497545,0.8864871433981768,0
0.38021070426480164,4.788349990051477,1.4826008535411341,0.7032202727210214,0
0.8336624123918588,0.45447966992883426,0.17790617630987526,0.4680445251546227,0
0.5079779233727824,-3.630738881438633,0.7174060917989507,0.8059471922124339,0
1.971353956461651,0.13320937483209505,0.13410409727768052,0.43248866950187875,0
2.9694178256589328,-2.4889476824451027,0.5678112222527274,0.3385792192783146,0
1.7313232060903572,-4.060052212729161,0.8655287715148776,1.1897797314425782,0
1.5316410708568458,-0.25281816919634625,1.0449446763726904,1.250956113137002,0
2.9096290722837224,1.6115302220545393,0.5806705240936605,1.4276793851775047,0
1.1812139091453244,3.898802100760385,1.2228333026064209,0.627282133575273,0
2.2062731921368433,-4.026210456952512,1.4555557749545849,0.5651729850428753,0
2.465671443341922,-3.7258740589390515,1.0828496739976672,1.334503783798862,0
2.1229746769967073,-0.0599677264309495,0.4382137850543384,1.0404108806413155,0
1.6084688362934552,-4.351943501181395,0.5991816920576689,0.9692620178891029,0
2.474569265900602,4.200661164583504,0.4284820449004085,0.8333251521305143,0
2.0239699177527894,-3.8820806083198756,1.1574002400523675,0.47128355069322403,0
0.15621207049878427,2.452917106180541,0.42360161350450865,1.1161209777719443,0
1.8673386557623712,-1.5525023107027582,0.6379336464069418,0.62948756418687,0
1.5276915476872859,-3.34245583074659,0.6402886288900986,0.12322479517595952,0
1.0150403020533587,-3.570307747194322,0.44160668676217213,0.27165203022959167,0
0.571437869426516,4.817977096149223,0.9882081326916097,0.11483032582871788,0
0.9508321100598343,2.867666378747842,0.35147410132633944,1.326750267939445,0
1.840025791746531,-2.3645371082111755,0.7986170281869711,0.7321203612811595,0
2.262561818707073,2.671411119205816,1.0276611030956617,0.7648728191744631,0
2.2532099203053284,2.27804748964134,0.7590070720981672,0.7066899328403284,0
1.7220858918197994,-0.6250676569898488,1.336022544925029,0.10897830924228369,0
2.0858750274972966,4.888907953180542,0.8233641066160791,0.9977634861844982,0
1.1826020088378626,4.3725758148669485,1.3534208387552669,1.3517480058940656,0
1.6908586454825394,-4.406830644476342,1.112448720703514,1.1149203104103464,0
0.8824292580956007,3.9253610949826836,1.1552250484676374,0.20966780050827893,0
1.5134848625486277,-4.478800821049738,1.1857986926066713,0.37726477406227515,0
0.15085777012410018,2.8003226309520413,0.37987471372013215,1.309639485678065,0
2.0767430042989936,-1.932611921770687,0.7157380110090492,0.49196162307218716,0
1.3213516397605112,-4.6002868160746075,0.6579597074744284,1.4175034810101343,0
0.24890444780047483,-2.453639697011527,1.0512937807925242,0.8986449202661797,0
0.8956091431198249,-3.658739895754196,1.3993304877829387,0.03738823070203201,0
1.1933105846694803,1.5689624522658683,0.040495216590184124,0.34700314639738905,0
0.3946961031426227,3.0543607956249463,0.2209688939250305,0.09546838243342692,0
2.54022174981118,1.458379371461092,1.2036751104509555,1.0483525856412286,0
0.8057536308665426,-1.0419564377545933,1.1705161579832015,0.584128155596723,0
1.8405068262413653,2.537135276127512,0.8200470532945583,1.1649324069867326,0
1.7624601958169106,4.648387352771808,0.4712087232886993,0.9957129700380115,0
2.1763504467871297,-3.8090730518104965,0.973494941753923,0.8894424008709547,0
1.2810613740615242,4.831566327737464,0.4442152908915963,0.6368759021582148,0
2.1517116586336016,-4.664378012681628,0.9777521695648813,0.7660906033906766,0
0.7494680487713529,-0.41084039324959143,1.0165954728707727,0.15310007628877992,0
2.7469589183823553,-1.4949258588091086,0.8530241558836982,0.19826126868758737,0
1.8779279995289537,-2.948093544955687,0.48739642401441396,0.5375796459652671,0
1.517037768647922,-0.915654964050372,0.4248750672737614,0.12244588193906991,0
2.912073131686892,1.547676391597114,0.6366179231099072,0.3616597698259029,0
0.055619830003787896,-3.404430963044849,1.189830237236916,0.9427100718549262,0
1.4949468472507474,-4.91122549836752,1.3000460167660735,0.7593853817461464,0
0.799030792520098,-3.748022742307753,0.8452957340848064,1.0428272614749041,0
2.0833019821650463,-2.6102995995062237,0.8379753395788427,0.043615874314061276,0
2.6232449112450027,0.3088328080770193,1.4925364129474983,1.405171596260995,0
2.1727912896541843,2.769129665473363,0.8960526136146447,1.2116063472434915,0
0.6414155331821568,4.147882203335753,1.2180332250874153,1.4448814755012005,0
1.3211122547428036,0.9638326012225997,0.726959609435915,1.4404641275553827,0
1.3634925530674686,-3.663764803668237,0.5474970022340792,0.31753303360924334,0
2.8879899439192203,-3.0931352046590357,1.0162717667292887,0.3774699332110465,0
0.48793129658561296,3.5143838874516184,0.8306546753899651,0.13766264041509196,0
0.49313429583048385,-4.4250838993835995,0.23576205320846882,0.5066061822803551,0
2.0435064186440832,-1.0840826068115952,0.28585579549771256,0.017034845485144445,0
1.050335782634492,3.8020092452843386,1.4411648322321926,0.7358916620660909,0
1.8307562135977775,-3.9052926221305686,1.0749548501100699,0.5418608946047003,0
0.19784570575989935,3.041158475287533,0.1731060760754337,1.0896938307932618,0
0.20152161348033826,-4.138436051692247,0.7512081946302014,0.9525760953678479,0
1.26240350720812,-4.932010799774892,1.400825357532689,0.35971542813412577,0
1.1689887452843943,4.440519591700403,1.2965997520325445,0.07968228833368779,0
1.2288996553528138,0.028069078609233244,0.8172112913526698,0.10827118837969019,0
1.5215829965104555,1.8434274787890192,0.41470275970259124,0.17227090595374217,0
1.1186306316726418,4.158712486005017,0.6538479950062686,0.6704416346838313,0
0.021624814390728497,-1.1600185160925411,1.2451098259774882,0.9647022578861354,0
1.1862223333948099,1.4972940713136698,0.9315205937667217,0.019461799198904117,0
2.9262121423762166,1.2922187979732112,1.3096030486852994,0.896662264379282,0
1.2929699981906575,-4.512342721522204,0.2723633453243158,0.2313083872404615,0
0.5417658787497603,0.6526676938285032,0.5425045459359708,0.8427436202445772,0
2.881022611465178,4.348626641554956,0.720102578453258,0.941571519588384,0
0.9662734497225443,-0.2189733217787957,0.5702749688369805,0.6355670690134201,0
2.0031951785508655,-3.392799168582583,1.4433064531542867,0.15060023967578878,0
2.32584459837295,4.701500746994419,0.1915861367163207,0.8957369280482927,0
0.3768354062793209,-0.38756024207810125,1.4153116702300796,0.7730448248317912,0
1.837410466637928,0.9850040470978536,0.730859206275964,0.6038341710971104,0
1.0722096907026608,1.2193016058146213,1.2020282812713192,0.8548268943825232,0
2.1322524051789125,2.718820626086538,1.0083891778157845,1.2787485068421849,0
1.0060803851033993,4.575448312732025,0.3591103573083046,1.3429195472031332,0
2.199095675294993,2.4715160215937875,1.4545499908265818,0.33704295883830365,0
2.7403441931244217,1.3737299659280469,0.7118534950571564,0.7852900805125956,0
1.9529305186189263,4.5316598136894175,1.005062368890394,1.0774350733920828,0
2.229970029758749,-2.2045928402672823,0.8561422470966358,1.4429995922839913,0
0.3156301839705299,-2.4613117762346723,1.0680498164244097,0.14880739223269907,0
2.7202324288241417,-3.8496083439303996,0.9648485872066721,1.2029580182148278,0
2.835894482329488,2.8303896553416683,1.23504111517179,0.5533000699812893,0
2.9851096874036553,-0.19186706346547755,0.028904150832192443,0.6260020902634131,0
0.24070439436933755,-4.200378271303133,1.3403516497652974,0.6833755886685807,0
0.4876417111071105,1.8825589692768387,0.7287784214039781,0.012005174385111395,0
2.186855090528345,1.9145789775742745,1.2232056488081697,0.2957056602581223,0
2.420421437350041,4.1794042311301265,0.569378525437538,1.371095477372225,0
0.5183089887032812,-4.846378456130754,1.1200372921322235,1.0335390565128155,0
0.7245712989717591,4.325763861543143,0.42380832669970403,0.3038887869794311,0
0.7347081812193993,-3.993751467739768,0.9366509306066801,0.6312617069616966,0
1.4489657397000686,3.9931045821597646,1.4651598052075672,1.0611543252817466,0
2.773812373226091,4.95426798326816,0.6041477504210463,0.14107381784601125,0
1.3605889688842132,-3.4461571611152464,1.2104008017856025,0.11087546461321701,0
0.19114025248623379,-2.6854123394440066,0.43288128364343753,1.490652849809177,0
2.104960389980721,2.791839647669855,0.1082667287184822,0.24745431662088196,0
1.3184043717060072,3.832913313354739,1.057322748782793,1.2638516018819277,0
1.544146163581077,4.876853473323731,1.1112035617611231,1.478900431373407,0
0.699754186153959,0.06669249814605127,1.0954644363447077,0.911579936093057,0
1.7866660620222223,-0.029616578392969828,0.4199017297196041,0.6981480213727471,0
1.0796744368190998,-1.1373935886530608,0.7492503174174168,0.4102170646621025,0
0.5386984353294012,4.1369448345770365,0.5680326477225611,0.5694267987621398,0
0.8958145002279516,3.4273730945431673,0.07096141172760723,0.7717921370459471,0
1.2325393221744094,1.622086344767622,1.1515171484562032,0.0163772704701326,0
2.926726558163999,0.3370597291057642,0.5536834490541223,1.1423209839468034,0
2.2554654679102812,1.1300204634608155,0.09619269264025243,1.1017140753884336,0
0.46798749126259787,0.7765993836602565,0.449100994485013,1.463062024263794,0
2.505431357706986,-0.2344637013536861,0.13839382310179382,0.32446600916921003,0
2.7326279097530324,-0.9375895030933492,0.6249391402908598,0.7589105449418991,0
1.6035083742303324,4.705582668170315,0.27627973448899906,0.4931175647450769,0
0.7801238474568779,0.22565300688493117,0.06783712763715621,0.6028286259304771,0
2.4929830132189124,4.3068739008461865,1.3985964595668436,0.3553369345244622,0
1.2272223358191638,3.427006490001922,1.009433726979618,0.8823043964835326,0
2.398600516732294,4.60692454540842,1.012685991247883,0.33919897631164986,0
1.4740570016129992,-1.6487393471389868,0.6706436661080211,0.2094945294141028,0
1.007140309190436,4.6848503209126875,0.21766828427921453,0.8098040215584259,0
2.068597386042695,0.2734447936001043,1.4447073198427998,0.2367923617001238,0
2.408331076248171,-3.4199304650644824,0.902703305102168,0.9972748311421482,0
0.7406951542068959,3.2574533902913885,0.31400989983633293,0.25247961516188666,0
1.81561729698101,0.2318532932023345,1.25326171136965,1.4732539205606523,0
1.3416140290900147,-4.4369095548388815,0.30426423876220826,0.9564987159799573,0
0.7745357737654159,-4.168512198866059,0.6097803588589532,0.694521393553837,0
2.130025699119669,-1.5567661625312121,0.16794253849114787,1.4370750052816617,1
2.36757577225828,-2.4622148820776015,0.4243381869194373,0.45478639311873315,0
2.0674016740271166,2.360926684784017,0.45770151903010375,0.9402450503077737,0
2.876572025489425,-0.31226594054612455,0.6932224195766614,1.0253954019455513,0
1.6077455193825463,-1.5854620744877312,0.6995088280392763,0.634192343840748,0
2.1724707099952374,0.3809925366876552,0.00044206591178602705,0.1847877261966253,0
2.293903963470006,1.928395933044671,1.0581802025380378,0.8743078389796013,0
0.17701827501418343,-4.471767241343317,0.3136309224830246,0.07391948728257364,0
1.414255625510227,-1.4282938322862728,1.4087668227413561,0.2184587682023108,0
1.178161060292469,-0.9658774472253437,0.6680295064807382,1.029475468236988,0
1.0300181597258264,4.089882903438372,0.5465945181591967,0.6223329887507678,0
2.9213455857623227,0.9499357358727654,0.5918248187659029,1.3169192788519917,0
1.921091095713959,-3.505006295434355,0.46224922815875114,0.5542408392873335,0
0.14158110618415853,-4.856477146199807,0.765929393805477,1.13301893077326,0
2.058950742101475,0.5473547637331064,0.11861409844968929,1.2188727338070409,0
2.4592706227614505,-4.74626499003474,0.2582140191467127,1.035301929781377,0
0.6880572492177146,0.7059159069750001,0.2914153425601752,0.5876100562102761,0
2.3806092719217977,-0.380773555998247,0.6246263494177875,0.5724754615147081,0
2.208317133315465,-0.6657158971832535,0.5858978331628024,0.5995272581742841,0
1.3349325002285535,-2.8565458018389966,1.1230424893348618,0.830050754096137,0
1.5440787903328923,4.74814359130329,0.6838671093304763,0.11807770642747595,0
0.9382401107697226,2.250374334017814,0.15911551703515542,0.7837881109978599,0
0.8926880102847107,1.518028054813172,0.38279256844682613,0.9558079504328097,0
2.631239609024315,0.25172484318851573,0.3145427645881107,1.205620446194204,0
1.3455316760857476,1.2650373942415527,0.2644121840684297,1.4933432126493145,0
0.21620219640164307,0.5464824739132652,0.2396417538413007,1.4947724164435439,0
0.15895053540354132,-3.9672863698188077,0.40614170988375325,0.4658036067748366,0
0.6126560186542701,-0.0031824690796131705,0.5362285136418095,1.4981494104303332,0
2.0495482151566327,-0.14786153866016694,1.0098851216496305,1.4967637802650462,0
1.8280032710770162,1.8973327942981104,1.4252922426876504,0.41198974834798296,0
1.3445292310346355,-0.7807531821908809,0.2595725159095634,1.2071885625364185,0
2.6233163525544736,1.5143454039792754,1.2051028735669074,0.23906559248070058,0
1.5041169858391967,-1.8585851276180323,0.8002857396060408,0.5137613066329639,0
1.467350919306524,4.094171084118452,0.22447559471173695,0.3114437655302609,0
1.9184749623503297,-4.560594036922295,0.7732328576641205,1.4039652606113433,0
1.22802451170348,0.8119401749105819,1.4019976510179237,1.2574443729059095,0
1.6451246479289487,-3.9846682640610895,1.3141007580094062,1.271647896717503,0
0.2483539231756936,2.0051997923319576,0.3615322627929157,0.34294670974518143,0
1.5696367131876334,-1.6387839153409556,1.4795967868322946,1.2199575855164988,0
1.0925566216490412,3.004709877702412,1.2395996908081455,0.18306168862419386,0
1.2053160341083542,-4.166990175922624,0.04211389080963973,1.4931236587742853,0
2.8550999164704547,-0.18182894466294197,1.0419514079692296,1.1922924568124893,0
2.381669316010182,-2.7489077424789468,0.5092799679571337,0.44069757256055464,0
2.104281429766505,-2.0069953982072297,1.454652247079739,1.3902311847089455,0
2.1420273722581005,0.799334050531721,1.4621959748784126,1.2009555993269032,0
1.5487579129658482,-0.3104018293738662,1.0386995035422912,0.4906116175242702,0
0.5342024024234053,-1.205167189276172,0.30089267224055727,0.9841010504663503,0
0.9566098602712054,1.3947098879544972,0.7460770096003932,0.1997445065882978,0
1.6974837445402295,-3.5353056567224495,0.15647610311613902,1.0102868815369324,0
1.6349210105728162,4.321929556960216,0.9230072881087338,0.3750677166999341,0
1.443006398721876,-4.417316823150131,0.7979573388023059,0.08836625427046169,0
2.443576860533941,-0.8367472108514633,0.9626791870694156,1.3142896317272017,0
0.8006698699141211,3.5938984791849844,1.4197341906743925,1.0344305108996719,0
0.2649949330658645,3.7806465293593554,1.4818192297291932,1.2654777402448611,0
1.6754947738072135,0.9275173898360434,1.1443238639229452,1.3306557059383155,0
0.7407220346049873,-2.132550227842499,0.8661735844109775,0.44496111110591113,0
2.1741526911402698,1.5005736719578806,0.10153963547591599,1.3981579476638792,0
2.729939530459379,2.5422164289413356,0.5017461357280395,0.9358102969288193,0
2.291972486866485,3.119781915559992,1.1130106258417753,0.06843940316069125,0
2.659651531833744,-1.7407186214313342,1.233991357439062,0.7404331017066064,0
0.505890465229627,-4.3408511352229056,0.6150563241166609,0.3897671322981034,0
2.5964316570296075,-2.6862468260108696,1.287395682415648,1.4471182018500404,0
0.6477653904371383,2.781891670427039,0.24888459431323512,0.7563267164451358,0
1.6503077923852298,4.315565737223713,0.1507713849397529,0.17109164177989944,0
2.1322936825149648,4.538456743213072,0.6896005463709736,1.262610679791676,0
0.29041519609357613,-0.6732785431904489,0.9353897096393415,1.4165840924751203,0
1.7238677543005287,-4.665274972870689,0.844186729998136,0.9736193067026936,0
1.5692067879927318,4.112746651138654,0.38684477346765495,0.5906564352745867,0
2.103074543871031,0.2321476682565402,1.0199348582059753,0.7692964744499751,0
0.059589101154416735,-2.3213917331747425,0.8634009102810689,1.2956805239162859,0
2.9276496260763487,1.3718892052647345,1.2326907783719079,1.444082795144757,0
1.9035030325695563,4.387059173575768,0.029501720335944948,0.9143556535472546,0
1.1879636649396845,-2.6449703970112672,0.33915525804356983,1.2020731698274119,0
2.435730992566155,1.620073823799232,0.3258551118600235,0.8903524556570283,0
1.972170486306951,-3.4366278157911747,1.1175779117624463,0.3568806565858457,0
0.5087422563851323,-1.5577680448833906,1.1245601587170686,1.2248694077356244,0
1.139304798235163,2.5562323239404403,1.3014793312168687,0.04349483150517525,0
0.4190907727571004,-1.164444604454479,1.1128443797997791,0.23220966202245968,0
1.2807920966784723,-4.290418870787631,0.28421321000064736,0.23405349034869127,0
1.2789234900634616,2.338592476818194,1.3731292274862084,1.3081913889236314,0
1.183306250554757,4.570676401001194,1.4006912729825152,0.8424981341146719,0
0.034963817420080257,-4.877074528355422,0.32018126227258453,0.48680353745999727,0
0.009626160115391191,-4.0919457886594905,1.4396150295320131,0.5957037788263411,0
1.9412722126026383,-3.5903212106793325,0.9682678412217807,1.417325514724855,0
0.758188556945232,-3.1978321020202536,1.1719245310853237,0.43873131469847126,0
0.13174928642130068,0.3206215031937649,1.0696332093220122,0.7929844917722835,0
1.4897927273067708,-3.8173952987710944,1.266728923877178,0.8123621588300975,0
1.9880668090108955,-4.117480781803188,0.6334303277054915,0.828149234086861,0
1.3176496988047535,-1.3399802526889726,1.461495513369303,1.3186951983347315,0
1.2957463338915993,1.8033071120405166,0.6669683235505881,0.43569081685503586,0
0.712347460414859,-3.325027189380628,0.2246906346870784,0.5946711759739869,0
2.7268756133354812,2.0131564685944365,1.2541423905631328,0.47115304122568735,0
1.0557726769988238,3.3894072927497785,0.45922445402819545,0.6598751582821795,0
0.9474068291002362,-2.8691860462230254,0.3253658779706141,1.140246351961941,0
1.1249206510264942,-3.3341516682355445,0.870071683331251,1.1328146892508018,0
0.06756545012465787,-1.3218954329992272,0.9890871484671827,1.1509728460905695,0
2.669665771366994,-3.531324381207516,1.2252586377591248,0.9929584545157728,0
1.7353112323439466,2.644276716269979,1.2451428394735984,1.1880720291298692,0
2.415233189469263,3.1818112889543446,0.8410662178020423,0.43053559863688184,0
2.407284548042403,4.823947003542743,0.47363904527356415,0.5348730511212949,0
2.4043908133781926,-0.2617416271095605,0.6105487936284587,0.8564245524437604,0
1.123088053203813,-1.0322960402637635,1.0231128739736675,0.1314211181160732,0
2.837884270241755,-2.5394051461795906,1.277838856798196,1.3814826196337344,0
0.6685135928504086,-4.315425510931197,0.10212796682689457,0.17876291081306894,0
1.1104487319166325,-4.709327321477449,0.0024373981416870305,0.9647913428954793,0
0.215354377377576,-4.0161174452032755,0.11975231184890128,0.38556779900920335,0
1.22152728286311,-0.7843384430216007,1.2562561698829355,1.4618874544422358,0
2.086740673870878,-2.1999062761580013,0.9375023080743901,0.12544792339408628,0
2.4116181851541327,-1.3665883175249527,1.2539598854504748,0.9625948018030224,0
0.5331720319441217,0.4373351714235909,0.27105772558831703,0.03034753675950208,0
0.8627844021145973,2.25029310967387,1.0931582799082484,1.0264748487001574,0
2.8529798210382262,-4.109709428842163,0.49824032040818167,0.8966468323552219,0
0.9935446802213749,-1.1011022132249582,0.21177019806571612,0.6683896957547939,0
0.14121566269713903,-2.4401803487660336,1.0312820624029198,1.4883262696923332,0
0.8791737628643906,-2.283565353479614,0.8734421785474091,0.2933342151455721,0
1.5930264879282827,-0.28678106538005643,1.260973422802464,0.5303223244435358,0
1.1342346823039846,-0.5205303167797144,0.3963705581243014,1.1445332356948263,0
1.5090578714548801,4.018820046299762,1.4875737118894494,1.3081324371700536,0
1.4036777587610723,-4.0967945174654306,1.0059515512178554,0.6841738228197716,0
2.6676446230075,-0.5232997487975943,1.2756304733382955,1.0670664807356063,0
0.8206438029353548,4.04776614006601,0.05796724579546314,1.3174520729334074,0
2.9351260622894535,2.8447436518717666,1.272758284942431,0.6108072555657119,0
0.16704450923378322,-2.0798203657874637,0.9944203148941829,0.06068505436585886,0
1.432958922425354,1.1038199885188416,1.0215663363034329,0.40788079969721386,0
0.6743225651795183,1.0055659428991461,0.7909178665851329,0.47397602151397233,0
2.4864520980201243,-4.734195815269309,1.4362805541017951,1.1280328281389258,0
0.23233851726292454,-3.2342035101684443,0.8350638080292379,1.3340943639853455,0
1.8523434530338923,3.060676934673145,0.956218059652068,1.1821378130994034,0
2.9327332363900873,-2.625109965188442,1.0588182734110818,1.4666563709199327,0
0.5850971216190612,0.19440222496610104,0.9045130227852971,0.8554731037742933,0
1.0273623669505718,4.505093060123148,0.2830858540531767,0.7881465563810968,0
2.7632023302643796,-4.038826987129437,0.8147840444322669,0.9138179474455334,0
2.5321548184511733,3.102244949092917,0.936885429113186,0.26012711775628233,0
2.1354231571565068,-4.238679897501089,0.2780427559871583,0.4692822883091475,0
2.2571854403013187,3.1884570233907716,0.4169534203390953,0.4756209022842304,0
1.971731981761403,-2.043370092037927,1.2986205139145999,0.3001743493209055,0
1.4953361248214452,-0.09849985187552956,1.3956493374347212,0.1952828342435775,0
0.8000009128173479,0.491617430326448,0.20300248606461563,0.8591729554355012,0
0.9659056980939495,4.382933537140051,1.0145222171994552,0.6227102458995468,0
0.2985091185552806,1.800362215515782,1.2374889469943129,1.3182306663172298,0
1.104657806158758,2.6420371198445203,0.8515837587997497,1.3604026439129329,0
0.2860511730370453,-0.0049950285718836085,0.29913017571785666,0.016301230330229233,0
2.778248482729253,-4.0984724790079055,0.18707665919206862,1.1212209398291295,0
0.790766853020541,3.7579349326615556,0.8829746383606685,0.5474246255389147,0
1.7139977027723527,-1.3767024994780863,1.2080235193196258,0.8030470630730078,0
0.7126515629226121,-2.1268886103933013,0.6046059796471698,1.1997860858918656,0
1.9726371559021745,1.3660045490843542,0.11925088189507416,0.6015963632904286,0
2.2319535072240395,-2.2882523398269914,0.32865141109533935,1.431095848707786,0
0.4155785870197882,3.165919454445044,0.7373683405546048,0.03808968693462411,0
1.7370359004136815,-2.2946091830908557,1.3308525336345403,1.1252067793826326,0
0.7302114941947155,2.8886766996119952,0.429630602536982,1.4077674999331922,0
0.6206139899124061,1.7905389130821998,0.5722684675165748,0.7040578693658617,0
1.2187377142262128,1.4150704972492614,1.3999960167480288,0.07615706249486787,0
2.900698069444339,-1.1786788461158726,0.7322862665419638,0.8473831396201613,0
1.280682006498618,-0.21422703565099876,0.6758654453312595,0.7421340381286775,0
0.6479557938906182,4.479476021821441,0.33256492125460574,0.8381081567592334,0
1.9177420108516912,4.155985867209498,0.0064250233131297185,0.6333616714258063,0
2.9997052875809427,-2.310963236376433,0.2983160247854499,0.2592763139009546,0
2.395470411841846,-2.6164757865485933,0.8319043161859951,0.7337108646712787,0
1.1680326221058979,-0.18684634109883014,1.2574555271917935,0.84092543984102,0
0.1907727876076215,3.034665245704291,1.0327992128273595,0.28924075635343927,0
0.3676157565837722,4.224289488034202,0.46351013023850063,0.7707692676501574,0
1.990894339457912,-0.5841150688663728,0.8066415048502681,1.1479352987500913,0
1.5554743801828075,-2.221475055011861,0.1412023343534583,0.03009195266835646,0
1.2493793504488262,-0.4758084115063834,1.2192382966354929,1.0723787313300237,0
1.9367387962198839,-0.47232674275855224,0.28140205143249986,0.7691850711182759,0
1.0929056777359656,4.130121328512253,0.8975120929085194,0.549804520835131,0
0.9744544582917407,-4.7838718998430965,0.09136275793461035,1.2936377437078947,0
0.20344687666526873,-0.6480735701993732,1.008643997786948,0.6360093592073899,0
1.5758264616452586,-2.9063435737426113,0.8471356691227254,1.1110987068038995,0
0.57753054820576,3.9105694080861966,0.8249503529855684,0.8266226061427129,0
1.4496672029992717,0.4338995545625588,0.28476079521020603,1.2086035790085132,0
1.1125817063184524,1.0569700446182235,0.17152364816783539,1.3151353901698206,0
2.0754132454733725,2.2084351537387468,0.03383080641158981,0.944880058113541,0
0.3102743861093483,4.058993561299861,0.6182570744903093,1.491005765828267,0
0.8394997051589925,-2.861572020716067,0.9554776688430927,0.6375627826046915,0
0.0675916825966022,-0.657283454404106,0.9260820984457072,0.532872689694186,0
2.822050653112874,-3.373044505978023,0.8588659549140092,0.4071633392945141,0
0.6446296985637479,2.555451296948127,0.7812852530751676,1.1802975404111091,0
2.0367033031814126,-1.4936448499371724,0.11102914741213665,0.09800039913372527,0
2.5291709459282745,0.3292007295694983,0.14685892419839242,0.2213644897675957,0
2.563502550583098,4.136319663848187,0.5181246446257777,1.0053473691966364,0
2.819625876197816,1.2313457237515069,0.27495467795041073,1.3867626793178096,0
1.5475059895140881,2.0157506738831046,1.0539930201811205,1.1127515475554963,0
2.520114243909134,1.9953104462319216,0.506366686213426,0.480212086425481,0
2.1207248674656194,0.0932800074138811,0.3599562118830098,1.4528884962385127,0
1.7446119152598218,4.942321893485701,0.7511966400382935,0.38440159283275016,0
0.10835449183738377,-1.5358205856369245,0.2671080968475192,0.29747125313363737,0
2.7789831962144778,1.876032158932592,1.4337762512065697,0.7708708145584,0
1.1292416182975993,3.941123508562102,1.0796646752020875,0.1729525714909293,0
0.3050801977915757,3.844660432208004,0.7755677992336696,0.12016930826074118,0
0.7621064707849472,-4.088308729663323,0.620167848471509,0.10643805947393253,0
2.011579764321625,4.442615584871227,1.3908072968823124,0.2915529756804491,0
2.2157501458351696,-1.177237522941954,0.7322102053025965,0.056042951149500864,0
2.0044702872118143,-2.873584614653586,1.2091042286101237,0.20044567149447506,0
1.2644434043089001,0.8666849827451539,0.07325186567872627,0.9259916423116954,0
1.250661308805613,2.9728174808023873,0.7971877160991079,1.224765054679653,0
0.6432503534039076,-2.0100056961055532,0.9021139552337225,1.4212990617789512,0
0.13673558344948888,0.6416221274645606,0.6980706325393247,0.5494255228373952,0
0.9708544894616931,2.8914767479333134,0.6288076586221174,1.2558524646028948,0
2.793642287347656,-4.539418114457786,0.2523801873842948,0.8402902582879354,0
1.596697301668623,-2.2889335592817117,0.7812626687334174,0.5676873292448983,0
2.658396011165195,0.6733280768873708,0.700960327597322,1.039633734681371,0
2.5749441177384282,0.9082989268288868,0.675593977393069,0.7446285734826129,0
1.1515318346109162,0.32150412444309673,0.38722864272809016,0.8007554499790664,0
0.6747422855354948,-1.271273727742832,0.24061974943310688,0.9483928449359902,0
2.084195314061181,-0.33538558798131923,0.16419158060902267,0.3441469463563496,0
1.6707170418755386,-1.9405256194369658,0.3625621950048853,0.7192241933205912,0
0.5957632249765376,1.6660176107175264,0.8948964849227691,0.7988202506398656,0
1.5606666779064624,2.4791071120493076,0.9832289342484248,0.818688541785175,0
2.481209285047353,3.6727355205324645,1.4850687621371983,0.9799549001252901,0
0.612316827845805,-1.956167060757882,0.47064471072096636,1.4918419318117448,0
2.7340859232567967,0.11196935917011963,0.20938705982765476,0.5120952200454194,0
2.686275567385874,1.2206487192807804,0.048752889151986445,0.44664462175860353,0
0.5714384610903246,-0.8804091366466436,1.3361310796037404,1.4362637328070929,0
1.9774004009498736,-0.5226595695169012,0.30484572383795344,1.2261034968793019,0
1.6570027270192564,0.8033676578459854,1.0402361064330252,1.0576373178647789,0
2.72192097468806,-4.055050513210303,0.10417735648675441,1.26878112737183,0
2.9727906632709025,0.339069634077692,1.1472745210833342,1.1615150786457178,0
0.39917096305527566,-1.332855161197346,0.654689827917583,1.310391366625165,0
0.5363705646444785,2.373719246570727,1.3996221118097723,1.294248857983051,0
0.31421862980945514,4.174365985746613,0.9566721933107845,0.0787318815071969,0
0.6459515706208862,3.9263589733439392,0.42924751470002853,0.1753453942115364,0
2.903849980902038,0.30747007262253323,1.2646671487739338,0.7918914920824752,0
0.28314950217059975,1.8425674048942264,0.07336922618051805,1.1198789094293375,0
1.7882661807097953,4.94259184866184,0.5467072508210966,1.0861766994404602,0
2.115276854624377,1.436685941828654,0.5845767899849847,0.9286247064199932,0
1.5189838060209313,4.524517165808401,0.9933914941502989,0.4016561304334426,0
0.034217503716130415,1.840717048725292,0.1878266589300761,1.1987751789303467,0
1.3185827781593877,-2.835000326441539,0.36398099635427916,0.18824613698808307,0
1.7431970246907376,-2.6350937515739403,1.1424453266284416,1.2798152381497947,0
2.4620052222366122,-3.913683731834473,0.5341607275955151,0.4073355340614401,0
2.2686402674381743,-2.6803118211940715,1.4465010729636587,0.5740808733867175,0
2.407089521297524,3.553485866499944,1.3886938844422625,0.4249126513612015,0
1.3954716353645074,-2.7469912201960947,0.093038240662081,1.353281854812032,0
1.5260322744754982,-1.3490352938142802,1.2341370066345032,0.024426865112584017,0
1.546905755159886,2.4286048276969394,1.047965745281943,0.4519499046059019,0
1.8394923443006426,4.269758930388733,0.5333600466155404,0.5039762766903686,0
1.8318235166102779,-1.1361605566959754,0.6807585323482361,1.1911652651887088,0
2.149131607304594,0.9071605313189091,0.08310083405280266,1.1446006829890578,0
0.8275639672684163,3.547097512639157,0.09328159029518612,0.7521032598761974,0
2.3315171685917244,-0.627592848010357,0.17960815360456756,0.9911173059242566,0
1.5577843749225924,-3.8572899809745884,0.9635091890440252,1.4054326677597655,0
0.48624395691746936,3.898412769530509,1.401833099940357,1.1775603627071403,0
2.993792596434962,0.5863514474323503,0.7262227004661311,0.019335267964503022,0
2.0724357611495785,-1.2727904154663081,0.6997883028739018,0.8738979979703839,0
0.28774457948892096,-0.6754846208959906,0.11772397697561066,1.232466633717927,0
2.3576194703680073,-0.44488713803019486,0.33275315377239506,0.14935321184348088,0
0.15430251784254378,-1.0931031655145071,0.0666691306558343,0.037322083957149865,0
2.425444822005434,-1.3712325650697412,0.9287146298320856,0.5077093717667305,0
2.4224813606687445,2.162307359962117,0.1348159096348162,0.42551314042293037,0
1.8423224720919829,-4.452520856571224,0.46011963204935014,1.1452216317276958,0
1.8601860037660645,-0.14291757415447215,1.3825822683685176,0.17726598841500274,0
0.23567099753884302,1.8664331684966324,0.940807261952763,1.0657991815691137,0
1.517782104782146,-0.1334610819046027,1.0258365239930272,0.6776618319539425,0
0.014789763616065876,0.02033702266204429,1.49235179630541,0.13383111579591928,0
1.8779922378895726,-0.1930867599850501,0.04081475813989133,1.3205404777019518,0
0.44501867085693647,4.655795467496073,1.4804423766745471,0.881956594335338,0
2.3695569583291523,-1.15816602528077,0.057002572047122,1.41148944672684,0
2.332107061976108,3.6734005332982758,0.6308378859633483,1.3354430323372213,0
1.5098618911673802,-2.144751130459049,0.701154962827834,0.48719215955612183,0
2.346905537073237,3.8834764005116185,0.08635396149449809,1.3430360427857888,0
1.9359698739833766,1.029455611603499,0.4706985536286574,1.0009958181851508,0
0.34676917434575494,0.6633369428907878,0.11528361356694233,1.4000103894964173,0
0.6522059863530647,2.650641057097234,0.7040581458697884,1.472488958202102,0
2.105913462891635,0.6704667296130795,0.3579259285196982,0.8032733349633958,0
0.6400030172464728,-1.5178281207514832,0.9418470228837406,0.07658704732750365,0
2.043191584674085,2.07768284084393,0.9591589969180802,0.15739005665260836,0
2.0157323682514208,0.7038479990794064,1.206346495425581,0.19063077321902983,0
0.6798451417554617,3.1564810829350165,0.4441289244301847,0.04634393134339232,0
0.21415650327925184,4.033767327305323,0.16632978846962215,0.7628050378575737,0
2.1522797098839828,3.286645602467553,0.46043229975891875,0.5862928658688353,0
0.4650460307420238,-0.5335472816342293,1.3165697796841382,0.43884393663445714,0
2.010331934823083,0.06689422471028905,0.07112197838074802,1.365248827192286,0
0.9850014494165892,-0.0022989110436109073,1.2872433316537397,1.0819240778278707,0
2.00581766213673,-2.123794271599916,0.5490114800181678,0.8272231364745807,0
0.80906887143524,0.739198951654827,0.0940221761256726,0.2181384277831615,0
2.9867225853559107,2.1091669077050845,0.5700287618915665,1.2537354150694586,0
1.1130589682047556,3.0473016121174954,0.04430488526190779,1.0547636056935454,0
0.8842561356318644,-0.3320715115722459,1.2641572416607307,0.882378865817176,0
2.4896823825787817,-2.5462285026075837,0.6071238433469703,0.710556852093136,0
2.4767452915636285,-0.41301650702588333,1.2062238984788478,1.0695719687683813,0
1.6721401970367014,2.4257174304942444,1.2706757945839655,1.2523766690762446,0
2.5195381455128434,0.26001508153536523,0.2729962808608964,0.13358695758072253,0
1.4686549091517722,4.691243962368411,0.41611486553540245,0.9510020648063122,0
0.749647949439527,1.6452025659162786,0.22969065098221092,0.8881388603860029,0
2.2117999687220724,0.647928360343486,0.9813763851325813,1.089999936087597,0
0.719477385350064,3.513123370897766,0.8035291364404987,0.934221778726753,0
2.001200822127771,-4.065822987932949,1.3441458762956615,1.3434513802239962,0
0.12541603124230283,4.006696504948563,0.966698717390506,1.411572320027718,0
1.2524642090198448,-3.0944142858669843,0.3641713432308051,1.2009207649959275,0
0.514142662851393,-4.231058110183881,0.26646863725398273,0.6476781874908115,0
2.5357802140740766,4.23526351210746,1.1491578926379846,0.913322385754246,0
2.8619977996721806,-0.2970826642081139,1.3500446908727533,1.3797468056956932,0
0.0971404404249584,-3.547740320049224,0.7686404059791976,0.865185298140312,0
1.3377656877703452,-4.291254978176518,0.33443737473888574,0.2791389841889046,0
2.651823584352899,0.9036094422863981,1.342230726121952,0.5097654885134273,0
0.005092159735146429,3.0097533545938244,0.4553669505158123,1.4068277726785454,0
0.08852629860308847,4.8154167795883325,1.4253222609708889,0.12321567173595671,0
1.4181530760545193,-1.0330145158569826,0.9093639949978112,0.17592070554689082,1
2.5775729853300238,-3.0793145544211353,1.1877368057548603,0.37572069866146407,0
0.20485170503481076,-1.6049292624714617,0.44756082357234506,0.23853639350425992,0
1.2512428994861908,4.494360779819269,0.8891683154236564,1.325426109468745,0
1.683371327628694,-3.6676844240628528,0.3836692916116034,0.05630765244211294,0
2.051969772584833,2.1898019017086936,1.496752822529567,0.381778398462528,0
1.9680981597483518,1.279586933358087,1.1701203346502922,1.3102989413717054,0
2.3781435955853265,-1.1871448862715273,1.3092964854663431,1.0378615762189665,0
1.995171194199827,-3.123324015326072,0.6255632306496453,0.4466032395667821,0
2.5207857713651873,-1.3889396324230385,0.5154733013288368,1.2731349173158988,0
1.4223239345422394,2.407778667080537,0.010127734341996708,1.0037408393159561,0
1.5848199293638299,0.46907534018017394,1.0269924435156945,0.0540293088808918,0
0.6633730573630228,-3.0381749932673374,1.1767866337180937,0.6951646316457902,0
2.601052920834694,4.25204069138622,0.5795094917879124,1.0619986415641045,0
0.8300038270297843,-1.240210711011608,0.45445128703030807,0.16168217827020376,0
2.594871639338739,1.1232966344140003,0.5996064806488728,1.3717135628579338,0
0.7723523066680041,1.8054168920037679,1.3552213273674647,0.0789427388766134,0
2.0077666691655187,2.804626177025157,1.0023900742865723,0.6176637821507776,0
0.44651606591359894,0.8269849797861104,0.018351105170478943,0.13728049532473913,0
0.812681000186437,3.871585277039207,1.0352740651084131,0.8546568503643919,0
1.1207804878482341,1.101765710504,0.20475885414837725,0.2144756319875618,0
1.5556772978474855,2.0263762069985205,1.2142655769715176,0.7712481449868619,0
1.8726493599958305,-2.705631282859712,0.9735742957250955,1.3514328058431815,0
1.3197222457461697,3.883802619206893,0.560781098126236,0.9294601513965689,0
1.294233888420778,-0.23471713748503298,0.24780854543557984,0.3421293506655781,0
2.5725048537373185,1.9561094057745105,0.976519675272707,0.49226585036239967,0
0.14609477416951056,3.1868239893773236,0.814584538955232,0.2610970668401429,0
0.4841132942765769,-0.7999238659772034,1.2365317945197032,0.8145622704362879,0
2.135427427366322,-3.619892107767053,1.29648886473701,0.6880688899109396,0
0.5689337440075442,1.2385847327282224,0.3413007182976524,0.4613314014493439,0
1.0678510966106443,1.8119015669276433,0.5710820239474508,0.527873176317817,0
1.9759320285850688,3.16192576748878,0.4631095935133367,0.02351242070145826,0
1.4372174863700673,-1.1443569366590234,0.48744317729790865,1.247410796263913,0
0.14711350898882336,0.8754053388964973,0.3924244876926767,0.5270112740663604,0
0.11168625239814078,-1.0592981415768898,0.5681493975591121,0.4005463926811902,0
2.904185736425654,1.0811348459436747,0.8493428756093973,1.3199103635792668,0
0.7324706754894068,-1.3367141390610793,0.7238713532769414,0.4903254005591633,0
2.812749977473057,-0.5433945281449635,0.1049415214087302,0.6166214967273644,0
2.463627107469039,3.9169979455616613,0.8008111629127482,0.13499533946108166,0
2.4252344215728376,3.1877330694391617,0.1407206796929742,1.2752855011851185,0
1.2952560713220889,-1.7234133793725128,0.8613817463938341,0.679669188832003,0
2.0065667855496234,-0.7995793461956495,0.4900736607906559,0.5008209123422895,0
0.022658946134101687,-4.758655086804274,0.019825899725017637,0.028084086501552752,0
2.98063357364764,-2.4749679931082067,0.8863096933647202,0.9650304085799674,0
1.8095973979740134,2.846790616644811,0.7756645697968692,0.3573319165569984,0
0.46238798199796716,1.6909953823066068,0.2423528799439974,1.1928900780451488,0
2.1884705082086184,2.251564665511969,1.0038720510462766,0.7370420566621934,0
2.959463655682179,-2.4979190403198395,0.4630575923277919,1.1279271335116123,0
1.4465359048514022,1.2830854282375075,0.519806360539804,0.97557107679073,0
2.565106251814811,3.225097437921363,0.690980718609063,1.246029105089213,0
1.2390330201070834,0.12886104468299564,0.310261150357479,1.441694542811876,0
2.931484231127389,-0.16188962428698161,1.245177640850921,0.5682536847827286,0
1.4686365334571598,0.6603860934672188,1.0896699050709915,0.5060084043865366,0
2.339368186118898,1.5538583663306493,0.2876780633935909,0.042012462891467706,0
0.5663404673447531,-1.9760480053161555,1.472196779908808,1.4593670003414119,0
0.47943993237208316,0.7597530789753737,0.6276502705581095,0.9360237237786074,0
2.146498982242926,-1.2723646065076508,0.92228259880125,0.7766784526347783,0
1.9196355693298852,-2.096830866061162,0.24753003175208438,1.1508868877558083,0
0.6894444700211941,-3.6543360258689237,1.0416501798586943,1.2822652286701386,0
2.273339917427332,-1.2384056783867061,0.3361533880076039,0.3345742835554661,0
0.0030069637400609306,0.3476785629394872,0.8008435698240945,0.6131378842300468,0
2.726126938419894,4.171289633277283,0.025040126150432107,0.3012332067163886,0
2.9256240225562964,-2.785624393461028,1.1083485340391368,0.7844834896006935,0
2.040825518460502,2.384878620534759,0.4194711400697287,0.9498594114440229,0
2.7899951365690008,2.006751932096801,0.35322141065291235,1.0066673655330123,0
1.2046194278488955,-2.0854210433602405,0.09677834874229563,0.3509069952198009,0
0.4297758117301602,2.296203984018687,1.4286276681435655,1.1452208198412361,0
0.5313584352981334,2.856744379171932,0.5827954763607892,0.8357172073541028,0
0.9975217917985021,-0.7077278591489744,1.3356538046046023,1.2216902124965552,0
2.917960189026219,0.9622865166748724,0.3174036661943924,0.2929203930899784,0
2.3484616433128647,-1.9179579428971327,1.1395389028361318,1.4820957869995575,0
1.3244787425131443,-0.8178976059395033,1.4417684256787844,0.7244364118170157,0
2.797485059615149,2.6255895042143083,0.2706100198220762,1.3072297412763711,0
1.4617576006091415,1.5475679039741985,0.40240543553604974,0.4857707044186643,0
0.556146432217388,0.3950102415698229,0.8980677782800865,0.9711043065532873,0
2.417090162019236,-3.7283499362844807,1.4368730674118424,0.9936266627742798,0
0.2821841651570024,0.488990680762031,0.9381960284439329,1.269600789042683,0
0.08507261810071498,-1.6107702003059021,0.486186407610682,0.3263832774424768,0
2.0254920066843995,4.099527650514986,0.0853087616693553,0.5653660337571595,0
2.1106856691544316,4.9719413111773605,0.41780245486475076,0.9753352798163366,0
1.425669716053422,2.9729389831127637,0.9905204793493022,0.4266952664997377,0
2.1481181354450167,-0.7301676075332448,0.1415558883899885,1.4414930880793346,0
2.4461518433673666,-2.0245774129826852,1.2930585871580944,0.8983001047255248,0
0.15472823591363316,-0.4402309643511746,0.8094040740040872,0.8047612670404373,0
0.9179545735154069,3.946667429974376,0.4230856630521446,1.0961259182144536,0
2.154848797789174,-3.295920977425558,1.0339178741301605,0.553076619729632,0
1.9727729408627566,-1.3944158441317125,0.9175369840604314,1.0949057655157568,0
1.3892969003038158,4.4611517299205445,0.6338437962574544,0.854524028519613,0
1.1353330424275905,-2.515126892683387,0.5945509691291861,0.5218066461325406,0
0.9459036070549761,-0.6236580711413477,1.423352735505153,0.7174090100890255,0
0.5181916211740525,-4.906557087402145,0.606158645948804,0.5469443251484198,0
0.19796712398379346,3.6390602714238476,0.6156249517138939,0.05596097998369959,0
1.3351624453590325,-4.665557030013323,0.1299701153719946,1.4728487821354252,0
2.8460478562268614,3.5223067484474377,1.0223416157139293,0.05166222347457,0
2.449891701923901,-2.72426563011141,0.9583344197689492,1.0986459395215662,0
0.5222723199964049,-4.909741635619679,1.1781980827909562,1.2954712501802474,0
0.8071888020551666,-2.8644220838492163,0.47144896219679483,0.5719878922187474,0
1.5915417996171577,-0.26464624614167676,0.17138483308348773,0.18642317272787584,0
2.2455657980687427,-2.643430633115119,1.1626646334350261,0.7406080087846929,0
2.7488267999165847,-1.5749331303844647,0.3240709336382511,0.84950840022161,0
1.7265759989671545,-4.759880338356053,0.423376352490431,0.1781737331059272,0
0.930873085205423,-2.8720492439297542,1.3286361341484154,1.2622714142486369,0
1.8285665696810338,-4.788606444444729,0.7659501317499412,0.4332083385073014,0
2.6485521641171896,-4.34524808698333,0.7889574208130707,0.2737353262507308,0
2.404805927733175,-1.858338175471351,0.20569988050141064,0.9361652696985201,0
0.245730369780902,3.9621348950038673,0.973484096886138,0.06939070636404521,0
0.42536229699491046,4.950289527563836,1.0968911537318622,0.40118436021304726,0
1.9880529132212381,1.4171307491738583,0.586911168527072,0.6917795166602319,0
1.4297728072055889,4.441881169407999,1.0118007761570642,0.762933965251352,0
0.3113935194559343,1.2822069930657687,1.3648502121822543,0.09704491661084036,0
0.2147357828293862,2.470198827599564,0.7918710762603218,0.8547202671738765,0
2.706101701475818,3.072664063227638,1.0575887607670162,0.7317872777017501,0
2.6623405564336355,0.3902766490295644,0.1296324478821997,0.05652035917663384,0
0.20260283661669087,-2.174574406436439,0.5372327746148648,0.4304581819164822,0
1.8572508558037097,4.355392417312466,0.6989186015320132,1.017520736389872,0
1.0936253813183605,-2.2255383605897783,0.64610272648453,0.692082210645402,0
2.2165565750411242,1.911516828483915,0.8234612701774219,1.1157265615572707,0
2.54934727184784,2.259239367962941,0.37721980492934076,0.3280306741714524,0
2.807383753896133,-1.5396738814313116,0.31304264799821513,1.1633497775325434,0
2.949986564029812,1.2727078990414062,0.04042658258408349,1.1487793358702774,0
2.300662645156773,-3.9369267716299197,0.46154875441549026,0.3024560776419227,0
1.590843713526268,-3.438861730400631,0.7178187042161719,0.389181033671567,0
0.8112992293390165,-2.7558741902439623,0.12081403958647108,0.7410040180594097,0
0.08311115866829888,-3.286807439779156,0.8751053293597867,1.4188803969912884,0
2.6512534583308267,0.9910996917930888,0.2698390316747817,1.2094528572887209,0
2.769403306737677,4.439108783074708,1.294360098978276,1.3849553380624964,0
2.91448800968299,-0.4693846881869401,0.987081592131616,0.6871768176160022,0
1.9803762696178384,-2.021448224937079,1.1901430018101482,1.0485508662180103,0
0.7692218728364296,-0.4440286113532901,0.7763712323180701,1.2215561842381977,0
1.9948373138766855,0.8740002483131661,0.43890063849521815,1.42719069740817,0
2.5414903497803145,1.7536481506446666,0.2292834627965351,0.578518105858939,0
2.757740416521463,-0.025898341914007084,0.07572772061377275,1.0761375407887526,0
1.5146450335295985,-3.851323826739189,1.4626186181043557,0.6833934548527336,0
0.20778567046186702,-3.2156141732510903,1.4793921944148107,0.3588242702047872,0
0.44834652795014696,1.348838130771199,0.9665815678926781,1.1184769673761483,0
1.5376106532062284,0.09945852500830554,1.3154227066962667,0.26180566758867435,0
0.46716380348409126,-0.7316771237742428,1.323586102801702,0.16952537626953934,0
1.3757699396772303,-0.8019099949949107,0.8545131430667845,0.39552048199917295,0
0.129479645782835,-4.075401178985443,0.778507378458718,1.1565157126985897,0
0.5967967467545702,-3.134490339748839,1.3722530694391792,0.7186318974676262,0
1.229531182252622,-1.0159576602840072,1.079136947023907,0.7789102436637125,0
0.9000756712160823,2.37300817180547,0.9127032544737934,0.3957164312733247,0
1.9746695214473817,3.472697660749514,0.7644371954273839,1.0408255666432695,0
2.9472467967031033,-0.08229462779744434,0.34655176791442815,1.4156443709805,0
2.668513058505388,2.0733546609353475,0.8086637571633071,0.9117103320694359,0
1.8917838257087505,-0.03891535280077374,0.18350887248687597,0.4843907785506247,0
2.300920450818664,0.8537262317898229,0.578969766286324,0.6852672661454555,0
1.8822776593668558,3.6843745236517123,0.18378071322299327,0.7736510058539849,0
2.395186525310751,4.915909235791869,0.4448756931419185,0.7336878251554269,0
0.03920050728113644,-0.04986716438786054,0.7427657342600409,0.5717395227816774,0
0.8313093457193271,0.03537863382296447,0.7150916832092301,0.04101778339006101,0
0.11053867197018263,4.1850311869605346,0.7778910823888769,0.9663743216803649,0
2.9130667814564895,1.2783549108765735,0.3576442472001899,0.3267204012215303,0
0.20176533400730134,-0.23984663728323774,1.3385588096692782,0.8403565158252387,0
2.6605743504592683,-2.473524650250547,0.8994745796046032,0.2665113839601009,1
0.758816217132028,2.978272714088633,0.08379571850349876,0.4126667791720593,0
2.7641354621751164,-4.85874803192492,0.09478686678518355,0.6083342292978038,0
0.9777413374566356,-3.575274266986187,0.326594579840875,0.9497868950561079,0
1.7017392520085837,-3.3618046909020283,0.6289092088983459,1.0062204328488908,0
0.2801576323459124,2.8064661289094603,0.03168029465830563,0.2047771970275743,0
0.8737101713174853,0.032267641453405105,1.446463716601856,0.08990412290452138,0
2.0459857480848433,3.2796496415469285,0.21075446456530522,0.0018977513692237102,0
0.13404886338540778,1.114486379564804,0.40955999660506126,0.6026274416975589,0
1.1730757022586797,0.4252084597720813,1.234431104489311,0.9345353102670413,0
2.783195596124151,3.2265222039866295,0.2166473529670701,0.39499858272099964,0
1.715182466431552,-1.888926013821358,0.8842020948353827,1.2850342154083658,0
0.09541182305658791,-2.1164888680336045,0.8466307305296001,1.070339293951989,0
0.7012027621448735,-4.673268788881401,0.09873977279727608,0.13985518966540317,0
2.770484865045896,-1.754194086135791,0.9775101633344958,0.042041426959535,0
2.5997257277106653,0.7929698323342107,1.353860322100662,0.9031197783361884,0
0.30339508277084803,-1.2417512926610472,0.14548785262945202,0.8747783468239734,0
2.4531465150199954,-2.885555136379838,0.7987110731470942,1.1508511518497748,0
0.3713481906451088,-4.965956374757442,1.2618563308715856,1.389369416764226,0
2.585447810725864,4.65424568213826,1.0509250670745238,1.460783556689241,0
